user_id,movie_id,rating,timestamp
1,31,4.0,1273558723
1,267,4.5,1279052334
1,11,5.0,1323580327
1,156,4.0,1369382613
1,26,4.5,1385748142
1,157,3.0,1388916862
1,106,5.0,1403062516
1,43,3.5,1498295689
1,27,3.0,1538450462
1,25,3.5,1621882220
1,2,5.0,1631465466
1,12,3.0,1633515842
2,40,5.0,1363838353
2,322,3.5,1374173709
2,7,4.0,1376240361
2,156,5.0,1475021321
2,99,5.0,1545371115
2,11,5.0,1591948733
2,13,4.0,1595391350
2,36,5.0,1603531560
2,59,3.5,1648938422
2,2,4.0,1653736612
3,7,5.0,1306231241
3,165,3.0,1311192010
3,326,1.0,1321425974
3,20,4.5,1381517995
3,59,3.0,1402268393
3,179,2.5,1402365301
3,45,1.5,1409775438
3,2,5.0,1447306170
3,305,5.0,1499610397
3,86,3.0,1501931196
3,76,3.5,1509037293
3,338,3.5,1522959680
3,89,4.0,1544261849
3,68,2.5,1561784852
3,85,3.5,1564731185
3,236,2.0,1607388542
3,97,2.0,1629203529
4,22,2.5,1267271906
4,59,2.5,1279531266
4,311,2.5,1292103510
4,7,3.5,1300712999
4,165,3.0,1305299291
4,38,2.5,1313052323
4,21,2.5,1335925912
4,190,2.5,1338561886
4,288,0.5,1340761377
4,8,4.0,1352592179
4,74,2.5,1376064695
4,222,2.0,1384962072
4,24,4.5,1391378295
4,48,2.5,1391675007
4,56,4.0,1405529419
4,47,3.0,1406386689
4,18,4.5,1426882840
4,152,1.5,1457772160
4,246,1.5,1459244029
4,88,2.5,1460286421
4,2,4.0,1487906375
4,195,0.5,1504240408
4,83,2.5,1543348274
4,86,2.5,1563670893
4,39,2.5,1568829830
4,322,2.5,1573869152
4,19,5.0,1592868963
4,5,2.5,1602515280
4,3,3.5,1604353259
4,72,1.0,1607708412
4,326,0.5,1609598360
4,12,4.0,1623476221
4,188,2.0,1632924304
4,11,4.5,1653632615
5,137,1.0,1264881042
5,49,4.0,1326232148
5,267,1.0,1346292955
5,48,4.0,1349785315
5,218,3.5,1357221730
5,4,4.0,1370651001
5,57,4.5,1416016661
5,299,0.5,1418099858
5,311,3.0,1430011847
5,58,3.0,1448794721
5,88,3.0,1450906829
5,8,4.5,1466477119
5,50,5.0,1468787854
5,43,4.5,1469559928
5,26,3.5,1499158638
5,81,2.5,1502467902
5,40,5.0,1526609540
5,204,2.0,1530764118
5,3,2.5,1536419008
5,237,3.0,1541499714
5,35,4.0,1555063358
5,281,1.5,1559299803
5,12,4.5,1577246602
5,7,2.0,1587027639
5,129,1.5,1597407385
5,290,1.5,1598512947
5,222,3.0,1658136105
5,11,3.5,1659265014
6,57,5.0,1283212383
6,43,3.0,1299653391
6,26,5.0,1300850483
6,250,3.0,1420560363
6,291,4.5,1427018041
6,175,4.5,1432686687
6,94,5.0,1478828755
6,165,4.0,1490066839
6,99,5.0,1493507515
6,317,2.5,1527076608
6,21,5.0,1578860874
6,278,1.5,1600334029
6,58,2.5,1660651870
7,46,5.0,1264505817
7,291,3.5,1282089778
7,64,3.5,1305736468
7,62,4.0,1314255178
7,177,3.5,1343705321
7,36,5.0,1345844768
7,236,2.5,1364612226
7,140,2.0,1367498968
7,40,5.0,1367701186
7,72,2.0,1375565390
7,311,3.5,1403768932
7,52,3.0,1445511224
7,136,3.5,1474621886
7,13,3.5,1506237442
7,59,2.5,1510954680
7,199,2.0,1565865621
7,108,3.0,1570896079
7,194,2.5,1594092479
7,50,5.0,1620607408
7,76,4.0,1653410046
7,56,3.5,1662136743
8,215,2.5,1268065141
8,49,3.0,1269555308
8,153,1.0,1276248898
8,147,2.5,1321801131
8,141,3.0,1328409421
8,66,3.0,1335725194
8,103,2.0,1337063872
8,196,1.5,1364730278
8,161,3.0,1366671580
8,165,3.0,1413389931
8,55,3.0,1422765974
8,6,2.0,1470462301
8,74,2.5,1520922407
8,243,1.5,1548809771
8,13,2.5,1562700811
8,10,2.0,1566757533
8,85,2.5,1616687657
8,16,2.5,1631889597
8,186,3.0,1659807846
9,179,3.0,1268909621
9,17,4.5,1274105285
9,300,1.0,1275797114
9,22,3.5,1306248021
9,94,2.0,1306729294
9,325,3.5,1310827636
9,72,3.5,1311406557
9,16,4.5,1315653881
9,99,3.5,1316337082
9,93,2.5,1322922153
9,7,4.5,1326076524
9,98,1.5,1332784541
9,89,3.0,1340972003
9,117,5.0,1346202643
9,118,5.0,1346267731
9,165,1.5,1351445923
9,70,4.0,1352475639
9,10,3.0,1375615887
9,27,3.5,1386513089
9,85,2.5,1387596482
9,30,3.0,1403143733
9,175,4.0,1404011028
9,151,1.5,1409139482
9,83,5.0,1409568967
9,196,1.5,1416071731
9,14,2.0,1427837776
9,112,4.0,1431203842
9,134,4.0,1436529891
9,102,3.5,1446724959
9,116,4.5,1463209785
9,204,2.0,1464918106
9,33,2.5,1474386650
9,37,2.5,1474594608
9,81,2.5,1481008308
9,177,3.5,1488500416
9,97,1.0,1491474106
9,323,3.0,1494735113
9,103,1.5,1508544902
9,255,2.0,1521508804
9,104,4.0,1550587735
9,11,4.5,1581014441
9,176,4.5,1590453581
9,59,1.0,1598100181
9,9,3.0,1604023123
9,152,2.5,1606404868
9,57,2.5,1610346003
9,18,3.0,1613732553
9,78,3.0,1614135048
9,217,3.0,1622031416
9,125,4.0,1627183903
9,191,0.5,1632737745
9,127,3.5,1634949422
9,13,4.5,1645452310
9,101,2.5,1647835596
9,92,0.5,1657456354
10,72,3.5,1283319250
10,13,5.0,1291381299
10,5,3.5,1292775914
10,15,5.0,1296913960
10,36,4.0,1321373037
10,20,4.5,1359215432
10,124,4.5,1366659745
10,264,3.0,1404542963
10,255,1.0,1411050302
10,4,5.0,1439547495
10,84,3.0,1444134948
10,12,4.5,1463275137
10,189,3.0,1485744753
10,43,2.0,1487693485
10,32,1.5,1508791986
10,106,2.5,1530168273
10,70,4.5,1577084279
10,74,4.0,1587666853
10,100,4.5,1610652398
10,168,0.5,1632605067
10,24,4.5,1661834002
11,6,4.5,1281381250
11,19,5.0,1312991047
11,45,4.5,1324867053
11,16,3.5,1335807385
11,309,4.5,1379191539
11,18,4.5,1390291511
11,50,4.0,1468620526
11,76,3.0,1475592154
11,113,5.0,1477209971
11,72,4.0,1480403578
11,192,3.0,1483615344
11,67,4.0,1488669585
11,55,3.5,1492534064
11,85,2.5,1499542172
11,89,4.5,1532184891
11,190,4.5,1549782443
11,304,2.5,1588141511
11,2,4.5,1601982629
11,40,4.5,1640274875
11,30,4.5,1647888023
11,102,4.5,1661611374
12,33,2.5,1263242339
12,169,3.0,1265363921
12,329,2.5,1278711866
12,133,4.5,1285888357
12,165,2.0,1297434026
12,102,2.5,1300409871
12,236,3.5,1302382451
12,53,3.0,1311947155
12,8,3.5,1341199666
12,106,3.0,1361655374
12,104,4.0,1383550377
12,45,4.0,1421837858
12,94,5.0,1432740787
12,178,4.5,1432879234
12,256,3.5,1441991446
12,313,4.5,1443606716
12,93,4.0,1454765349
12,23,4.0,1454787578
12,16,5.0,1455187726
12,119,5.0,1455691846
12,46,2.5,1456694840
12,222,4.0,1458997902
12,149,3.0,1459428102
12,89,2.5,1463242988
12,293,2.5,1464004374
12,99,4.0,1465490341
12,6,3.0,1467718943
12,56,2.0,1468452571
12,11,5.0,1477475538
12,279,4.5,1498015605
12,281,5.0,1512303974
12,62,3.0,1514273246
12,290,3.5,1515184904
12,68,2.5,1523622224
12,303,1.0,1542993461
12,2,5.0,1549154897
12,156,5.0,1568181982
12,321,2.5,1581736428
12,17,5.0,1605970150
12,3,5.0,1626075261
12,34,4.5,1629246321
12,147,4.5,1640004767
12,342,4.5,1660420516
12,105,3.5,1660867150
12,29,3.0,1661607194
13,1,5.0,1262810883
13,156,3.5,1284118985
13,301,3.0,1284698477
13,278,0.5,1286915757
13,232,3.0,1342702541
13,12,4.5,1374724713
13,56,4.0,1381286800
13,94,3.5,1388389405
13,15,4.5,1397258881
13,60,2.0,1415802684
13,13,4.5,1419948690
13,33,4.5,1426015201
13,16,4.0,1462247964
13,41,2.5,1467269359
13,97,1.5,1470032211
13,31,4.0,1486178020
13,54,5.0,1493563369
13,40,4.0,1507158392
13,34,5.0,1543756572
13,5,3.5,1553658559
13,133,3.0,1557319943
13,28,4.0,1585937229
13,18,4.0,1647135209
13,135,2.5,1651009827
14,218,3.0,1269168322
14,58,3.5,1273208597
14,148,1.0,1302535416
14,30,5.0,1306688039
14,62,2.0,1335451389
14,64,2.5,1347052666
14,272,3.5,1359381582
14,78,3.0,1373140826
14,99,4.0,1395134142
14,305,2.5,1410718137
14,18,5.0,1431699242
14,36,5.0,1450669278
14,74,2.5,1462069781
14,29,4.5,1462242418
14,217,3.5,1505044664
14,31,5.0,1509171564
14,22,5.0,1531301551
14,8,5.0,1565904882
14,5,4.0,1569899592
14,69,2.0,1589088501
14,53,3.0,1590466895
14,312,2.0,1610381131
14,250,1.0,1617543506
14,56,5.0,1632044933
14,203,2.5,1649269606
15,305,4.0,1264366371
15,93,4.0,1268699146
15,11,5.0,1273655963
15,159,3.5,1275061866
15,120,5.0,1288262381
15,85,3.0,1293933727
15,23,4.5,1305929798
15,104,4.0,1306702363
15,48,3.0,1317757590
15,271,2.5,1318562016
15,174,4.5,1320270096
15,75,3.5,1321266999
15,220,1.0,1333074336
15,94,4.5,1336861397
15,211,0.5,1341479554
15,153,1.5,1346032887
15,1,5.0,1352628190
15,83,4.5,1353817882
15,62,3.5,1358635964
15,21,3.0,1358694848
15,300,3.0,1360434266
15,46,2.5,1377334544
15,26,4.5,1381083522
15,88,3.0,1390190099
15,30,4.5,1397084044
15,50,3.0,1397114993
15,288,1.0,1409763960
15,90,2.5,1418016419
15,302,4.0,1419271811
15,44,3.0,1421646510
15,196,2.0,1422551029
15,165,3.0,1428912725
15,78,3.0,1450981508
15,7,4.5,1466023684
15,96,3.0,1494407484
15,59,3.5,1529462574
15,243,4.0,1556827181
15,5,5.0,1557772268
15,200,3.0,1559420438
15,103,2.0,1561556052
15,82,3.5,1564208602
15,259,3.5,1570586373
15,100,5.0,1592468065
15,63,3.0,1601178299
15,277,3.0,1601188669
15,72,3.5,1629480814
15,68,2.5,1632129537
15,324,3.0,1633460670
15,297,3.5,1645913844
15,119,5.0,1651359331
15,33,4.0,1654683004
15,327,3.5,1659097487
16,136,3.5,1266408458
16,222,4.0,1270150388
16,45,3.5,1292780464
16,31,4.0,1294828628
16,32,3.5,1295793554
16,106,1.0,1301795579
16,59,3.5,1304010780
16,19,5.0,1333392545
16,37,3.5,1335574030
16,107,1.5,1354834795
16,135,2.5,1357697934
16,320,2.5,1363624045
16,1,5.0,1369555388
16,18,4.5,1370968018
16,41,4.0,1376365768
16,334,0.5,1376921002
16,300,3.5,1396705662
16,296,4.0,1408349797
16,36,5.0,1410236449
16,66,2.0,1413415490
16,88,3.5,1424618200
16,11,5.0,1464565626
16,50,3.5,1471363527
16,322,4.0,1478679424
16,4,5.0,1482915639
16,57,4.5,1485788293
16,85,3.0,1495725559
16,12,5.0,1497112582
16,40,5.0,1507817332
16,311,4.5,1522637509
16,316,1.0,1527094681
16,168,0.5,1528021152
16,20,4.0,1534610278
16,33,4.0,1535460332
16,279,1.0,1541877891
16,234,1.5,1548861594
16,327,4.0,1551716723
16,185,0.5,1558695448
16,96,2.0,1559353285
16,2,4.0,1563165390
16,90,3.5,1566210205
16,54,5.0,1582185372
16,244,3.5,1586258589
16,138,4.0,1587494266
16,68,3.0,1594384477
16,304,0.5,1606637654
16,23,4.0,1614879290
16,186,2.0,1629851289
16,46,5.0,1633111061
16,24,4.5,1640466816
16,10,5.0,1644414376
16,174,2.0,1647666092
17,56,3.0,1271352879
17,326,1.0,1306410078
17,7,3.0,1340321530
17,184,0.5,1343012792
17,148,1.0,1346581113
17,189,2.0,1355843233
17,12,3.0,1357060273
17,221,0.5,1379324200
17,186,2.0,1400182217
17,86,2.0,1410455731
17,26,3.0,1440634690
17,41,3.5,1450371789
17,45,3.0,1451046721
17,237,0.5,1452220585
17,161,1.0,1465567760
17,94,2.5,1475456511
17,299,1.0,1480496147
17,156,4.0,1482338100
17,5,3.0,1492326569
17,57,3.0,1497285767
17,168,1.5,1510725204
17,304,0.5,1520298481
17,14,1.5,1521845342
17,231,1.5,1530970805
17,123,1.0,1551152701
17,281,2.5,1563630077
17,236,0.5,1571565108
17,220,0.5,1589720195
17,19,5.0,1592090013
17,300,2.5,1609614710
17,242,2.5,1612097473
17,49,3.5,1615392790
17,207,0.5,1620379366
17,322,1.5,1630412617
17,4,3.0,1645036766
17,55,0.5,1653580524
18,241,3.0,1287046589
18,129,5.0,1287247477
18,175,4.5,1293042785
18,341,5.0,1302691330
18,62,4.5,1302950369
18,3,5.0,1315726014
18,10,3.5,1315958645
18,339,4.5,1317714647
18,2,5.0,1333518611
18,132,4.0,1337411978
18,333,2.0,1352159442
18,156,5.0,1354468216
18,104,4.5,1365379915
18,197,2.0,1383926759
18,55,1.0,1394107503
18,81,5.0,1396706475
18,74,5.0,1405894137
18,124,3.5,1443962727
18,305,5.0,1445881251
18,91,4.5,1447188136
18,20,5.0,1460499283
18,97,3.5,1482470312
18,11,5.0,1485810161
18,243,3.0,1486811448
18,121,5.0,1494816075
18,27,3.5,1495021191
18,19,5.0,1499267162
18,315,2.0,1517868259
18,313,4.0,1519769364
18,12,5.0,1546988280
18,89,4.0,1555285159
18,135,5.0,1561037588
18,92,2.0,1563531030
18,15,5.0,1564645401
18,40,4.0,1574282953
18,325,5.0,1591871713
18,18,4.0,1596037986
18,147,5.0,1610661666
18,326,0.5,1612548781
18,291,4.0,1612624118
18,272,4.0,1616575735
18,192,4.5,1634709137
18,41,2.5,1639572154
18,4,5.0,1645137651
18,295,2.5,1647182385
18,50,2.5,1655624902
18,154,1.0,1658171491
18,96,2.5,1659382309
18,17,5.0,1659585310
19,61,4.5,1267190809
19,256,4.5,1285202224
19,57,5.0,1320002169
19,32,5.0,1332619135
19,8,5.0,1337682469
19,4,5.0,1338181603
19,212,0.5,1356332989
19,30,5.0,1363265163
19,217,4.5,1365780925
19,24,5.0,1369892769
19,105,5.0,1380499428
19,1,5.0,1403871119
19,66,5.0,1427752603
19,33,5.0,1431145856
19,153,1.5,1453024773
19,231,3.0,1457103402
19,21,3.0,1468009226
19,237,3.0,1478466320
19,117,5.0,1481359084
19,186,2.5,1506468955
19,243,1.5,1518082474
19,10,5.0,1521596350
19,283,2.5,1524308359
19,29,5.0,1544333232
19,27,5.0,1554237662
19,37,4.0,1568515891
19,56,4.0,1574867976
19,272,3.0,1575681564
19,156,4.0,1579827086
19,282,0.5,1583488686
19,88,3.5,1586027178
19,126,4.0,1625011550
19,236,2.5,1636959719
19,72,3.0,1646968016
20,247,3.0,1263675693
20,204,5.0,1274306997
20,14,5.0,1283427035
20,60,3.0,1330739849
20,32,3.5,1331857160
20,25,5.0,1388758339
20,12,5.0,1396879432
20,95,4.0,1408838775
20,26,4.5,1409196660
20,127,4.5,1432849251
20,161,4.5,1436685408
20,324,3.5,1442521829
20,212,5.0,1467121410
20,96,1.5,1469945696
20,266,2.5,1472032764
20,327,3.5,1473224938
20,7,4.0,1491653831
20,21,3.5,1495163631
20,183,4.0,1504057414
20,45,3.0,1523422635
20,31,5.0,1527847198
20,300,3.5,1528279743
20,305,3.5,1529636317
20,152,3.0,1538238964
20,27,5.0,1539766605
20,272,3.5,1540508863
20,55,2.0,1541287912
20,196,4.0,1570641302
20,207,3.0,1578078618
20,29,4.5,1585031837
20,18,5.0,1596371221
20,8,4.5,1612511319
20,89,4.0,1625896346
20,36,5.0,1646233849
20,19,4.5,1649591659
20,51,1.5,1657987335
20,180,2.0,1661183649
21,236,3.5,1262634302
21,322,4.0,1264303518
21,39,4.5,1266267442
21,74,3.5,1291639193
21,59,4.0,1292273371
21,86,3.5,1297557505
21,50,5.0,1354518845
21,2,5.0,1365569178
21,306,3.0,1391338175
21,26,5.0,1418062595
21,291,3.5,1428447128
21,57,4.5,1433225049
21,126,2.5,1450019063
21,239,4.0,1451690964
21,232,3.0,1452885012
21,8,4.5,1454104874
21,43,5.0,1456958709
21,31,4.5,1462604309
21,85,3.0,1467217364
21,44,4.0,1497886606
21,10,4.5,1513515473
21,311,4.0,1523693108
21,300,4.5,1523926600
21,95,4.0,1526375296
21,49,3.5,1549545039
21,65,3.0,1571510168
21,320,2.0,1581744178
21,103,2.0,1587522793
21,3,5.0,1604068552
21,9,5.0,1608880085
21,40,5.0,1610268698
21,56,4.5,1613189611
21,12,4.5,1614390704
21,41,4.0,1640353817
21,30,5.0,1643641904
21,245,3.5,1648528531
21,309,4.0,1654752623
22,12,4.5,1290514229
22,33,3.0,1296148823
22,339,5.0,1334025563
22,17,3.0,1349370296
22,56,2.5,1359522923
22,8,4.0,1369261300
22,37,4.0,1379353433
22,297,1.5,1382615072
22,315,1.5,1439886135
22,14,4.0,1443499375
22,275,0.5,1457463012
22,66,3.5,1471885964
22,104,3.0,1477492288
22,237,0.5,1543281968
22,247,4.0,1591474682
22,24,3.5,1595802273
22,40,4.5,1600842695
22,68,1.5,1644967900
22,100,5.0,1659370257
22,78,3.5,1660365603
23,325,5.0,1263027146
23,30,3.5,1273345093
23,314,4.0,1278304201
23,4,5.0,1279812105
23,76,3.5,1292143165
23,1,4.5,1293658667
23,2,3.5,1304741202
23,280,4.0,1306216714
23,24,5.0,1332621638
23,70,4.0,1344382643
23,72,3.5,1351538800
23,177,3.0,1357130127
23,67,4.0,1370849817
23,192,4.0,1371529054
23,12,3.5,1376346795
23,57,4.0,1388736060
23,237,1.0,1402774362
23,49,2.0,1404115844
23,165,2.5,1412108983
23,13,4.0,1414115508
23,26,4.5,1430945053
23,53,2.5,1437999972
23,22,3.0,1441689891
23,256,5.0,1446447002
23,222,4.5,1451745287
23,133,4.0,1461749413
23,246,1.0,1467742456
23,140,2.0,1469463074
23,137,4.5,1471195790
23,267,3.5,1479478925
23,319,3.0,1485303143
23,21,3.0,1497430914
23,14,2.5,1498987357
23,56,2.0,1503287087
23,11,5.0,1506122376
23,317,3.5,1508510178
23,295,3.0,1510145112
23,7,3.5,1513709635
23,15,5.0,1514491907
23,106,3.0,1519918981
23,206,2.5,1523516113
23,313,4.5,1524919929
23,127,5.0,1526111405
23,34,2.0,1529481961
23,169,3.5,1530584978
23,276,3.5,1533376807
23,89,4.5,1549837329
23,48,2.0,1558466258
23,163,3.5,1561592755
23,84,3.5,1565598290
23,196,3.0,1569281775
23,55,1.5,1579195524
23,115,2.5,1592656357
23,62,4.5,1596028029
23,142,4.5,1632529448
23,130,4.5,1647096846
24,89,5.0,1274898222
24,86,5.0,1297317554
24,3,5.0,1298879117
24,94,4.0,1313524545
24,37,2.5,1313665987
24,117,3.0,1319483033
24,231,4.5,1330645521
24,192,4.5,1332860394
24,7,5.0,1349097638
24,6,5.0,1353808989
24,301,2.0,1365017042
24,328,3.5,1366846253
24,305,5.0,1383756402
24,240,2.0,1413243566
24,293,2.0,1423392145
24,80,3.0,1440546596
24,56,4.5,1463355183
24,220,3.5,1486914558
24,186,3.5,1488346243
24,224,3.5,1506973397
24,13,5.0,1544699982
24,35,2.5,1558835916
24,50,3.5,1564760812
24,90,5.0,1567710156
24,195,2.0,1582032856
24,64,5.0,1597297411
24,163,3.0,1609542573
24,204,3.5,1624675888
24,323,5.0,1640066037
24,41,1.0,1649048079
24,222,5.0,1655728983
25,289,1.5,1269108040
25,332,1.0,1302160071
25,165,2.0,1306817754
25,78,1.0,1310056901
25,109,3.0,1310217136
25,32,4.5,1333423573
25,37,3.5,1368910539
25,5,4.5,1384095802
25,44,4.5,1389107484
25,300,3.5,1389809194
25,60,1.0,1402989051
25,16,4.0,1422988198
25,74,1.0,1425117708
25,248,5.0,1440940165
25,40,3.0,1472843561
25,121,5.0,1478191646
25,186,2.0,1482416264
25,96,2.5,1482906515
25,22,2.5,1492429288
25,67,0.5,1499231864
25,55,2.0,1502488741
25,14,2.0,1523335287
25,304,0.5,1581250109
25,30,5.0,1581597819
25,138,1.5,1585799650
25,305,2.0,1589109446
25,328,0.5,1609276689
25,47,4.0,1615697825
25,58,2.5,1625048520
25,54,2.0,1627771924
25,93,3.0,1661895193
26,94,4.5,1265047931
26,27,3.5,1269698852
26,18,4.0,1274205100
26,14,5.0,1286274667
26,34,5.0,1321910486
26,78,1.5,1333630070
26,194,1.0,1334579180
26,30,5.0,1337658801
26,90,3.0,1356623594
26,322,4.5,1359728540
26,161,2.5,1366326744
26,12,5.0,1366498105
26,314,2.5,1377561963
26,68,3.0,1380406629
26,147,4.5,1383326850
26,93,3.0,1386129447
26,8,5.0,1396106989
26,88,3.5,1397313124
26,62,2.0,1403458038
26,244,3.5,1405301161
26,272,3.5,1420615229
26,106,2.5,1425430737
26,59,4.0,1427924783
26,55,4.0,1428192072
26,7,3.5,1452716773
26,63,3.0,1454546274
26,302,4.0,1464828687
26,165,5.0,1470972956
26,196,3.0,1472441084
26,178,3.5,1473280300
26,87,2.5,1474538927
26,23,2.5,1479566102
26,291,1.5,1485961333
26,37,4.5,1493219363
26,43,4.0,1502313550
26,49,3.0,1508535881
26,171,1.5,1511155051
26,313,2.5,1524404502
26,112,2.5,1525070021
26,127,3.0,1525633411
26,25,3.0,1531608167
26,212,0.5,1541109266
26,239,3.5,1545605632
26,320,2.0,1579034434
26,56,5.0,1581390967
26,245,3.5,1593732915
26,255,1.5,1596258910
26,19,4.0,1601712059
26,157,3.0,1604128393
26,58,4.0,1617318391
26,13,3.5,1620026617
26,103,0.5,1632427974
26,1,4.0,1638509805
26,215,0.5,1640138447
26,252,2.0,1640830004
26,101,1.5,1644104625
26,33,5.0,1645905732
27,132,1.5,1270018376
27,85,2.5,1280731442
27,36,5.0,1293007719
27,55,2.0,1319801259
27,195,1.5,1326771330
27,7,3.0,1370127928
27,84,2.5,1381257470
27,9,3.5,1422504350
27,105,3.5,1424935179
27,78,3.5,1426257019
27,148,3.0,1438528809
27,1,4.0,1459300105
27,53,3.0,1527800425
27,57,4.0,1564126480
27,93,3.5,1567024635
27,51,3.0,1633035476
27,236,3.0,1651160377
28,115,2.5,1275517510
28,165,2.0,1280833239
28,76,1.5,1313215149
28,46,1.0,1315440105
28,326,0.5,1320603653
28,253,4.5,1325908595
28,341,3.0,1329821800
28,148,2.0,1334378785
28,284,2.0,1340361053
28,245,0.5,1351307091
28,75,1.5,1362744710
28,72,2.0,1373420884
28,42,1.5,1438068376
28,232,0.5,1443495215
28,54,2.0,1466764490
28,18,3.5,1469887804
28,28,1.5,1474404720
28,11,3.0,1498664968
28,22,3.0,1503089524
28,56,2.0,1530824347
28,97,1.0,1538403997
28,147,3.5,1571267778
28,103,1.0,1603156272
28,320,2.0,1607330480
28,99,4.5,1648490935
28,1,4.0,1651701338
29,126,4.0,1282712241
29,135,5.0,1291665870
29,11,5.0,1293711468
29,59,1.5,1303334129
29,214,4.0,1312627832
29,56,3.5,1339659627
29,6,5.0,1342983394
29,58,1.5,1357702472
29,224,1.0,1361877604
29,225,2.0,1362649328
29,152,3.0,1364420686
29,15,5.0,1366674312
29,69,2.0,1370905461
29,165,3.5,1383896850
29,99,5.0,1401063816
29,313,4.0,1427500530
29,189,5.0,1431395856
29,12,3.5,1431527512
29,307,4.5,1437655994
29,1,5.0,1446500677
29,13,5.0,1455162396
29,38,3.0,1468985174
29,78,5.0,1471477235
29,62,5.0,1475639287
29,85,4.0,1482529420
29,328,5.0,1489740694
29,57,4.0,1502945064
29,48,3.0,1512001383
29,121,3.5,1517962877
29,244,2.0,1529901195
29,107,2.5,1542830747
29,74,4.5,1543734844
29,311,3.0,1554646353
29,252,1.5,1564655066
29,36,5.0,1573131029
29,131,4.5,1580045697
29,3,5.0,1588990543
29,264,4.0,1595706298
29,300,2.5,1600503151
29,42,3.5,1610038448
29,70,5.0,1615181316
29,197,4.0,1617200421
29,86,5.0,1617413407
29,317,2.5,1620820904
29,196,3.0,1631261923
29,51,2.5,1631547990
29,89,4.5,1632509367
29,320,3.5,1642455233
29,291,3.5,1645733091
29,19,5.0,1654225605
30,12,4.0,1270995023
30,50,4.0,1277753769
30,33,5.0,1283769391
30,104,5.0,1285311879
30,36,4.5,1289016773
30,291,3.0,1291735918
30,1,4.0,1299862912
30,230,2.0,1320034405
30,143,5.0,1320485228
30,30,5.0,1331553166
30,85,3.5,1336397375
30,189,2.0,1342873515
30,224,0.5,1363207816
30,95,2.0,1375484880
30,88,2.5,1375786898
30,164,1.5,1376283342
30,54,3.5,1384647228
30,239,3.0,1399411289
30,120,5.0,1401189559
30,93,4.0,1409033504
30,44,4.0,1445470774
30,248,5.0,1464885492
30,113,5.0,1468011189
30,20,4.5,1473524469
30,21,2.5,1481296616
30,94,3.5,1482389383
30,111,4.5,1514550376
30,55,2.0,1514652589
30,58,3.0,1522814692
30,8,4.0,1523847087
30,41,4.5,1525113984
30,67,1.5,1527989705
30,119,5.0,1528293389
30,34,5.0,1532949046
30,341,5.0,1541259824
30,4,4.5,1543956676
30,80,1.0,1544534168
30,48,4.0,1553310226
30,42,4.5,1586327934
30,26,3.0,1586609851
30,13,3.5,1602690626
30,2,5.0,1611895852
30,272,4.0,1625775653
30,29,4.5,1633195009
30,65,2.0,1636969350
30,185,0.5,1639204756
31,99,4.0,1267982738
31,113,5.0,1271575219
31,58,0.5,1284044769
31,81,4.5,1287367561
31,38,1.5,1291284552
31,240,1.0,1306531061
31,291,2.5,1319708389
31,120,5.0,1324627426
31,14,2.5,1359784184
31,129,3.5,1367610081
31,6,3.5,1385499687
31,75,3.5,1388118178
31,93,3.5,1396058288
31,131,4.5,1401064392
31,27,4.5,1402435334
31,104,4.0,1408096782
31,31,4.0,1410265873
31,10,2.0,1418226481
31,133,3.5,1424006455
31,2,5.0,1426744315
31,22,3.0,1433447467
31,338,5.0,1435051390
31,15,5.0,1436493024
31,43,1.0,1436598720
31,4,4.0,1450402143
31,30,5.0,1461001819
31,105,5.0,1462100748
31,305,5.0,1462557859
31,168,0.5,1466953409
31,83,5.0,1470176575
31,12,2.5,1493695316
31,304,0.5,1504065650
31,245,2.5,1537068855
31,170,2.5,1554619946
31,219,4.0,1571965039
31,145,5.0,1578793064
31,25,2.5,1581405451
31,180,1.5,1584272599
31,50,2.0,1584853235
31,177,5.0,1585020993
31,1,5.0,1597635196
31,171,5.0,1605248452
31,228,2.5,1606268954
31,125,5.0,1615128252
31,193,5.0,1618528086
31,178,5.0,1631927228
31,114,5.0,1655218630
31,137,4.0,1655914661
32,50,5.0,1267901609
32,277,3.0,1269613989
32,31,4.0,1272204513
32,303,1.0,1278809058
32,48,5.0,1300690940
32,4,2.5,1309877756
32,10,5.0,1313560142
32,16,3.5,1329189579
32,11,5.0,1347690843
32,1,4.0,1348292350
32,75,2.5,1358411704
32,165,3.0,1361410839
32,225,1.0,1392901608
32,100,3.5,1411863159
32,290,2.5,1416623050
32,72,2.5,1424084364
32,8,4.5,1424130798
32,188,3.0,1439664920
32,56,3.5,1440232477
32,341,5.0,1458639830
32,66,2.5,1469087787
32,42,5.0,1472769806
32,326,1.0,1474765168
32,88,2.5,1476646715
32,302,2.5,1484539032
32,58,2.5,1484557791
32,299,0.5,1510434555
32,44,5.0,1519507987
32,90,1.5,1531612257
32,29,3.0,1536716911
32,27,2.5,1544327489
32,89,3.0,1559790415
32,270,2.5,1573442971
32,43,5.0,1583253112
32,135,3.5,1603141569
32,203,3.0,1648477164
33,326,2.5,1269288871
33,327,2.5,1272531179
33,35,3.5,1283241991
33,90,3.0,1320399023
33,311,3.0,1355005691
33,237,2.5,1363869175
33,18,4.5,1428925361
33,157,2.5,1447426053
33,165,4.5,1449528045
33,7,3.0,1460522072
33,68,3.0,1466018135
33,186,2.5,1481939003
33,62,2.0,1520601239
33,21,3.0,1522498125
33,88,3.0,1570485523
33,331,3.0,1578105055
33,17,3.5,1600771541
33,29,3.0,1623776923
33,259,3.0,1636751863
33,57,3.5,1638736829
33,53,2.0,1641515800
34,56,4.5,1269856999
34,50,5.0,1293430659
34,55,3.0,1294031285
34,57,4.5,1295421650
34,301,4.0,1304246593
34,173,3.5,1308520706
34,295,1.5,1349931505
34,7,4.5,1368358037
34,71,1.0,1412136189
34,302,4.5,1481186875
34,11,4.5,1561427330
34,174,5.0,1605172343
34,52,2.5,1628345130
35,50,3.5,1271728258
35,90,2.5,1273882557
35,34,3.5,1301914112
35,293,0.5,1306455496
35,222,3.0,1306724979
35,208,0.5,1310526518
35,68,1.5,1313705677
35,103,1.0,1335936261
35,284,3.0,1338193756
35,75,4.0,1348087415
35,62,3.0,1348120746
35,4,5.0,1348942732
35,13,5.0,1369488738
35,160,2.5,1393489479
35,182,0.5,1395423161
35,40,4.0,1406456873
35,230,0.5,1407898255
35,302,2.0,1443112078
35,27,4.5,1457196259
35,5,5.0,1461769888
35,217,4.5,1472617615
35,63,2.5,1473424258
35,236,2.0,1479316898
35,305,4.5,1482336678
35,45,2.0,1491352830
35,35,3.5,1492262107
35,158,3.0,1508246260
35,237,1.5,1509384309
35,296,2.5,1516295639
35,258,2.5,1520703177
35,132,2.5,1522514256
35,44,1.5,1536411475
35,57,4.5,1557672895
35,20,4.0,1579954511
35,65,2.5,1585020520
35,49,1.5,1600758099
35,313,2.5,1609132378
35,8,3.5,1610080386
35,125,4.0,1616492115
35,33,4.0,1625268388
35,340,5.0,1625526425
35,329,2.0,1637778981
35,178,5.0,1642431694
35,25,4.0,1647180314
35,183,2.5,1661011283
36,7,3.5,1268823104
36,303,1.5,1277634733
36,27,5.0,1284749050
36,197,2.5,1286642068
36,5,5.0,1289253998
36,135,3.0,1313563769
36,185,1.0,1314138876
36,19,3.5,1314580115
36,11,4.5,1314900692
36,9,3.5,1321528244
36,2,5.0,1325685820
36,59,3.0,1326268032
36,104,4.5,1346555566
36,183,3.5,1353020627
36,245,3.5,1353959550
36,172,4.0,1365646920
36,33,4.5,1368373108
36,194,1.5,1374538310
36,13,4.0,1375587788
36,113,5.0,1386040668
36,30,4.5,1389597289
36,230,1.5,1397462399
36,153,0.5,1400179449
36,67,1.5,1405223491
36,45,3.0,1405764665
36,326,0.5,1409608906
36,31,4.0,1415315272
36,60,1.0,1433142271
36,105,4.5,1436883354
36,321,3.0,1445506245
36,32,4.0,1449947962
36,8,4.0,1461837884
36,98,3.0,1469153391
36,116,5.0,1474761562
36,174,4.0,1487155103
36,14,3.5,1497936033
36,261,4.5,1516863925
36,61,1.5,1535930431
36,10,3.5,1547605674
36,231,3.5,1547881962
36,324,1.0,1548179213
36,12,3.0,1550409240
36,112,5.0,1552519400
36,41,3.0,1562497955
36,3,5.0,1581173382
36,144,5.0,1597034198
36,90,2.5,1601831085
36,23,2.5,1607120022
36,64,2.0,1616233398
36,53,2.0,1620790131
36,18,3.0,1627928540
36,57,2.5,1637277956
36,290,2.5,1639412655
36,137,3.0,1651711798
37,86,4.5,1281115098
37,112,4.0,1283671223
37,26,5.0,1287976045
37,2,5.0,1288532311
37,134,4.0,1289064812
37,17,4.5,1291661186
37,4,5.0,1304964758
37,197,3.0,1309641027
37,83,4.0,1323033104
37,122,5.0,1324671967
37,104,5.0,1345470261
37,272,5.0,1355854377
37,94,4.5,1358332528
37,291,3.0,1370019915
37,8,4.5,1372168811
37,76,3.0,1385345482
37,260,5.0,1390096717
37,38,2.0,1400896835
37,190,4.0,1406403570
37,24,4.5,1407586721
37,322,2.0,1409669715
37,41,3.0,1409737536
37,56,4.0,1411315637
37,13,5.0,1412032595
37,74,4.5,1422282543
37,223,2.0,1425550913
37,244,3.0,1448813742
37,1,5.0,1451385848
37,301,3.5,1466184885
37,222,4.5,1469229008
37,21,4.5,1472700122
37,11,5.0,1502068946
37,183,3.0,1502285290
37,105,4.5,1505283966
37,30,4.5,1516735202
37,169,3.0,1527282149
37,89,5.0,1542039024
37,111,4.5,1542339827
37,127,5.0,1543957242
37,18,5.0,1561434717
37,328,4.0,1561622164
37,148,2.0,1562556029
37,174,4.5,1563467404
37,6,5.0,1563696535
37,236,2.5,1564978642
37,218,2.5,1589480300
37,327,4.5,1590004770
37,58,1.5,1598948988
37,91,3.5,1629730221
37,85,3.5,1640565635
37,43,2.5,1641052992
37,161,2.5,1651022085
37,311,3.0,1652472486
37,304,1.5,1657532943
37,27,3.0,1659573511
38,59,5.0,1319146755
38,74,3.0,1323271307
38,97,2.5,1331648098
38,55,5.0,1333161967
38,58,4.5,1333698563
38,30,4.5,1342401421
38,7,2.5,1343108466
38,321,5.0,1351651578
38,304,1.5,1355424543
38,239,3.5,1372130342
38,8,5.0,1387094317
38,67,5.0,1388007689
38,231,1.5,1394937317
38,303,4.0,1411955597
38,44,3.5,1419061948
38,62,3.0,1437437431
38,186,3.5,1457468707
38,40,4.5,1479451470
38,65,5.0,1486481150
38,15,2.5,1489620516
38,35,4.5,1503731216
38,105,4.0,1508815996
38,134,2.0,1523333580
38,46,5.0,1525595373
38,237,4.5,1540361961
38,60,4.5,1559118998
38,89,3.0,1586218144
38,195,1.5,1602024046
38,161,4.0,1607791960
38,33,4.0,1621336507
39,58,3.0,1270453765
39,224,3.5,1272792512
39,196,2.5,1281739717
39,151,4.0,1294064293
39,20,5.0,1296101383
39,9,5.0,1300491557
39,148,2.5,1304247747
39,158,5.0,1322897798
39,198,1.5,1323791753
39,50,3.5,1327533064
39,103,3.5,1336301586
39,51,1.5,1352033221
39,36,5.0,1356199245
39,55,3.5,1373046871
39,187,2.5,1374207079
39,156,5.0,1388139825
39,32,4.0,1392499295
39,11,5.0,1402605629
39,244,3.0,1410185047
39,239,3.5,1412269303
39,57,3.5,1419271411
39,98,2.0,1434170507
39,73,3.0,1442749733
39,93,3.5,1449774174
39,67,3.5,1453950223
39,96,2.0,1464352362
39,56,4.0,1474987892
39,86,4.5,1477924845
39,250,2.5,1479092568
39,324,3.0,1480072764
39,70,4.5,1506124629
39,183,4.0,1524505350
39,25,3.5,1525024182
39,4,5.0,1525954041
39,91,5.0,1531605911
39,88,4.0,1535274070
39,13,4.5,1552901636
39,288,1.0,1561207958
39,329,3.0,1562656033
39,3,5.0,1571360401
39,174,4.5,1594689537
39,223,3.0,1596913516
39,8,4.5,1611781330
39,53,2.0,1619485813
39,45,3.5,1623462847
39,12,5.0,1624936903
39,168,2.5,1626431865
39,76,4.0,1628450917
39,186,3.5,1635366642
39,83,5.0,1636893439
39,236,3.5,1639442673
39,64,4.5,1640005363
39,307,3.5,1652221882
39,1,5.0,1652983053
39,17,5.0,1659059694
40,9,4.5,1263566933
40,177,5.0,1295275911
40,90,5.0,1306263049
40,44,3.0,1315474779
40,4,5.0,1332302047
40,13,5.0,1345279074
40,236,2.5,1347396520
40,11,4.0,1366516201
40,94,3.5,1371644803
40,164,2.5,1378930402
40,183,3.5,1382674567
40,174,3.5,1387546735
40,26,4.5,1400884167
40,204,2.5,1404905116
40,187,1.5,1410199290
40,7,5.0,1429169963
40,28,3.0,1430864957
40,78,2.5,1437033799
40,18,4.0,1437997215
40,22,4.0,1455178070
40,92,0.5,1459110807
40,33,4.0,1468081395
40,216,2.0,1482825008
40,220,3.0,1483176400
40,46,2.5,1491828181
40,143,4.5,1509620034
40,12,5.0,1519789606
40,8,4.0,1527766672
40,89,4.0,1540940991
40,303,0.5,1562174631
40,56,4.0,1564646133
40,31,4.5,1574434135
40,135,5.0,1579061607
40,309,2.0,1584982886
40,313,4.0,1605884568
40,2,5.0,1612339722
40,106,3.0,1614404572
40,147,5.0,1620226430
40,65,2.5,1621838516
40,113,5.0,1623244483
40,48,2.0,1640952597
40,237,1.5,1652233637
41,187,3.5,1265693326
41,61,2.5,1269853807
41,104,2.5,1274301524
41,290,3.0,1288001252
41,134,1.5,1289724479
41,281,3.0,1297602580
41,18,4.0,1299394111
41,289,2.0,1300991977
41,89,3.5,1306944180
41,42,5.0,1316653519
41,14,3.0,1345782179
41,209,1.5,1356009249
41,237,2.5,1380167914
41,131,3.5,1396803528
41,321,5.0,1398173844
41,5,2.0,1402558118
41,171,1.5,1405395886
41,303,3.0,1410840891
41,159,2.5,1413796292
41,219,3.0,1414019372
41,77,3.0,1426409660
41,96,2.5,1442482194
41,68,3.0,1446185296
41,129,2.5,1472748221
41,9,4.0,1477749995
41,221,1.5,1483301719
41,53,5.0,1488598136
41,36,4.5,1499146235
41,64,2.5,1517265373
41,325,3.5,1525106826
41,196,3.5,1527746705
41,66,3.0,1529332249
41,185,1.0,1529384411
41,67,2.5,1551073202
41,283,3.0,1565356137
41,19,4.5,1569547393
41,15,3.0,1571442730
41,245,4.0,1577138076
41,17,1.5,1597115202
41,320,3.5,1604582365
41,63,2.0,1609090993
41,311,4.0,1622303446
41,322,3.0,1635443981
41,31,4.0,1641108150
41,62,3.5,1641401240
41,75,3.5,1652299107
41,59,3.5,1661121093
42,2,4.0,1271358720
42,138,3.5,1282082315
42,327,3.5,1282518919
42,15,3.5,1291431522
42,217,4.0,1292020986
42,94,3.5,1300327083
42,46,3.0,1300863689
42,67,3.5,1307745139
42,50,4.0,1319965076
42,204,3.5,1334966402
42,186,3.0,1339555397
42,236,3.5,1364313553
42,174,2.5,1372043679
42,71,3.0,1381528003
42,201,3.0,1389739048
42,65,4.0,1393896648
42,196,4.0,1402984636
42,30,5.0,1430872119
42,1,4.0,1444127366
42,61,3.0,1458833106
42,7,4.0,1460688765
42,70,3.0,1479048014
42,4,3.5,1484206402
42,212,2.0,1492885637
42,62,2.5,1493916126
42,69,2.0,1497413692
42,247,3.5,1514612609
42,170,3.5,1515902842
42,18,5.0,1519886059
42,56,5.0,1520501061
42,59,3.5,1523217935
42,54,4.5,1525090584
42,139,3.0,1525647889
42,22,4.0,1526461435
42,183,3.5,1531435875
42,37,4.5,1539439023
42,126,3.0,1551589449
42,301,2.5,1560624983
42,13,5.0,1581782921
42,343,4.0,1589710207
42,278,1.0,1593400676
42,6,5.0,1595868205
42,60,4.0,1602387574
42,182,2.0,1616070466
42,92,2.0,1616533745
42,291,2.5,1616954714
42,153,0.5,1619009585
42,239,4.5,1627126082
42,14,4.5,1627875817
42,16,5.0,1636146659
42,311,3.0,1645736328
42,287,0.5,1658068143
43,237,4.0,1290908334
43,86,3.5,1292447282
43,301,5.0,1329580470
43,12,5.0,1336643644
43,158,3.0,1338131451
43,17,3.0,1420979710
43,8,5.0,1468015166
43,177,4.0,1482050037
43,33,5.0,1507290076
43,45,2.5,1534466187
43,94,3.0,1539037753
43,248,3.0,1542365030
43,14,4.5,1578698775
43,34,5.0,1588704351
43,97,2.0,1588759044
43,7,3.0,1603418360
43,126,2.5,1638664256
43,186,3.5,1639985679
43,30,4.5,1652238959
44,302,3.5,1318924191
44,56,5.0,1323587539
44,72,3.5,1326726338
44,288,0.5,1335538019
44,4,5.0,1380132951
44,7,4.0,1395087990
44,134,4.0,1418578730
44,47,3.0,1432404481
44,12,5.0,1458163468
44,223,4.0,1465227015
44,33,4.5,1481386935
44,165,5.0,1520251831
44,18,5.0,1523831153
44,8,5.0,1525400710
44,69,3.5,1547828237
44,177,3.5,1567925261
44,87,3.0,1568885399
44,65,4.0,1621706278
44,164,3.0,1622211747
45,97,3.5,1272637062
45,272,4.5,1309387751
45,302,4.0,1313694307
45,47,4.0,1318557056
45,32,4.0,1323944207
45,72,3.5,1337882612
45,222,4.5,1352209677
45,12,4.5,1359733685
45,169,2.5,1371963153
45,98,3.0,1391996470
45,313,4.5,1396210356
45,26,4.5,1400486721
45,75,4.5,1404537353
45,237,2.5,1411014397
45,55,2.5,1411130285
45,340,4.0,1432247126
45,56,4.5,1462723641
45,129,4.0,1471996975
45,247,4.5,1484685889
45,297,3.0,1488589583
45,106,1.5,1489325603
45,65,3.0,1523961009
45,321,4.0,1559623456
45,180,2.0,1593524712
45,25,3.5,1605771955
45,40,5.0,1613578643
45,309,4.0,1617825561
45,291,4.5,1617827096
45,44,5.0,1623263660
45,4,5.0,1625726936
45,92,2.5,1633019521
46,19,4.5,1275575435
46,67,3.5,1297177310
46,13,5.0,1304334162
46,325,4.5,1308356426
46,132,2.5,1315875533
46,311,3.5,1319435001
46,305,4.5,1321758110
46,6,4.5,1323179864
46,103,1.5,1329181276
46,59,2.0,1347715279
46,295,1.5,1352939398
46,321,1.5,1361607823
46,159,1.5,1365306243
46,61,2.5,1366632392
46,195,0.5,1370229954
46,18,4.0,1379336669
46,48,0.5,1432478219
46,72,4.0,1452932312
46,83,4.0,1455843705
46,20,4.0,1463115981
46,116,2.5,1479938597
46,98,1.5,1501850624
46,44,2.0,1506952972
46,10,1.5,1520368031
46,45,1.5,1520837877
46,3,5.0,1534613366
46,56,3.0,1547558762
46,130,3.0,1551366237
46,15,5.0,1571755543
46,237,0.5,1576419736
46,2,4.5,1576872573
46,324,1.0,1583841740
46,91,3.0,1584659786
46,217,3.5,1615870929
46,8,2.0,1615893365
46,322,2.0,1617317400
46,151,3.5,1617476938
46,89,3.5,1624780902
46,204,2.5,1633756506
46,201,2.0,1635218700
46,187,1.5,1645917289
46,134,3.5,1658447207
47,275,2.0,1262845624
47,209,2.0,1271840055
47,311,3.5,1283331971
47,160,1.5,1290173897
47,109,4.5,1318240054
47,236,3.0,1324304898
47,91,3.0,1326746130
47,190,3.0,1337665259
47,35,4.0,1366584759
47,168,2.5,1367057793
47,108,3.0,1372342026
47,141,2.5,1385333022
47,75,2.5,1390205790
47,320,2.0,1415794233
47,159,1.5,1416209274
47,131,4.5,1416601100
47,224,0.5,1416639218
47,301,4.0,1424346961
47,229,2.5,1424803306
47,323,2.0,1427186922
47,6,5.0,1439507527
47,33,4.0,1447481502
47,97,2.5,1467217546
47,14,3.5,1468946487
47,32,5.0,1472013188
47,59,3.0,1476177285
47,165,5.0,1478360556
47,4,4.5,1479471452
47,219,3.0,1488433210
47,217,3.5,1497499821
47,61,3.0,1500235971
47,20,3.5,1522744862
47,63,2.5,1524352071
47,11,4.0,1544489701
47,272,3.0,1560443731
47,130,3.5,1562806693
47,65,4.0,1566702333
47,21,4.0,1592593445
47,13,3.0,1600255651
47,214,3.5,1618434681
47,188,3.0,1628328458
47,41,3.5,1635846190
47,19,4.0,1640084993
47,7,3.5,1643517189
47,89,3.5,1652547199
47,85,3.0,1658375896
47,127,4.0,1660161182
48,132,3.5,1303404694
48,256,5.0,1353054526
48,127,5.0,1368485683
48,19,5.0,1379598897
48,2,5.0,1379998358
48,118,5.0,1394455508
48,15,5.0,1409997519
48,237,1.0,1422345516
48,161,1.5,1454457747
48,30,3.5,1474650524
48,61,2.5,1481598680
48,56,3.0,1482809990
48,13,4.5,1483817536
48,190,4.0,1499753388
48,280,5.0,1503786290
48,40,4.5,1524265106
48,4,5.0,1534825098
48,330,4.0,1581529870
48,143,5.0,1589358406
48,26,4.5,1600947890
48,12,3.0,1602805690
48,14,2.5,1641523640
48,60,0.5,1658972778
49,57,5.0,1277221280
49,61,4.5,1283483771
49,302,5.0,1306981083
49,67,3.5,1319900644
49,22,4.5,1326754868
49,54,5.0,1363642980
49,11,4.5,1364695923
49,311,5.0,1369114519
49,237,4.5,1387756113
49,327,4.0,1402310279
49,34,5.0,1402971631
49,329,3.0,1406265675
49,10,5.0,1410657422
49,58,4.5,1421453188
49,214,3.5,1424478706
49,165,5.0,1480195230
49,56,5.0,1481438885
49,303,3.5,1513272923
49,45,3.0,1524326135
49,89,5.0,1539064764
49,152,2.0,1540483608
49,222,4.5,1562426334
49,182,2.5,1585330545
49,36,5.0,1592660541
49,313,3.5,1603656611
49,181,2.5,1609405212
49,231,4.0,1613511324
49,9,5.0,1617190469
49,18,5.0,1640042953
49,63,3.0,1661132896
50,97,3.0,1273715840
50,69,2.0,1286602501
50,142,2.5,1295174220
50,34,5.0,1295758832
50,33,4.0,1305163699
50,272,4.5,1307509648
50,216,1.5,1308282026
50,28,3.5,1309406516
50,19,4.5,1314908629
50,196,2.5,1315558131
50,289,0.5,1347271680
50,103,2.5,1355914768
50,88,4.0,1372696423
50,45,3.5,1381139549
50,184,2.0,1393356461
50,8,4.5,1422613472
50,300,4.0,1439219208
50,17,3.5,1442328690
50,57,4.0,1464371560
50,7,3.5,1469640918
50,193,2.5,1470346800
50,177,5.0,1480932293
50,127,2.5,1482679449
50,51,3.0,1483509863
50,86,3.0,1485314940
50,93,3.5,1510356023
50,50,4.5,1540827639
50,25,3.0,1547790915
50,61,2.5,1569803128
50,54,4.0,1588484175
50,252,1.0,1613400598
50,59,3.5,1629623953
50,247,4.0,1632375576
50,223,3.0,1644114693
50,53,3.0,1648763396
50,259,3.0,1661112156
51,4,5.0,1266989043
51,237,3.0,1269626801
51,330,4.0,1288494168
51,188,3.0,1298142284
51,169,3.5,1309017194
51,88,5.0,1313860773
51,307,4.5,1322633395
51,314,3.5,1334869817
51,231,3.0,1338620891
51,203,2.5,1352305097
51,50,4.0,1366558663
51,9,5.0,1366974868
51,90,4.0,1373977494
51,190,4.0,1375441121
51,61,4.5,1391153020
51,77,2.5,1422264584
51,78,4.0,1428978154
51,22,4.0,1438611870
51,106,3.0,1455202257
51,322,4.0,1463836510
51,256,5.0,1469936636
51,165,4.5,1470133739
51,28,3.5,1509202153
51,71,2.5,1524407233
51,295,1.5,1529690559
51,72,4.0,1531178845
51,59,3.5,1538845144
51,321,3.5,1542553759
51,79,1.0,1543300955
51,301,3.0,1556926882
51,290,1.5,1568942015
51,302,4.0,1569358362
51,196,4.5,1580597060
51,311,4.0,1624796632
51,12,5.0,1637878405
51,24,4.0,1653121105
52,97,4.0,1270885770
52,305,2.5,1275176406
52,10,4.0,1290493405
52,95,2.0,1297686880
52,135,4.0,1297766582
52,222,3.5,1308486293
52,50,4.0,1313692130
52,330,1.0,1321292887
52,12,3.0,1350515332
52,19,5.0,1353137417
52,119,5.0,1376396188
52,303,0.5,1401454065
52,29,2.0,1408243072
52,42,4.0,1424246447
52,76,3.5,1445206294
52,326,0.5,1453284579
52,85,3.5,1454507600
52,169,2.5,1456905376
52,9,4.5,1469298638
52,231,2.5,1475772943
52,88,2.0,1490823521
52,4,4.5,1529412862
52,96,3.0,1568856557
52,13,4.0,1570102224
52,281,4.0,1573705598
52,93,3.5,1611565947
52,244,4.5,1617261516
52,18,3.5,1622038135
52,131,3.5,1642439977
52,235,0.5,1655366854
53,67,4.0,1269840165
53,6,3.5,1270699894
53,189,3.5,1277118431
53,33,4.5,1287282551
53,39,3.5,1292830481
53,300,4.5,1299180307
53,41,3.5,1302441022
53,59,5.0,1303632430
53,165,5.0,1315526846
53,220,2.5,1321060670
53,321,5.0,1321712107
53,88,5.0,1331708839
53,279,2.5,1333520414
53,94,5.0,1348893602
53,57,5.0,1387543889
53,190,5.0,1391596608
53,47,3.0,1398608662
53,34,5.0,1412985595
53,58,4.5,1415300359
53,95,5.0,1429360787
53,183,4.5,1442733002
53,330,4.0,1445599830
53,92,2.5,1445798415
53,31,5.0,1448560547
53,317,3.5,1452752662
53,42,5.0,1485022232
53,75,3.5,1500213104
53,311,5.0,1507991667
53,324,3.5,1510413551
53,303,3.0,1541517026
53,243,3.0,1543496997
53,237,4.5,1550476549
53,17,4.0,1550799037
53,49,3.5,1578683373
53,4,5.0,1584541337
53,73,2.5,1593644964
53,296,3.5,1600369434
53,131,4.5,1622635015
53,12,5.0,1622641615
53,185,2.0,1622844501
53,154,1.5,1628584591
53,77,3.5,1635847686
53,14,4.5,1638620816
53,46,5.0,1638793302
53,50,4.5,1644745479
53,18,5.0,1647335785
53,9,5.0,1647694998
53,8,5.0,1652946123
53,60,3.5,1654587536
53,5,2.5,1660635116
54,47,1.5,1263012174
54,222,3.5,1299323638
54,1,4.5,1302188872
54,55,1.5,1307902095
54,33,1.5,1311765712
54,134,2.0,1327599350
54,326,2.0,1331129373
54,31,3.0,1331468986
54,327,3.0,1344152414
54,237,1.5,1349763774
54,75,3.0,1361533662
54,9,3.0,1362752356
54,160,0.5,1365023756
54,323,2.0,1366192804
54,153,1.0,1375506166
54,130,4.0,1385168369
54,330,3.0,1391837791
54,2,4.0,1405232041
54,86,3.0,1417698565
54,334,0.5,1420458083
54,246,1.5,1421855609
54,97,4.5,1430887868
54,190,3.0,1435095842
54,257,2.5,1440770879
54,119,4.0,1448041962
54,7,3.5,1459832673
54,8,3.0,1465705924
54,61,1.5,1478524347
54,169,3.0,1485942121
54,72,2.0,1490301937
54,17,2.5,1493073576
54,126,2.0,1506653272
54,21,2.5,1520799498
54,13,3.5,1521894415
54,96,3.5,1543190447
54,95,3.0,1544972828
54,223,1.0,1570556782
54,106,2.5,1575506354
54,80,2.5,1576353421
54,247,2.0,1593598790
54,133,3.0,1593690697
54,240,4.0,1600349354
54,136,2.5,1600564435
54,285,1.5,1603746149
54,114,2.5,1605729517
54,36,2.5,1621221757
54,12,3.5,1640289420
54,112,1.5,1644620629
54,34,2.0,1648594390
54,63,1.5,1648750657
55,185,1.0,1271265825
55,31,3.5,1271444948
55,65,3.0,1281149055
55,46,3.0,1281435574
55,240,2.5,1288155210
55,152,2.5,1290762311
55,299,1.5,1303594918
55,60,2.0,1321173554
55,42,2.5,1323578983
55,88,3.0,1338735083
55,11,4.5,1349861816
55,48,3.0,1389315815
55,49,3.0,1406785568
55,75,2.5,1420762605
55,238,3.5,1421092970
55,279,2.5,1423694091
55,58,2.0,1437028861
55,265,4.0,1459665442
55,80,2.5,1460894897
55,47,2.5,1465368165
55,104,3.5,1465764582
55,244,3.0,1465806528
55,130,4.0,1472122728
55,165,2.5,1474337126
55,93,3.5,1478671093
55,298,3.0,1484231328
55,55,1.0,1491043116
55,105,3.0,1493031627
55,324,1.5,1496366000
55,30,4.0,1502153022
55,252,1.0,1504434640
55,102,2.5,1504602469
55,190,3.5,1505590089
55,288,2.0,1536781849
55,62,1.5,1545278851
55,250,2.5,1548438931
55,66,4.0,1550079666
55,117,4.5,1562671552
55,96,4.0,1568827609
55,3,4.0,1576358998
55,98,3.5,1582459182
55,217,3.5,1586876133
55,329,2.0,1603149590
55,205,1.0,1603795868
55,24,3.0,1615248587
55,174,3.5,1636699404
55,311,3.0,1644933885
55,63,2.0,1651428193
56,90,2.0,1274072749
56,321,1.5,1293402584
56,61,2.0,1294208383
56,304,1.0,1297932979
56,245,1.0,1300382655
56,69,1.5,1312521922
56,72,3.0,1313802916
56,54,2.5,1322477790
56,62,3.0,1324793017
56,71,3.0,1327591484
56,89,2.5,1343637365
56,86,3.0,1363695281
56,149,0.5,1365550011
56,313,2.5,1377299291
56,36,2.5,1395594264
56,1,4.0,1406507150
56,301,1.5,1409039890
56,192,2.0,1409555332
56,87,3.0,1409581057
56,12,3.5,1416926361
56,11,2.5,1417398464
56,327,2.5,1432558827
56,268,2.0,1438448516
56,55,2.0,1448645645
56,50,2.0,1468199851
56,101,2.0,1507918080
56,224,1.0,1517168541
56,133,2.5,1518558849
56,330,2.5,1533415026
56,325,2.5,1553757104
56,123,2.5,1558489824
56,204,3.5,1562759024
56,73,2.0,1569849661
56,8,2.0,1586770795
56,253,2.5,1597174502
56,59,2.0,1604982532
56,326,2.0,1611554360
56,138,2.0,1634267282
56,88,1.5,1635924929
56,127,3.5,1643789526
57,18,3.0,1279211515
57,3,4.0,1293454377
57,240,2.5,1309914310
57,37,4.0,1343161358
57,148,2.5,1366508444
57,188,4.0,1421745545
57,68,1.5,1423454302
57,100,5.0,1432518216
57,89,2.5,1496673968
57,178,4.5,1499448796
57,40,4.0,1520728373
57,62,2.0,1530980070
57,313,2.0,1569785953
57,13,4.0,1602717439
57,114,4.0,1626501608
57,8,3.5,1646376468
58,47,1.0,1286412169
58,154,2.5,1308422717
58,90,5.0,1314897484
58,38,1.0,1376223531
58,303,1.0,1377972838
58,5,4.0,1388944916
58,272,4.5,1451689650
58,143,4.0,1539768469
58,274,3.0,1562692344
58,174,5.0,1579268317
58,313,4.0,1612595970
58,15,5.0,1648443609
59,4,4.0,1266625456
59,18,4.0,1270832066
59,278,4.0,1306945116
59,239,3.5,1317479227
59,263,4.0,1351043224
59,183,3.0,1362234791
59,94,5.0,1375122063
59,306,4.5,1380626916
59,34,3.5,1383466834
59,279,3.0,1390086637
59,293,3.0,1402155196
59,49,2.5,1410536898
59,311,2.5,1418993960
59,99,4.0,1430866142
59,6,4.5,1443118470
59,11,5.0,1460225626
59,325,4.0,1554483171
59,341,5.0,1562377966
59,114,4.0,1573597797
59,30,4.0,1575492628
59,46,3.0,1592337635
59,43,4.0,1602193909
59,226,2.5,1609554083
59,66,5.0,1627201991
59,194,3.5,1634839453
59,177,4.5,1635182211
59,2,5.0,1639462759
60,22,3.0,1285524289
60,320,2.0,1288930159
60,83,3.5,1301835708
60,9,4.5,1305250476
60,91,4.5,1305522854
60,170,3.5,1321375348
60,279,1.0,1340892414
60,3,5.0,1343902612
60,50,3.0,1366541122
60,276,1.0,1407626627
60,324,2.0,1426725699
60,71,3.5,1440931519
60,294,0.5,1443828524
60,59,2.5,1455604425
60,234,4.0,1456328259
60,1,5.0,1457888414
60,204,3.5,1461886685
60,72,2.5,1463383276
60,57,3.5,1470268150
60,104,5.0,1495494831
60,70,3.5,1501619735
60,49,1.0,1513064366
60,64,2.5,1517434522
60,139,4.0,1518649256
60,26,4.0,1522939777
60,35,3.0,1526724072
60,186,2.0,1555814526
60,325,3.5,1563094269
60,165,2.5,1564386505
60,218,2.0,1576392502
60,291,3.0,1577487827
60,54,3.5,1588955240
60,260,4.0,1598389073
60,134,4.0,1611100732
60,305,5.0,1617940934
60,123,3.5,1625418890
60,12,5.0,1632829828
60,237,2.5,1642397251
60,129,3.0,1649787802
60,7,5.0,1650096023
60,17,5.0,1655437705
61,312,3.0,1264991109
61,313,3.5,1276471362
61,88,3.5,1286184173
61,62,4.0,1301580939
61,314,3.0,1315425761
61,57,3.5,1319101383
61,1,5.0,1328127339
61,109,3.5,1336945318
61,19,4.5,1346421172
61,51,1.5,1346687980
61,92,3.0,1367382501
61,11,3.5,1398865699
61,327,4.0,1419503534
61,135,3.5,1431549522
61,4,4.5,1454386409
61,7,3.0,1457158085
61,279,2.0,1464141264
61,65,3.5,1498049167
61,163,3.5,1537950598
61,261,2.0,1542179800
61,169,2.5,1549610097
61,250,3.0,1586522154
61,13,3.5,1603339109
61,204,3.5,1659036564
62,110,2.0,1262651443
62,19,4.5,1267436118
62,126,3.5,1270902126
62,300,3.5,1276875173
62,163,3.0,1285095369
62,34,4.5,1285738878
62,65,3.5,1311084859
62,203,2.5,1328055396
62,239,3.5,1334117803
62,342,2.0,1340455378
62,245,1.5,1346019948
62,329,2.5,1346771309
62,62,3.5,1348773150
62,47,3.0,1371241215
62,149,1.0,1381164271
62,58,3.0,1407201750
62,69,2.0,1437959095
62,4,4.5,1451082003
62,54,4.5,1471289756
62,2,3.0,1492585005
62,35,3.5,1492805310
62,9,4.0,1532231894
62,44,1.5,1573147226
62,190,3.0,1582472575
62,30,3.5,1582992611
62,57,5.0,1584836380
62,218,2.5,1597755202
62,302,4.0,1638572450
62,247,4.0,1643630916
63,35,5.0,1272380281
63,32,5.0,1281907117
63,250,3.0,1298426774
63,33,5.0,1298454935
63,236,2.5,1298738318
63,1,5.0,1312320530
63,105,5.0,1335870354
63,30,5.0,1338717683
63,87,2.5,1340382282
63,11,5.0,1342907386
63,131,4.0,1347998464
63,144,5.0,1350065055
63,14,5.0,1352707795
63,99,4.0,1367099855
63,248,4.0,1372911961
63,312,0.5,1381330274
63,12,5.0,1389204151
63,27,5.0,1419253809
63,106,4.5,1424766290
63,224,1.0,1439182575
63,7,4.5,1449222473
63,55,3.5,1483814947
63,211,2.0,1494465555
63,304,1.0,1498813456
63,26,4.5,1522455727
63,40,5.0,1523555363
63,69,2.0,1544957642
63,34,5.0,1547086114
63,2,5.0,1569055446
63,143,5.0,1581160630
63,28,5.0,1607233293
63,56,5.0,1628704816
64,135,3.5,1304716466
64,204,0.5,1307185340
64,49,3.5,1324847781
64,40,4.5,1398046952
64,56,4.0,1402337299
64,313,2.5,1469138767
64,31,4.5,1513035760
64,34,5.0,1514365933
64,330,1.5,1562891402
64,91,2.5,1571900152
64,19,4.0,1588426751
64,6,4.5,1625836687
65,122,4.0,1273141551
65,132,2.5,1274093147
65,204,2.5,1277219447
65,56,5.0,1282062000
65,200,3.5,1307869620
65,14,5.0,1310521800
65,19,5.0,1314874029
65,66,4.5,1335915724
65,234,3.5,1348433816
65,237,4.5,1375858782
65,25,5.0,1377919659
65,61,5.0,1379786283
65,65,5.0,1394491991
65,50,5.0,1397379800
65,9,5.0,1408380276
65,159,3.0,1410389985
65,27,4.5,1411710629
65,87,3.5,1423060799
65,6,4.5,1436113461
65,3,3.5,1457915883
65,94,5.0,1466211146
65,164,4.0,1468502268
65,29,5.0,1480043155
65,129,3.5,1483392933
65,142,3.5,1497346572
65,58,5.0,1498217975
65,73,2.5,1500124026
65,322,5.0,1509686099
65,54,5.0,1512869788
65,28,5.0,1515515496
65,127,3.5,1517172816
65,7,3.5,1518281200
65,165,5.0,1527846359
65,88,4.5,1533428375
65,211,4.0,1535735286
65,12,5.0,1540792646
65,169,3.0,1579733820
65,312,3.0,1582820296
65,222,5.0,1593101192
65,302,5.0,1595383937
65,218,4.5,1608114082
65,327,3.5,1611893092
65,106,4.5,1625391536
65,93,5.0,1632704416
65,126,4.0,1633800154
66,90,2.5,1270968339
66,33,5.0,1273351617
66,28,4.0,1284702888
66,304,0.5,1289231892
66,56,5.0,1309429290
66,55,4.5,1313905418
66,95,4.0,1332908175
66,30,5.0,1337210773
66,1,5.0,1348069699
66,78,2.0,1351375798
66,50,4.0,1353594599
66,135,3.0,1359319367
66,59,4.5,1374421893
66,224,2.0,1391079869
66,188,1.5,1398636881
66,71,2.5,1407255295
66,57,5.0,1419891951
66,190,4.0,1433379573
66,12,5.0,1440762515
66,311,4.0,1457990422
66,321,4.0,1471685638
66,253,3.0,1497400998
66,177,5.0,1504287575
66,38,3.5,1522445533
66,68,4.5,1537235855
66,18,5.0,1547502504
66,72,2.5,1565668003
66,237,3.5,1567771458
66,23,4.0,1585187380
66,14,5.0,1599769609
66,29,5.0,1626041564
66,74,3.0,1639128864
67,178,3.0,1290632358
67,245,3.0,1341175252
67,188,1.5,1345678348
67,49,1.5,1363045396
67,155,2.0,1374843285
67,36,2.5,1407391986
67,134,5.0,1413507248
67,152,4.5,1415091829
67,85,1.5,1420475334
67,11,3.5,1432127710
67,68,3.0,1450857796
67,219,3.0,1450869491
67,45,1.5,1460060756
67,243,1.0,1468848449
67,80,2.5,1469214491
67,17,4.5,1483312134
67,88,2.5,1489285354
67,164,2.5,1506754396
67,99,2.5,1507376592
67,217,5.0,1518987965
67,30,4.0,1537658924
67,60,2.5,1541572981
67,98,1.5,1550029498
67,326,2.5,1567226716
67,279,2.0,1570963707
67,211,3.0,1571343363
67,14,2.5,1596969955
67,331,2.5,1598941973
67,23,4.5,1607030019
67,77,2.0,1612433183
67,291,4.0,1621952517
67,19,4.5,1631977033
67,338,2.5,1645379246
67,216,2.5,1646748983
67,13,4.5,1651530240
67,33,3.5,1655161050
68,47,2.5,1265545427
68,64,4.0,1269482378
68,302,5.0,1279595614
68,237,3.5,1294179805
68,312,2.0,1321557927
68,17,3.5,1329311745
68,60,4.5,1338978718
68,167,3.0,1340982320
68,281,3.5,1342900690
68,103,2.0,1361265602
68,31,3.5,1362503440
68,222,5.0,1370826435
68,197,2.0,1376973813
68,4,4.0,1392888313
68,147,2.0,1404726282
68,164,2.5,1410918693
68,239,3.5,1411743657
68,22,3.5,1432650212
68,165,4.5,1436357314
68,104,2.0,1444446563
68,62,2.5,1444585585
68,196,3.0,1445890306
68,250,1.5,1447997798
68,86,3.5,1452524348
68,98,1.5,1453904919
68,8,5.0,1453920437
68,311,4.5,1457014292
68,218,2.0,1457161926
68,224,3.5,1472292530
68,113,2.0,1490679176
68,244,2.0,1501272344
68,33,3.5,1503357243
68,55,5.0,1506247355
68,10,4.0,1508433595
68,50,3.5,1508922582
68,57,4.5,1522467829
68,14,4.5,1536832418
68,19,3.5,1544463079
68,322,5.0,1546180932
68,153,3.0,1555792761
68,129,2.0,1567259218
68,158,2.0,1593731952
68,59,4.0,1602997019
68,242,2.5,1608147723
68,42,4.0,1609184531
68,38,3.0,1619086580
68,195,2.0,1620066642
68,32,4.5,1628523625
68,161,3.0,1637268163
68,324,4.0,1646493239
69,12,3.5,1274474730
69,322,3.5,1293111568
69,298,2.5,1298263106
69,129,4.0,1301846622
69,19,5.0,1316400975
69,108,3.0,1327264340
69,14,3.5,1327587455
69,222,4.5,1336569181
69,313,4.5,1355990794
69,59,3.5,1379910478
69,327,3.5,1380911917
69,41,4.5,1387280951
69,61,2.5,1420923334
69,11,5.0,1435479090
69,190,3.0,1451494305
69,276,2.5,1453331478
69,279,2.5,1462988916
69,22,3.0,1473037527
69,56,4.5,1473506384
69,66,2.5,1479945343
69,320,3.5,1511688162
69,47,4.0,1523018089
69,18,4.0,1527759843
69,94,4.5,1529773678
69,40,5.0,1561251521
69,185,1.0,1588460285
69,7,3.0,1594800342
69,95,4.0,1598737301
69,35,3.0,1611474995
69,165,4.0,1627950159
69,16,3.0,1644704470
69,256,4.5,1648866958
69,4,3.5,1651436897
69,30,4.5,1655834614
69,57,5.0,1657272944
70,7,5.0,1267393099
70,321,2.0,1268699143
70,91,4.0,1294821619
70,319,2.5,1299993624
70,307,3.0,1309880430
70,6,4.0,1311171235
70,35,4.0,1336790453
70,160,1.0,1338864609
70,333,1.5,1341137736
70,305,4.0,1341205225
70,1,5.0,1346631296
70,250,1.0,1355350303
70,49,3.5,1357712599
70,10,4.0,1360764809
70,8,5.0,1360950198
70,212,1.0,1364999733
70,108,3.0,1371190313
70,225,2.0,1435246071
70,177,5.0,1438638271
70,158,4.5,1469274775
70,4,5.0,1485678253
70,170,3.5,1489690845
70,290,1.0,1492906510
70,15,5.0,1519501399
70,114,5.0,1546369210
70,3,5.0,1551090164
70,323,2.5,1570158518
70,36,5.0,1573549577
70,119,5.0,1592278064
70,55,1.5,1598603956
71,148,2.5,1263634866
71,105,3.5,1266571791
71,12,4.5,1268389532
71,192,2.5,1270215342
71,91,5.0,1314197137
71,6,5.0,1332655306
71,307,4.0,1343164566
71,232,3.0,1364618874
71,63,3.0,1388388366
71,272,3.5,1405324766
71,291,4.5,1408142731
71,74,4.5,1411386697
71,136,4.0,1416280043
71,15,5.0,1420170876
71,219,3.0,1471857802
71,106,4.5,1474625577
71,36,3.5,1478983580
71,82,4.5,1515069686
71,217,4.0,1516844930
71,90,4.5,1527693460
71,19,4.5,1548597082
71,323,4.0,1552989478
71,135,4.0,1588639420
71,283,3.0,1595867588
71,1,5.0,1598117480
71,138,3.5,1607492251
71,18,3.5,1620649399
71,7,5.0,1626159992
71,11,4.0,1629071691
71,62,5.0,1648924190
71,64,3.5,1652921338
71,293,2.0,1659074138
71,59,2.5,1660895484
72,32,3.5,1264143703
72,44,3.5,1290894933
72,189,2.5,1312499124
72,152,2.0,1346943021
72,329,1.0,1366771464
72,50,4.0,1381332016
72,18,3.0,1414075397
72,342,3.0,1428961311
72,66,3.5,1435453935
72,8,4.0,1438115007
72,177,5.0,1443709330
72,13,4.0,1466563046
72,45,3.0,1469929416
72,99,2.5,1487934304
72,52,3.0,1542307327
72,4,4.0,1620375936
72,57,2.5,1622744377
72,9,3.0,1642628863
72,247,2.5,1661340390
73,302,5.0,1268847229
73,54,5.0,1275784553
73,189,2.5,1283962954
73,26,4.5,1298792784
73,105,5.0,1311149133
73,174,3.5,1326612737
73,100,3.0,1327545602
73,37,5.0,1344122710
73,338,4.0,1354849578
73,273,1.5,1360528608
73,264,5.0,1370127820
73,8,5.0,1371406318
73,87,2.5,1375838660
73,35,5.0,1397102149
73,7,4.0,1400799157
73,31,5.0,1402757791
73,195,0.5,1419459563
73,290,1.0,1428355222
73,216,2.0,1444941048
73,291,2.5,1445828779
73,200,3.5,1462389746
73,58,5.0,1465070809
73,61,2.5,1477081002
73,183,3.5,1479823020
73,236,2.5,1481403930
73,69,2.0,1490050295
73,13,4.0,1515571166
73,55,3.5,1517403881
73,165,4.5,1521847143
73,30,5.0,1542546007
73,92,1.5,1555565610
73,269,2.0,1557796357
73,237,4.0,1560130231
73,12,5.0,1563761576
73,252,2.0,1570217305
73,182,1.5,1576209367
73,83,3.0,1615327783
73,32,5.0,1616220011
73,121,3.0,1617914533
73,322,5.0,1623783804
73,33,5.0,1650915013
73,102,2.5,1651316536
73,34,5.0,1656980545
73,18,5.0,1661743024
74,322,5.0,1263425014
74,26,4.0,1270837546
74,169,2.5,1291870195
74,186,4.0,1315341573
74,160,4.5,1321576276
74,196,5.0,1323555593
74,55,5.0,1325978232
74,61,4.5,1337603209
74,12,5.0,1338004196
74,58,5.0,1349152716
74,99,4.0,1350346504
74,165,5.0,1358125517
74,54,5.0,1359013287
74,18,5.0,1362872683
74,141,3.5,1364895886
74,261,3.5,1378516856
74,9,5.0,1383220020
74,291,3.5,1392165397
74,324,3.5,1392365689
74,34,4.5,1403139289
74,47,3.0,1415815496
74,89,5.0,1418489664
74,17,4.5,1421448570
74,10,5.0,1433925568
74,184,3.5,1457409081
74,162,3.0,1463914981
74,223,4.5,1482577902
74,91,3.5,1510779838
74,57,5.0,1521294765
74,183,4.5,1522724375
74,74,4.0,1545676350
74,177,4.0,1553948389
74,237,4.5,1565457375
74,325,5.0,1577240209
74,187,4.0,1584900007
74,328,3.5,1587883598
74,257,4.0,1590781933
74,340,1.0,1596143579
74,76,3.5,1599490485
74,85,3.0,1603552581
74,56,5.0,1612720591
74,236,1.5,1612915551
74,20,5.0,1620539480
74,14,5.0,1623181265
74,2,4.0,1637422642
75,23,5.0,1270601174
75,6,5.0,1274650126
75,62,4.0,1276145482
75,134,3.5,1295272974
75,50,4.0,1298073575
75,129,4.5,1321255422
75,65,4.0,1345608229
75,91,2.5,1358437030
75,339,3.0,1363065819
75,127,5.0,1364121423
75,34,2.5,1367353340
75,190,4.5,1375111675
75,56,4.0,1385656345
75,9,3.5,1390608520
75,24,5.0,1398408983
75,236,4.0,1402126207
75,323,3.0,1422863990
75,25,4.0,1439218443
75,211,2.0,1455308855
75,114,1.5,1459343423
75,41,1.5,1479210323
75,19,5.0,1484173767
75,304,4.0,1516391505
75,48,3.0,1570025913
75,14,2.5,1578557494
75,22,4.5,1596744955
75,155,2.0,1603545304
75,161,3.5,1622376265
75,59,3.0,1637261378
76,179,4.5,1265760340
76,27,5.0,1275604006
76,12,5.0,1278039293
76,13,5.0,1295522565
76,285,1.5,1308181737
76,25,5.0,1313096846
76,3,5.0,1361617974
76,4,5.0,1381822714
76,57,5.0,1388992958
76,185,0.5,1412577520
76,15,5.0,1418402001
76,268,5.0,1427934796
76,177,5.0,1431292966
76,58,2.0,1441477352
76,222,4.5,1441962273
76,2,5.0,1481049189
76,1,5.0,1564118471
76,172,5.0,1572672460
76,109,5.0,1583053726
76,7,5.0,1593301516
76,174,5.0,1640480974
77,109,4.0,1271132195
77,34,4.5,1277567507
77,31,4.5,1287410442
77,12,4.5,1303734419
77,45,3.5,1305001357
77,60,4.5,1305829506
77,89,4.5,1307333293
77,35,4.5,1311247373
77,30,4.0,1319261546
77,85,3.0,1324833726
77,6,3.5,1326675786
77,121,2.5,1327522653
77,44,3.5,1331212257
77,136,3.5,1351569141
77,309,3.5,1352934742
77,102,3.5,1378108546
77,311,4.5,1383230568
77,302,5.0,1411702201
77,173,2.5,1421989616
77,223,4.5,1431812621
77,47,3.0,1439069526
77,46,4.5,1441546381
77,165,5.0,1450215849
77,166,3.5,1451561749
77,4,5.0,1457497816
77,87,3.5,1484799934
77,244,3.0,1491229987
77,108,2.5,1518682486
77,205,0.5,1524242620
77,1,5.0,1524644477
77,213,2.0,1534290115
77,64,3.5,1540161336
77,86,4.0,1550517910
77,234,3.0,1552931166
77,277,3.0,1563753246
77,93,4.0,1567267901
77,36,5.0,1575391679
77,10,5.0,1576242971
77,18,4.5,1588528786
77,41,3.5,1598806459
77,14,5.0,1599381592
77,211,2.5,1615605610
77,59,4.5,1631484778
77,95,2.5,1637330823
77,19,4.5,1650417512
77,177,4.5,1658193807
78,15,5.0,1262685082
78,70,4.5,1265833113
78,59,3.0,1266704158
78,76,3.0,1271424234
78,57,5.0,1273567536
78,202,3.5,1299734536
78,35,4.0,1315071680
78,16,4.0,1323914241
78,55,3.0,1327275254
78,102,4.5,1337617392
78,68,4.5,1349990661
78,33,4.0,1354427960
78,8,5.0,1373317428
78,135,4.5,1399383209
78,12,5.0,1408887501
78,159,2.0,1427723120
78,86,5.0,1439733472
78,45,2.5,1445290669
78,320,4.5,1449414782
78,200,3.5,1477311979
78,28,3.5,1500975113
78,60,2.0,1503432816
78,64,3.0,1506960138
78,315,3.0,1514718338
78,134,4.5,1521578347
78,308,4.5,1530523312
78,291,4.5,1551288961
78,7,5.0,1585890968
78,54,4.0,1595555209
78,327,5.0,1599315498
78,2,4.0,1615517445
78,205,1.5,1618892408
78,13,5.0,1632791630
78,9,4.0,1644096609
78,164,2.5,1646735113
79,328,2.5,1304356264
79,242,2.5,1324357356
79,103,2.5,1342695930
79,22,3.5,1343123477
79,55,3.5,1355949481
79,105,4.0,1356081600
79,237,4.0,1368794313
79,63,2.5,1393503706
79,8,5.0,1428021697
79,224,1.5,1448937366
79,232,2.5,1467966406
79,28,4.0,1480984916
79,322,5.0,1491019775
79,326,2.5,1493184855
79,266,4.0,1494168751
79,311,3.5,1514274784
79,26,4.5,1529156779
79,30,4.5,1543155773
79,34,5.0,1565510903
79,94,4.0,1586510199
79,4,4.0,1589031769
79,325,3.0,1594328178
79,10,5.0,1643570228
79,109,4.0,1649360536
79,54,5.0,1659856488
80,322,5.0,1263690993
80,326,3.5,1295496340
80,18,5.0,1298595790
80,23,4.0,1299335625
80,43,2.5,1308538182
80,93,3.5,1315372213
80,305,4.0,1325966496
80,6,4.0,1346811452
80,42,3.0,1352852637
80,188,1.5,1393867161
80,45,2.5,1403178568
80,181,2.0,1406006852
80,56,5.0,1409476680
80,47,3.5,1413921728
80,44,2.5,1417338915
80,331,3.0,1431167411
80,8,5.0,1446740925
80,165,5.0,1462038508
80,186,3.0,1501452401
80,14,5.0,1501958144
80,219,3.0,1510995070
80,307,3.0,1518795487
80,99,3.0,1519347908
80,106,3.5,1548921050
80,26,5.0,1550448196
80,55,3.5,1559145536
80,279,1.0,1564618898
80,86,4.0,1576020762
80,9,5.0,1581956000
80,36,5.0,1591567003
80,58,4.5,1601404113
80,297,4.0,1605756862
80,182,2.0,1617060839
80,64,3.5,1639198967
80,217,3.0,1657685516
80,31,5.0,1658019382
80,74,3.0,1662213603
81,16,4.5,1274430469
81,268,5.0,1301342273
81,93,4.0,1326977115
81,68,4.0,1340130547
81,193,3.5,1353775968
81,277,3.0,1360360612
81,218,3.0,1414371098
81,23,4.5,1432299292
81,19,5.0,1445244765
81,165,3.0,1460781400
81,106,3.5,1469003035
81,147,4.5,1491393523
81,26,5.0,1495315675
81,179,3.0,1496556692
81,13,5.0,1499943522
81,3,5.0,1505524146
81,57,4.5,1510919933
81,113,3.5,1535482921
81,151,3.0,1537325947
81,148,3.0,1537377366
81,58,1.0,1557820392
81,62,4.0,1588611560
81,33,2.0,1589816725
81,59,2.5,1609463819
81,102,2.5,1635178998
81,237,1.0,1658707867
82,32,5.0,1271611535
82,7,5.0,1274808111
82,139,2.5,1277711393
82,165,5.0,1283921085
82,60,3.0,1285851162
82,321,3.5,1299597655
82,25,3.5,1311283066
82,19,5.0,1323987310
82,97,2.5,1327858372
82,1,5.0,1336245819
82,29,5.0,1339931562
82,233,1.5,1347804682
82,42,5.0,1348493819
82,196,3.0,1352736004
82,311,4.5,1360644279
82,92,1.5,1368943163
82,74,3.5,1380254401
82,159,2.0,1393389722
82,104,2.5,1397731826
82,9,5.0,1403475391
82,70,3.0,1406140241
82,245,3.0,1406391450
82,41,5.0,1410749776
82,327,4.5,1414098971
82,90,4.0,1414593769
82,15,5.0,1416755061
82,47,4.5,1441681025
82,102,3.5,1444006384
82,88,5.0,1469522254
82,10,5.0,1469811642
82,36,5.0,1469828799
82,83,3.0,1483224209
82,143,5.0,1494401652
82,8,5.0,1498026849
82,12,5.0,1511431253
82,30,5.0,1514429791
82,38,5.0,1515701581
82,67,3.0,1530995983
82,33,5.0,1541558109
82,13,5.0,1548302238
82,40,5.0,1553232075
82,59,4.5,1554189050
82,222,5.0,1558955832
82,331,2.5,1562029540
82,44,5.0,1572004562
82,200,3.5,1572457590
82,34,5.0,1595853940
82,11,5.0,1597487339
82,81,4.0,1634236886
82,76,4.0,1635973324
82,291,4.0,1640496322
82,168,1.0,1648561147
82,183,3.5,1649623097
82,89,5.0,1653091585
83,240,1.5,1273806721
83,30,4.5,1280896270
83,47,2.0,1283617087
83,207,2.0,1288147225
83,211,3.0,1290615112
83,139,3.5,1319095250
83,214,5.0,1320845318
83,257,2.0,1358575832
83,11,3.0,1375204779
83,135,3.5,1387619452
83,324,2.0,1397063857
83,297,2.5,1397864772
83,1,3.0,1429529552
83,40,2.0,1430748622
83,31,5.0,1432243081
83,20,4.5,1479945551
83,56,3.5,1492983532
83,317,0.5,1507989040
83,303,1.5,1577095381
83,58,3.0,1581188190
83,90,3.5,1587148103
83,210,3.0,1587385654
83,154,3.0,1594738977
83,9,4.0,1621759435
83,326,3.0,1624766190
84,154,3.0,1291538636
84,144,5.0,1317522885
84,74,5.0,1352357483
84,30,5.0,1357281943
84,45,3.0,1357329519
84,2,5.0,1373138792
84,16,4.5,1374167248
84,315,1.0,1385203574
84,277,3.5,1390539970
84,84,3.5,1414801575
84,11,5.0,1434297926
84,28,4.0,1442791550
84,185,0.5,1459967763
84,147,4.0,1462067295
84,42,4.5,1463684095
84,25,3.5,1467736984
84,313,4.0,1468224027
84,70,3.0,1475779440
84,165,3.0,1506591810
84,6,4.5,1512236581
84,340,5.0,1517309992
84,64,2.0,1524804874
84,187,1.5,1556078893
84,32,4.0,1559612866
84,49,2.5,1563764636
84,174,4.0,1604606547
84,222,3.0,1607278221
84,338,3.0,1613678501
84,320,3.0,1615950127
84,88,3.0,1636958899
84,326,0.5,1646161101
85,103,2.5,1271459748
85,175,3.5,1301558188
85,164,3.0,1307433754
85,6,4.5,1339140735
85,13,4.5,1369081679
85,68,4.5,1377726310
85,73,2.0,1413654407
85,237,4.0,1418081470
85,87,3.5,1420519712
85,296,3.5,1421584460
85,34,5.0,1422392383
85,66,5.0,1431096834
85,37,5.0,1436771914
85,291,2.5,1447526613
85,61,3.5,1452987454
85,183,3.5,1455572710
85,55,4.0,1455645588
85,189,3.0,1464657041
85,94,3.5,1473352474
85,20,5.0,1482076712
85,288,0.5,1490873422
85,38,4.0,1492543573
85,299,1.0,1523903684
85,325,3.5,1540676944
85,300,4.0,1561523857
85,45,2.5,1567364380
85,35,5.0,1578448608
85,180,2.5,1582040763
85,12,5.0,1583576031
85,57,5.0,1614703979
85,165,5.0,1616986884
85,323,3.0,1618451835
85,54,5.0,1633295907
85,9,5.0,1658311064
85,4,5.0,1661236263
86,20,3.5,1262479567
86,11,5.0,1264708260
86,24,3.5,1267691013
86,23,2.5,1273466429
86,165,2.0,1285562162
86,105,4.0,1341714293
86,41,4.5,1341722886
86,158,3.5,1388241876
86,227,2.0,1396346820
86,26,4.0,1402432709
86,117,4.0,1411751237
86,8,4.0,1415532188
86,345,4.5,1433611418
86,109,3.0,1458128038
86,239,4.0,1464454640
86,278,1.0,1467464878
86,296,4.0,1469137688
86,14,3.5,1476636188
86,76,5.0,1487444137
86,321,2.5,1503417565
86,7,4.5,1512975557
86,317,1.5,1525241353
86,81,2.0,1557629740
86,73,0.5,1574340824
86,49,4.0,1584525058
86,55,0.5,1585205543
86,256,4.0,1591428636
86,244,4.0,1601254601
86,62,2.0,1614081366
86,314,3.0,1621455731
86,199,1.5,1653336453
87,113,5.0,1268494214
87,290,1.0,1273297733
87,64,2.5,1275674444
87,165,4.0,1302864249
87,95,3.0,1315067531
87,151,3.0,1318658300
87,89,3.5,1325077936
87,10,4.5,1334614499
87,215,3.5,1345617294
87,313,3.0,1354266901
87,9,5.0,1358653782
87,104,4.5,1361114866
87,56,4.0,1371015792
87,29,5.0,1380653390
87,191,1.0,1382017364
87,193,4.0,1383076363
87,17,5.0,1387095705
87,12,4.0,1388875000
87,4,5.0,1389216646
87,129,3.5,1395537209
87,186,3.0,1403982173
87,6,4.0,1411049465
87,50,3.5,1420917684
87,7,4.5,1437674593
87,20,4.5,1438511098
87,1,5.0,1442661856
87,134,4.0,1451595252
87,105,5.0,1458737761
87,298,3.0,1460149485
87,30,5.0,1466088363
87,2,5.0,1472905519
87,112,5.0,1479373766
87,187,3.0,1490668566
87,59,3.0,1491108236
87,60,2.5,1519777507
87,157,4.0,1520333826
87,103,1.0,1533429008
87,19,3.5,1540821582
87,45,1.5,1545132521
87,37,4.0,1556511051
87,28,5.0,1557664444
87,32,5.0,1558379232
87,240,1.5,1579448666
87,259,4.5,1593082032
87,337,5.0,1599926969
87,11,5.0,1613976456
87,220,2.0,1621671028
87,13,5.0,1621927427
87,25,4.0,1622317946
87,15,5.0,1622855791
87,24,2.0,1637951131
87,26,4.0,1641332785
88,59,4.0,1271262394
88,87,5.0,1283004770
88,26,5.0,1305555042
88,313,5.0,1305771853
88,12,5.0,1320443814
88,240,4.5,1330329176
88,15,5.0,1338608950
88,89,5.0,1344048178
88,62,5.0,1349377443
88,282,3.0,1351841087
88,333,4.0,1357157922
88,32,4.0,1377343377
88,34,4.5,1377899649
88,69,4.0,1381101373
88,300,2.5,1382658475
88,23,5.0,1383149499
88,61,4.0,1389623920
88,281,4.5,1391248618
88,127,4.5,1391614338
88,17,5.0,1412994086
88,67,4.5,1416022250
88,130,5.0,1422395526
88,186,3.0,1422570580
88,330,4.0,1425772057
88,57,5.0,1426178219
88,13,5.0,1437143057
88,18,5.0,1437392007
88,74,5.0,1457408199
88,135,5.0,1458450800
88,9,3.5,1461521121
88,88,5.0,1479970737
88,22,4.0,1494864265
88,256,5.0,1495757644
88,321,4.0,1498689304
88,1,5.0,1499205337
88,46,2.5,1501007151
88,169,4.0,1511836547
88,314,5.0,1516043473
88,101,4.0,1532548761
88,6,4.5,1533449964
88,19,5.0,1544844411
88,198,2.0,1548001826
88,174,5.0,1588355159
88,63,4.0,1593164426
88,230,1.5,1595088350
88,7,5.0,1602598728
88,70,5.0,1605588068
88,37,2.5,1608207297
88,25,5.0,1610296514
88,45,4.5,1612410657
88,97,5.0,1615703541
88,305,5.0,1633954655
88,73,3.5,1645763398
88,66,4.0,1655122556
88,148,3.0,1655260444
88,86,5.0,1661732889
89,104,3.5,1285661591
89,323,2.5,1301020920
89,300,3.5,1301653892
89,107,3.0,1377168738
89,242,3.5,1391881713
89,44,4.5,1426476738
89,22,3.5,1495414766
89,36,5.0,1531641427
89,205,0.5,1548451248
89,23,4.0,1555544965
89,187,3.0,1628231095
89,214,3.5,1644679064
90,236,2.5,1304769780
90,44,4.0,1319911582
90,11,5.0,1324542699
90,183,1.5,1324703298
90,213,2.0,1330258755
90,20,2.0,1335891895
90,129,4.0,1351856025
90,117,5.0,1385235953
90,204,0.5,1389679281
90,278,2.0,1389760600
90,36,5.0,1390814866
90,53,3.5,1393461232
90,281,4.0,1399046521
90,105,5.0,1399598286
90,76,3.5,1404834238
90,90,1.5,1404901533
90,31,4.0,1405886424
90,200,2.0,1408141900
90,250,1.5,1409453468
90,130,4.5,1422908952
90,118,5.0,1424376713
90,4,4.0,1445912211
90,50,4.5,1461994932
90,328,3.0,1479906379
90,179,3.0,1487639435
90,48,4.0,1490784582
90,16,5.0,1493275697
90,22,4.0,1495487567
90,93,4.5,1503990924
90,17,4.0,1515327075
90,160,0.5,1526703009
90,247,5.0,1529997583
90,110,3.0,1543314322
90,193,4.5,1546153181
90,5,5.0,1578182499
90,314,2.0,1585070114
90,10,4.0,1589416601
90,245,2.0,1595091135
90,135,3.0,1599154496
90,87,3.0,1611312886
90,18,3.5,1613203237
90,24,4.5,1615991864
90,115,4.5,1630569548
90,113,4.0,1648094533
90,260,3.5,1661226878
90,165,2.5,1661341883
91,117,5.0,1264966101
91,25,5.0,1284877487
91,67,3.5,1288390065
91,323,3.5,1290286586
91,18,4.5,1291364557
91,329,3.0,1301911377
91,24,5.0,1311344712
91,2,5.0,1316353349
91,279,1.5,1317296934
91,56,4.5,1325109639
91,298,2.0,1347127352
91,12,5.0,1350189230
91,136,5.0,1355389418
91,15,5.0,1383914342
91,190,4.5,1388943656
91,314,3.0,1390818857
91,5,5.0,1391818861
91,217,3.5,1395111093
91,212,1.5,1401764447
91,17,5.0,1416562977
91,322,3.0,1436006964
91,11,5.0,1440905349
91,231,3.5,1451819511
91,57,4.0,1472563080
91,75,4.5,1479497233
91,54,4.5,1497263407
91,48,3.0,1498915280
91,303,1.0,1524388166
91,8,5.0,1524662285
91,77,2.5,1536824988
91,7,5.0,1538184078
91,87,4.0,1538300031
91,59,2.5,1554697805
91,64,3.5,1555711111
91,6,5.0,1596164300
91,130,5.0,1598876285
91,262,4.0,1608926358
91,272,4.0,1621015415
91,135,4.5,1625166813
91,40,4.0,1641124660
91,305,5.0,1651153941
92,58,4.0,1262902466
92,321,3.5,1290030108
92,107,2.0,1299035859
92,19,4.0,1308509184
92,11,4.0,1316887041
92,75,2.0,1338461706
92,300,3.5,1345632860
92,15,3.5,1346818764
92,307,2.5,1352980788
92,35,5.0,1356643828
92,7,4.0,1371295825
92,69,1.0,1388713792
92,247,4.0,1416500513
92,38,3.5,1419060594
92,9,4.5,1427337955
92,88,3.0,1428891225
92,21,2.5,1435103207
92,14,5.0,1455839572
92,83,2.5,1472289708
92,327,2.5,1476490309
92,46,3.5,1477210108
92,199,2.5,1509041191
92,89,3.5,1530860283
92,29,4.0,1531622516
92,13,3.0,1535991650
92,346,1.5,1549384499
92,258,2.5,1558359526
92,135,2.5,1565976258
92,16,3.5,1566909059
92,30,5.0,1600796630
92,51,2.5,1642984540
92,31,4.0,1650140138
92,10,5.0,1661478568
93,31,5.0,1263894042
93,154,1.0,1273881292
93,229,3.0,1275866898
93,54,5.0,1301691375
93,246,1.5,1314339510
93,70,3.5,1319075775
93,9,5.0,1326215542
93,132,3.0,1326550193
93,86,4.0,1383207455
93,68,3.0,1393027115
93,177,5.0,1395961028
93,61,3.0,1396150668
93,305,3.5,1400472041
93,137,3.5,1414784071
93,161,3.0,1426283267
93,55,4.5,1427093441
93,111,4.0,1436313605
93,72,3.0,1456490733
93,1,4.5,1468452952
93,2,4.0,1471758501
93,300,4.5,1472816176
93,181,2.0,1477609288
93,13,4.0,1481065395
93,212,1.5,1488476695
93,312,2.5,1496262860
93,234,3.0,1510933521
93,23,3.5,1516722903
93,276,1.5,1524286812
93,11,4.5,1524709838
93,59,5.0,1527984137
93,18,5.0,1534149949
93,321,3.5,1556225117
93,106,3.5,1560513649
93,39,5.0,1565214694
93,272,4.0,1567523880
93,35,5.0,1569985932
93,81,3.5,1577813005
93,240,2.5,1586036389
93,309,4.0,1598457847
93,56,5.0,1598697959
93,303,3.0,1599902507
93,193,3.5,1604998859
93,245,3.5,1618866815
93,10,5.0,1619849696
93,97,2.0,1619965596
93,52,3.5,1629170542
93,62,4.0,1639967850
93,93,4.0,1642671617
93,126,4.0,1649100845
93,185,3.0,1654381497
93,40,5.0,1655791760
94,108,2.5,1262838120
94,43,3.0,1289611972
94,58,5.0,1293870950
94,167,3.5,1317668030
94,214,3.5,1319926718
94,105,5.0,1355121145
94,30,4.5,1359969628
94,140,5.0,1384024628
94,93,3.5,1388073307
94,251,2.5,1396829851
94,299,3.5,1399343306
94,220,4.0,1446878727
94,9,5.0,1468895211
94,31,5.0,1478561075
94,303,4.0,1490140782
94,63,3.5,1511568274
94,218,4.5,1519091432
94,227,4.5,1522518375
94,232,4.5,1522868112
94,53,2.5,1525028120
94,134,2.5,1525826752
94,155,3.5,1536409117
94,132,2.5,1537998918
94,278,2.0,1563172886
94,36,4.0,1570922396
94,182,3.5,1571719446
94,119,4.0,1588016004
94,109,3.5,1596605386
94,107,3.0,1601614579
94,236,2.5,1628913635
94,24,2.5,1640774370
94,35,5.0,1647601295
94,103,2.5,1653856349
95,28,3.5,1266456575
95,220,1.5,1267155515
95,29,3.0,1270601863
95,6,2.5,1310353922
95,36,4.5,1353089289
95,25,3.0,1388432331
95,168,1.0,1426032125
95,20,3.0,1427181694
95,18,2.5,1433771064
95,3,3.5,1472264531
95,13,3.5,1475748912
95,278,1.0,1506626698
95,218,3.0,1529481381
95,161,1.5,1562060477
96,288,1.0,1271338270
96,16,4.0,1274107343
96,44,4.5,1293196808
96,274,2.0,1298730855
96,109,4.0,1301581523
96,56,5.0,1306342883
96,200,3.5,1313029114
96,218,4.0,1322194425
96,14,5.0,1366541969
96,60,3.5,1373133976
96,29,4.5,1374506383
96,23,3.5,1398913416
96,12,5.0,1403665396
96,62,3.5,1409419100
96,234,2.5,1410126163
96,8,5.0,1420977160
96,107,3.0,1421731235
96,48,4.0,1426987064
96,66,4.5,1440297387
96,18,5.0,1451746218
96,207,1.5,1452351222
96,88,4.5,1453564357
96,217,2.5,1466724647
96,147,4.0,1470825889
96,151,3.0,1481435286
96,222,3.5,1483638808
96,72,3.0,1497576756
96,114,2.0,1498768390
96,47,4.0,1520133393
96,55,3.0,1521606917
96,34,4.5,1546957828
96,13,4.0,1553639312
96,322,5.0,1565922221
96,291,3.5,1572363782
96,7,4.0,1581683402
96,36,5.0,1585401003
96,35,5.0,1585477770
96,84,2.0,1611098559
96,126,3.5,1614830088
96,187,3.0,1661364218
97,13,2.5,1262928405
97,240,2.0,1266819304
97,7,2.0,1333195969
97,14,3.5,1337414823
97,200,2.5,1356232721
97,104,3.5,1402351209
97,127,2.0,1423968288
97,211,0.5,1438758414
97,76,3.5,1440455652
97,124,3.5,1451575205
97,8,3.0,1452622476
97,295,4.0,1452652799
97,118,4.0,1469603922
97,34,3.5,1498388378
97,148,0.5,1509257249
97,66,3.0,1532206962
97,165,2.5,1543379900
97,85,3.0,1546381715
97,302,2.0,1555596630
97,97,2.0,1570490720
97,33,3.0,1575236669
97,321,2.0,1581544671
97,299,2.5,1591253396
97,35,3.5,1611873900
97,67,0.5,1615136642
97,105,3.5,1616061709
97,255,2.5,1621424314
97,327,2.0,1625493713
98,4,3.0,1265228669
98,17,3.5,1270984075
98,18,3.5,1339674155
98,11,5.0,1369699135
98,231,2.5,1383415910
98,143,5.0,1385872707
98,133,2.0,1431591642
98,57,3.0,1438589829
98,21,2.5,1465667972
98,236,1.5,1493260450
98,49,4.5,1520007040
98,30,4.0,1521240496
98,238,0.5,1532322366
98,55,2.0,1546642081
98,211,0.5,1600302646
98,320,3.0,1624859804
98,88,2.5,1642977870
98,33,4.0,1656156304
99,234,2.0,1276952872
99,55,3.0,1287499464
99,215,3.5,1290209630
99,2,3.0,1298096992
99,39,2.0,1308449271
99,139,4.0,1320305025
99,284,2.5,1327492613
99,97,1.5,1337054136
99,20,3.0,1345169558
99,303,1.0,1345813394
99,211,2.5,1360284097
99,196,2.0,1361430819
99,183,3.0,1362927855
99,326,2.5,1369698948
99,306,3.5,1371830561
99,62,2.0,1373799839
99,54,2.5,1374235854
99,190,4.0,1376322179
99,83,3.0,1382882130
99,76,2.0,1385587268
99,102,3.5,1389319321
99,12,4.5,1408112991
99,88,2.5,1409447641
99,44,2.0,1415760375
99,95,1.5,1449489296
99,222,2.5,1471524999
99,121,3.5,1473363515
99,245,2.5,1474170756
99,155,3.0,1493875887
99,4,4.0,1498863135
99,13,3.5,1513325687
99,33,4.0,1530605359
99,300,3.0,1531392495
99,24,2.5,1536513049
99,14,4.5,1536941465
99,59,2.5,1540237961
99,93,3.0,1542496879
99,324,1.0,1547350895
99,217,3.5,1547757120
99,17,4.0,1552939797
99,302,3.5,1559433568
99,237,2.5,1560786039
99,18,3.0,1570071910
99,8,4.5,1582329417
99,11,2.5,1586511490
99,240,0.5,1592784044
99,68,3.0,1636414082
99,330,2.5,1642461346
99,204,4.0,1656671017
99,115,3.5,1661492087
100,196,1.5,1263795987
100,158,3.0,1266232386
100,112,4.5,1273333826
100,190,3.5,1279710687
100,9,3.0,1289998323
100,210,2.0,1297993462
100,152,2.0,1303846554
100,88,3.0,1313774002
100,163,2.5,1339226988
100,72,2.5,1366324822
100,305,5.0,1375034439
100,8,3.5,1380746341
100,322,2.0,1401005922
100,17,5.0,1409418539
100,23,4.0,1418336112
100,2,3.5,1420041684
100,217,5.0,1426269497
100,13,4.0,1427206632
100,287,0.5,1434535161
100,34,3.5,1438819780
100,113,5.0,1472137200
100,48,3.0,1484487172
100,304,0.5,1491058025
100,205,2.0,1497684556
100,7,5.0,1504602954
100,64,3.0,1524274442
100,91,3.5,1525350445
100,81,3.5,1526203400
100,18,3.0,1536424512
100,1,3.5,1573104659
100,56,4.0,1588850097
100,58,3.0,1627057449
100,25,3.0,1636362971
100,321,2.5,1648383362
101,23,5.0,1266805587
101,67,2.5,1297811902
101,116,3.5,1299732809
101,223,2.5,1301376250
101,27,3.0,1304720091
101,56,3.5,1310688946
101,85,4.5,1332889615
101,314,4.0,1339477278
101,113,3.5,1342327366
101,147,4.5,1349058948
101,305,5.0,1353197401
101,25,4.5,1356886513
101,18,4.5,1376073975
101,1,5.0,1385010530
101,179,3.5,1391528613
101,29,3.5,1418108346
101,143,4.0,1426811435
101,24,5.0,1429488019
101,233,3.0,1443260844
101,152,3.0,1446090298
101,129,4.0,1454286350
101,127,4.5,1456424204
101,324,3.0,1467580935
101,218,1.5,1509188348
101,13,5.0,1511412875
101,151,3.5,1521231690
101,111,5.0,1527987943
101,12,4.5,1539245001
101,186,3.0,1539993911
101,343,2.5,1551292704
101,86,5.0,1572301236
101,64,4.0,1581123650
101,2,5.0,1590733891
101,204,3.0,1599312980
101,222,4.0,1600746195
101,213,2.5,1611988535
101,148,2.5,1623381470
101,157,3.5,1631139454
101,103,1.0,1634669182
101,209,2.0,1634704684
101,7,5.0,1646093200
102,58,3.5,1263511772
102,89,4.0,1266659793
102,319,4.5,1268889342
102,1,5.0,1277427121
102,57,5.0,1279544318
102,312,4.5,1281829403
102,40,5.0,1313489747
102,298,1.0,1314563862
102,222,4.5,1354028145
102,341,2.5,1366847777
102,59,4.5,1389224089
102,152,2.5,1391602018
102,55,4.0,1402102010
102,200,3.5,1415099777
102,51,3.0,1426461546
102,49,5.0,1429905877
102,11,5.0,1438892039
102,12,5.0,1440218810
102,206,0.5,1450864089
102,18,5.0,1454123028
102,68,4.0,1473552849
102,88,4.5,1495587948
102,43,5.0,1497411865
102,37,5.0,1505547287
102,74,3.5,1513691169
102,259,2.5,1531561156
102,324,1.5,1533070691
102,33,4.0,1559724038
102,8,5.0,1560984947
102,97,4.0,1567866832
102,67,4.0,1569808993
102,24,5.0,1580901887
102,42,5.0,1614621211
102,19,5.0,1618805235
102,302,4.5,1622638403
102,301,5.0,1646852299
102,241,3.5,1650104158
102,61,3.0,1654029873
102,53,5.0,1655210028
102,236,3.0,1659918281
103,338,5.0,1262554715
103,20,2.0,1288562163
103,282,0.5,1290213322
103,165,4.0,1294633853
103,117,5.0,1300402305
103,183,3.0,1302101479
103,176,3.0,1305661442
103,327,1.5,1315488637
103,50,4.5,1317506425
103,231,3.0,1324702718
103,31,4.5,1326965863
103,30,5.0,1327918896
103,16,3.5,1342907100
103,22,3.0,1343458384
103,35,5.0,1344656927
103,125,5.0,1351600300
103,164,2.5,1357076499
103,247,4.5,1378755826
103,129,2.5,1380790488
103,48,4.5,1382476147
103,80,1.5,1387971005
103,27,4.0,1391809786
103,280,2.0,1397300736
103,218,4.5,1415076488
103,301,4.5,1439475052
103,111,3.5,1442108961
103,55,3.0,1446833414
103,64,1.5,1449033889
103,33,5.0,1450438779
103,12,3.0,1455806495
103,38,5.0,1455972757
103,214,3.5,1461516329
103,72,1.0,1475556037
103,7,4.0,1491487629
103,61,1.5,1503699825
103,13,2.5,1507819369
103,10,5.0,1515975337
103,86,2.5,1522002459
103,56,4.5,1522010924
103,239,3.0,1533729652
103,177,5.0,1543709633
103,106,3.5,1557352246
103,17,3.0,1560276038
103,1,4.0,1569186149
103,154,0.5,1571152885
103,83,3.5,1576192848
103,116,4.5,1579824161
103,105,5.0,1582213769
103,236,1.5,1582892288
103,34,5.0,1584278633
103,85,1.0,1593622698
103,63,1.5,1610223160
103,26,4.0,1614057789
103,53,3.5,1622872043
103,52,4.0,1643214880
104,296,4.0,1278853853
104,29,5.0,1322172385
104,62,4.0,1360351125
104,54,5.0,1426001349
104,61,4.0,1427831764
104,47,3.5,1428209383
104,49,3.0,1497821262
104,174,3.5,1503931337
104,41,3.0,1526510991
104,19,5.0,1535918585
104,224,3.0,1537940968
104,308,5.0,1539825911
104,6,4.5,1548738037
104,239,4.5,1573869894
104,12,5.0,1599732820
104,7,5.0,1603693113
105,327,2.5,1268950658
105,24,3.5,1277982850
105,339,5.0,1297222342
105,75,3.0,1305311729
105,10,3.5,1312009282
105,85,1.0,1315538455
105,118,5.0,1323711917
105,90,1.0,1332880729
105,7,3.0,1333242843
105,105,5.0,1333992660
105,1,4.5,1345551950
105,107,5.0,1367531832
105,18,3.5,1375187371
105,106,3.5,1406243521
105,290,1.0,1434683711
105,291,0.5,1460785373
105,188,2.5,1470536258
105,201,3.0,1477043421
105,184,0.5,1480470638
105,196,1.0,1554077992
105,193,5.0,1576699622
105,62,0.5,1596166981
105,185,0.5,1604772959
105,93,3.5,1607887510
105,37,3.5,1615620377
105,245,3.0,1618225610
106,302,5.0,1303334720
106,274,4.0,1313363887
106,36,5.0,1339135411
106,214,4.5,1401388599
106,236,3.5,1441492021
106,7,5.0,1488811251
106,273,2.0,1495230483
106,18,5.0,1503472650
106,19,5.0,1519007092
106,13,4.5,1523088754
106,59,5.0,1525290959
106,12,5.0,1530053264
106,1,5.0,1531976185
106,9,5.0,1545342459
106,80,2.5,1547357899
106,107,2.5,1562603669
106,55,4.5,1563558369
106,237,4.0,1569058044
106,310,3.5,1580163201
106,284,3.5,1611713268
106,70,5.0,1647081337
107,32,5.0,1269487328
107,8,5.0,1299953051
107,116,5.0,1319022532
107,31,5.0,1341518751
107,233,1.5,1433996032
107,237,3.0,1444777393
107,66,5.0,1447042252
107,11,4.0,1506707439
107,88,2.5,1507889496
107,4,4.5,1511663225
107,41,4.0,1525809015
107,301,4.5,1567176417
107,34,5.0,1590681069
107,232,4.5,1656770172
108,17,4.0,1276804014
108,35,1.5,1299598654
108,97,4.0,1319107612
108,224,2.0,1326223178
108,288,1.0,1338761206
108,18,4.5,1384720563
108,183,2.5,1384968775
108,67,3.5,1413256932
108,57,5.0,1483243005
108,26,3.5,1489796855
108,322,4.5,1491760202
108,246,0.5,1536102207
108,78,4.5,1552005301
108,19,5.0,1553911438
108,304,5.0,1573049134
108,92,3.5,1612925068
108,134,4.0,1614354606
108,198,4.0,1638848799
108,148,3.0,1648941807
109,329,2.5,1266295704
109,19,3.5,1277513332
109,290,1.5,1337819260
109,23,3.0,1342406390
109,161,3.5,1356485243
109,58,1.5,1356708729
109,274,2.5,1401542037
109,91,2.5,1403824990
109,190,3.0,1410223504
109,111,4.0,1418421654
109,177,3.5,1471064000
109,211,3.5,1480008844
109,33,2.5,1564982884
109,36,3.0,1632569028
110,193,5.0,1283430060
110,7,4.5,1300927957
110,9,5.0,1344326119
110,75,4.5,1344442158
110,87,4.0,1349013992
110,287,3.5,1360010738
110,12,4.0,1373806965
110,73,3.5,1383583567
110,23,4.0,1388735067
110,159,5.0,1395352246
110,35,4.0,1397070204
110,19,5.0,1402630874
110,120,4.5,1411265637
110,84,4.0,1468734088
110,282,3.0,1471077403
110,42,4.5,1472552613
110,186,3.5,1472996674
110,310,5.0,1479854628
110,68,4.5,1486703129
110,18,5.0,1499674818
110,322,4.5,1560103210
110,96,4.5,1567689291
110,181,4.0,1580092303
110,40,5.0,1592989106
110,2,4.5,1597350743
110,179,4.0,1626081891
110,155,3.5,1629400355
110,57,5.0,1645102903
111,278,3.0,1273655352
111,15,3.5,1275031000
111,34,3.0,1276892341
111,297,2.0,1308850019
111,192,3.5,1323859986
111,129,3.5,1325347475
111,85,4.0,1326010659
111,330,2.5,1343044780
111,43,4.0,1344409560
111,42,4.5,1347089224
111,70,3.0,1352275228
111,59,3.5,1368452354
111,68,3.5,1375563999
111,18,3.5,1382041542
111,56,3.5,1384479384
111,25,3.5,1405115767
111,30,4.0,1427601286
111,88,4.0,1431162607
111,291,5.0,1443993436
111,37,3.5,1445901198
111,65,3.5,1449731327
111,45,4.5,1461912346
111,32,2.5,1479885590
111,22,3.5,1485647212
111,11,5.0,1490870199
111,187,2.0,1497958249
111,204,3.0,1499877848
111,50,3.5,1517208141
111,51,1.5,1517394703
111,27,3.0,1528056180
111,233,0.5,1530855224
111,239,4.5,1550111847
111,213,2.0,1550835489
111,237,0.5,1553791776
111,191,3.0,1554385415
111,105,2.0,1564114920
111,35,3.0,1584514327
111,13,3.5,1589296350
111,12,4.0,1606429328
111,91,2.5,1607884452
111,163,2.0,1613964540
111,188,3.0,1624616529
111,131,2.5,1627403067
111,44,3.5,1631594750
111,313,4.5,1635712375
111,66,2.5,1641370874
111,243,3.0,1642559289
111,7,3.5,1643236132
111,130,3.5,1654510191
111,9,3.5,1654786659
112,237,2.5,1272777639
112,220,2.5,1277861070
112,322,4.0,1289993404
112,284,3.5,1299614316
112,50,3.5,1301130846
112,6,3.5,1334045888
112,274,2.0,1334349048
112,88,3.5,1335118929
112,23,3.0,1342318292
112,14,5.0,1353104557
112,141,3.5,1356854357
112,32,4.0,1360588130
112,22,4.0,1368699697
112,70,2.5,1374517050
112,69,1.5,1403932105
112,58,3.5,1410580976
112,12,4.0,1413418331
112,102,2.5,1433702964
112,10,4.0,1449896827
112,27,3.0,1460269297
112,126,4.0,1467799370
112,38,2.0,1470434219
112,211,1.0,1493846085
112,343,4.5,1513412914
112,321,3.0,1516641165
112,74,2.5,1541167972
112,2,4.5,1551270505
112,131,4.0,1551275919
112,46,3.0,1559625366
112,17,3.5,1566805488
112,94,3.0,1586000712
112,161,2.5,1602813066
112,134,2.5,1608567791
112,113,3.5,1617473031
112,18,4.0,1629870256
112,296,2.5,1637445838
112,1,3.5,1643143703
112,105,4.5,1646383273
113,237,3.0,1277946769
113,217,2.0,1294042536
113,50,5.0,1341299484
113,109,4.0,1348293161
113,10,3.5,1362329257
113,64,2.5,1462835347
113,34,4.5,1463225180
113,72,3.5,1463553243
113,28,2.0,1507657078
113,4,3.5,1540390367
113,27,1.5,1543889004
113,115,4.0,1568721649
114,7,5.0,1264611938
114,188,2.0,1268988411
114,13,3.5,1269404185
114,177,5.0,1270864955
114,126,3.0,1276889114
114,135,3.5,1279560640
114,16,4.0,1296793173
114,186,3.0,1299355064
114,341,4.0,1300643854
114,85,1.0,1314089056
114,166,4.0,1315033741
114,57,5.0,1319755203
114,37,5.0,1324533711
114,65,2.5,1332635547
114,17,4.5,1347740887
114,60,2.5,1348935923
114,113,5.0,1351278483
114,56,4.5,1370388306
114,32,5.0,1372445980
114,18,5.0,1387388713
114,88,3.0,1391347183
114,192,1.0,1399293676
114,34,5.0,1410514366
114,27,5.0,1422924079
114,2,5.0,1425380804
114,128,2.5,1446213916
114,117,3.5,1452040032
114,12,5.0,1452232490
114,25,4.5,1454910118
114,21,4.0,1479450504
114,31,5.0,1493721630
114,46,2.5,1506841417
114,233,2.0,1508292597
114,236,0.5,1511577711
114,1,4.0,1536188936
114,112,4.0,1563081377
114,104,4.5,1567487411
114,59,3.0,1567504939
114,9,5.0,1576348124
114,168,1.5,1577926107
114,10,5.0,1581715632
114,263,3.5,1590536400
114,54,5.0,1606125617
114,211,3.0,1624853762
114,302,4.0,1626900962
114,55,3.5,1628081491
114,61,2.5,1649685548
114,14,5.0,1654905241
115,302,5.0,1289265006
115,4,5.0,1302774811
115,43,4.0,1316583058
115,102,4.5,1349354917
115,7,3.5,1387677422
115,84,3.0,1436884876
115,6,4.5,1464100136
115,322,5.0,1479624974
115,170,4.0,1529315463
115,1,5.0,1537941876
115,34,5.0,1615675851
115,54,5.0,1618351710
115,38,3.5,1625552982
115,18,5.0,1657613952
116,215,4.0,1271982011
116,20,5.0,1274146814
116,172,4.5,1286010212
116,325,4.0,1304912776
116,126,2.5,1319533806
116,14,3.0,1319787351
116,196,2.0,1322237940
116,53,1.5,1326566711
116,32,3.0,1330790579
116,64,4.5,1335069068
116,30,3.5,1339053292
116,19,4.5,1346088431
116,49,1.0,1355888775
116,17,5.0,1359445522
116,74,5.0,1366470172
116,301,2.5,1375802773
116,86,4.0,1379249077
116,276,2.5,1382942916
116,291,5.0,1406219049
116,327,3.0,1408220227
116,198,1.0,1413437511
116,92,2.0,1419690181
116,93,3.0,1432229493
116,161,3.0,1436582507
116,67,3.0,1442413629
116,5,4.5,1447270574
116,56,3.0,1459873214
116,68,3.0,1465772964
116,51,1.0,1473433676
116,305,5.0,1474630516
116,11,4.5,1482650295
116,55,1.0,1486979463
116,205,2.0,1487174131
116,224,3.5,1496090915
116,223,3.5,1521669456
116,7,5.0,1526242521
116,194,2.5,1541417888
116,142,3.5,1546803400
116,193,4.0,1552676493
116,237,1.0,1583724353
116,158,5.0,1586012888
116,151,4.5,1592927959
116,113,5.0,1601352185
116,41,2.5,1605478724
116,73,2.5,1606424760
116,240,2.5,1606490631
116,339,4.5,1614430043
116,136,4.5,1615175393
116,54,2.5,1619071831
116,284,2.5,1620174124
116,204,4.5,1620853260
116,78,3.0,1631107575
117,223,2.0,1285502479
117,22,3.0,1286896957
117,10,3.5,1294003327
117,4,4.0,1299196324
117,280,4.0,1305735479
117,63,1.5,1308654462
117,83,3.0,1309375447
117,69,1.5,1312953512
117,341,5.0,1314223074
117,58,2.0,1320518708
117,23,3.0,1335271913
117,61,2.5,1344128324
117,98,3.5,1344994655
117,221,0.5,1350643849
117,41,5.0,1356443778
117,290,1.5,1359044600
117,8,4.0,1364693887
117,176,3.0,1370385833
117,317,2.0,1372648550
117,321,3.0,1376084067
117,263,3.0,1383059647
117,169,3.0,1393829031
117,42,5.0,1410545410
117,45,4.0,1425242547
117,111,4.0,1425857259
117,159,3.0,1428491672
117,165,2.5,1430856687
117,242,4.0,1431024455
117,115,3.5,1432803405
117,186,2.0,1445850646
117,50,5.0,1446760073
117,5,4.5,1455123333
117,13,3.5,1470215492
117,16,4.0,1473937966
117,295,4.0,1490239863
117,188,4.0,1493384266
117,49,4.5,1496169654
117,37,4.5,1499184352
117,109,4.5,1504037219
117,326,0.5,1508846275
117,224,0.5,1509989478
117,112,3.5,1523236632
117,305,2.5,1578020185
117,266,4.0,1601913694
117,18,5.0,1605526087
117,324,1.5,1636402359
117,248,4.0,1641471832
117,287,1.5,1641978763
117,11,5.0,1657978010
117,66,3.5,1659941773
118,1,5.0,1279398502
118,90,4.5,1283827410
118,97,5.0,1294059651
118,320,5.0,1294348073
118,206,1.5,1295702048
118,12,5.0,1297063323
118,21,5.0,1302394859
118,24,5.0,1306187312
118,34,5.0,1393598023
118,239,5.0,1423181477
118,88,4.5,1434747413
118,308,5.0,1436795314
118,56,4.5,1438364977
118,4,5.0,1443096529
118,49,3.5,1470773844
118,165,4.0,1494938243
118,95,4.5,1529441392
118,127,5.0,1571751344
118,100,5.0,1580769861
118,66,4.0,1621434825
118,321,3.0,1626111279
119,97,4.0,1280485200
119,177,4.5,1280870518
119,243,4.5,1281783221
119,40,4.5,1283475435
119,2,5.0,1295463121
119,19,5.0,1307903704
119,261,3.0,1308920710
119,1,5.0,1315880924
119,131,4.0,1316609097
119,29,2.5,1347076433
119,304,1.5,1372371201
119,132,4.5,1378940340
119,66,3.5,1381197943
119,42,4.0,1386869021
119,49,1.5,1401148490
119,9,3.5,1419083966
119,24,5.0,1426758195
119,153,0.5,1446371529
119,266,5.0,1446889686
119,56,3.0,1450980595
119,71,1.0,1455820760
119,325,2.5,1461773221
119,12,3.5,1462093408
119,249,4.0,1501020947
119,303,1.0,1501893299
119,330,2.0,1512994677
119,8,3.5,1521853435
119,188,3.5,1527814872
119,33,3.5,1528812100
119,279,2.5,1549681221
119,247,4.5,1551640540
119,73,2.0,1566800904
119,106,4.0,1572396167
119,10,3.5,1573233240
119,222,3.0,1575210979
119,43,3.0,1588781026
119,134,2.5,1592898305
119,165,3.5,1596718245
119,14,3.5,1599444676
119,61,2.0,1605668896
119,34,3.5,1611559692
119,99,4.5,1619344745
119,11,5.0,1627099476
119,169,2.5,1637164661
119,301,2.0,1659787229
120,122,3.5,1264428893
120,8,5.0,1272396838
120,53,4.5,1282433872
120,1,4.0,1324389522
120,13,3.5,1347554692
120,41,4.5,1351751654
120,4,3.5,1359128571
120,57,4.5,1377387247
120,97,3.0,1389829124
120,119,5.0,1430269160
120,103,0.5,1469571522
120,188,2.5,1469944276
120,2,5.0,1476772189
120,166,2.0,1514113232
120,148,2.5,1540956658
120,96,1.0,1546689697
120,14,3.5,1568747801
120,9,5.0,1573020902
120,48,5.0,1637337021
120,85,2.0,1638963862
121,339,3.0,1270051712
121,181,3.0,1270164973
121,11,5.0,1291465584
121,22,3.0,1332707633
121,185,0.5,1333537481
121,223,3.0,1341016789
121,329,3.5,1348053578
121,7,3.0,1356620095
121,14,2.5,1357484739
121,252,1.5,1378379121
121,76,2.5,1378413251
121,214,2.5,1389525476
121,33,3.0,1390860012
121,157,3.0,1393143980
121,117,2.5,1393164179
121,59,2.5,1394849414
121,151,2.5,1414408644
121,284,2.5,1415470433
121,68,3.5,1418912512
121,62,3.5,1435718204
121,112,2.5,1470607964
121,50,3.5,1479216192
121,211,1.5,1479257736
121,41,3.0,1491024749
121,35,2.0,1500886009
121,291,3.5,1511077373
121,27,2.0,1514897602
121,39,3.0,1522971571
121,236,3.5,1525353219
121,204,2.0,1526483458
121,281,3.5,1537280272
121,272,4.5,1549588080
121,322,2.0,1561048769
121,187,1.5,1568786579
121,16,4.0,1582135953
121,135,3.0,1593838795
121,91,3.0,1595240759
121,178,3.0,1599320382
121,85,1.5,1599599285
121,244,3.0,1603171955
121,34,2.5,1615074039
121,226,1.5,1621056275
121,12,3.5,1627596145
121,37,3.5,1643503735
121,97,4.0,1649737579
121,48,1.0,1661852795
122,236,3.5,1269689616
122,188,5.0,1292378898
122,171,4.0,1297859186
122,322,2.5,1299582883
122,214,4.5,1302783559
122,28,4.5,1341729134
122,291,5.0,1360027003
122,317,2.5,1382963436
122,11,5.0,1392560001
122,128,4.0,1410145032
122,287,2.0,1416996829
122,48,3.0,1421961619
122,4,4.5,1422778575
122,319,3.0,1428711679
122,279,3.5,1432976119
122,211,3.0,1434068665
122,25,4.0,1435965232
122,174,5.0,1462786860
122,147,5.0,1468264841
122,216,3.0,1473409731
122,24,4.5,1477712230
122,151,4.5,1483562483
122,220,2.5,1497197158
122,148,2.5,1497996016
122,187,3.0,1521807521
122,17,5.0,1525265192
122,12,5.0,1535505251
122,62,5.0,1553016535
122,7,5.0,1568108422
122,76,4.0,1573531325
122,75,5.0,1585973192
122,33,4.5,1600669076
122,2,5.0,1660593672
123,57,3.5,1264727885
123,14,4.0,1274119168
123,214,5.0,1284077839
123,117,5.0,1287084012
123,330,4.0,1289299354
123,237,3.0,1296984242
123,7,4.5,1299490127
123,212,5.0,1302424967
123,225,2.5,1304957454
123,239,3.5,1306316870
123,89,4.5,1308251967
123,62,4.0,1324214086
123,27,5.0,1339338626
123,12,4.5,1339873983
123,112,5.0,1348676526
123,174,3.5,1354401735
123,205,3.5,1390237483
123,55,3.0,1395378709
123,247,4.0,1401123967
123,1,4.0,1416238058
123,313,3.5,1416756247
123,53,2.5,1424118142
123,9,4.5,1459947821
123,84,3.0,1482217221
123,331,3.0,1494347775
123,301,3.0,1495038625
123,346,5.0,1501777932
123,215,4.5,1505107439
123,299,3.5,1524346058
123,303,1.5,1566265133
123,38,3.5,1619008741
123,31,4.0,1625805233
123,216,2.5,1641387435
123,107,4.0,1646885221
123,302,3.0,1647187753
123,43,2.0,1656091992
124,274,4.5,1269155124
124,46,5.0,1272723494
124,186,3.0,1275074772
124,86,5.0,1276402348
124,40,5.0,1282323660
124,297,2.5,1285140481
124,48,3.5,1302758070
124,142,3.5,1312702597
124,41,5.0,1330593273
124,290,5.0,1338422111
124,8,4.0,1341688836
124,22,4.5,1352191089
124,147,4.5,1359113749
124,42,5.0,1394243170
124,329,3.0,1453145261
124,87,5.0,1469127078
124,189,3.0,1475983250
124,88,4.0,1478454704
124,143,2.5,1488584368
124,239,5.0,1489945372
124,165,4.5,1494567532
124,140,2.0,1501489958
124,57,5.0,1508557303
124,306,3.5,1526550550
124,30,5.0,1529847786
124,50,4.5,1551096611
124,323,3.5,1556932718
124,9,3.5,1560786204
124,308,3.5,1570874400
124,15,4.0,1594132645
124,18,4.0,1594372023
124,17,4.5,1604632252
124,69,3.5,1609912625
124,19,5.0,1611057390
124,312,5.0,1611653193
124,292,3.0,1618801230
124,182,0.5,1619874349
124,68,4.0,1620982325
124,194,2.5,1622303049
124,44,5.0,1623523597
124,29,3.0,1631689194
124,33,2.0,1644287510
124,321,3.5,1644342610
124,156,5.0,1647777204
125,65,2.0,1266902946
125,107,2.5,1277562815
125,2,2.5,1284153347
125,1,3.0,1287636608
125,59,2.0,1288262407
125,40,4.0,1289373665
125,72,2.5,1295193376
125,165,2.5,1309702407
125,98,2.0,1316654038
125,117,3.0,1317397124
125,36,5.0,1333446632
125,214,2.5,1350075016
125,189,1.5,1361481145
125,34,3.5,1366145157
125,66,2.5,1369515036
125,325,2.5,1372102665
125,194,1.0,1372874314
125,135,2.0,1373188275
125,216,0.5,1382205571
125,308,3.0,1384260620
125,193,2.5,1391785338
125,52,3.5,1406742026
125,47,3.5,1414306454
125,33,3.0,1429358880
125,231,2.0,1445524681
125,56,3.5,1447497391
125,8,4.0,1450312896
125,305,2.5,1458818672
125,19,3.0,1459955015
125,93,2.5,1462815627
125,237,1.0,1463296321
125,213,1.5,1472156364
125,295,2.0,1474117504
125,26,1.5,1497767160
125,48,4.5,1523342370
125,197,1.5,1528310895
125,99,3.5,1554788132
125,104,2.0,1557790774
125,322,3.0,1564769737
125,177,4.5,1565941582
125,337,3.0,1572633478
125,57,2.5,1576692285
125,184,1.0,1588539602
125,129,2.0,1592632115
125,67,2.5,1599030334
125,13,3.0,1618145158
125,58,3.0,1629024923
125,20,2.0,1645905206
125,9,4.0,1648463980
125,84,2.0,1650974252
126,81,3.0,1262542750
126,48,3.5,1271103096
126,241,2.0,1281392898
126,56,3.0,1292954083
126,224,1.5,1293099830
126,149,1.5,1303749389
126,310,2.0,1312904983
126,295,2.0,1313853417
126,6,4.5,1317544234
126,12,4.0,1323201398
126,62,3.0,1325285447
126,10,3.5,1330394955
126,233,2.5,1338198718
126,97,2.5,1355157828
126,173,2.5,1364223756
126,236,2.0,1366746237
126,99,4.0,1371379361
126,16,4.0,1380402340
126,189,3.0,1390468428
126,58,2.5,1392908688
126,104,2.5,1394078362
126,105,3.0,1409674250
126,237,1.0,1411109700
126,55,1.5,1420814257
126,227,2.0,1424826974
126,337,4.5,1432986663
126,143,4.5,1471912752
126,13,3.5,1479658957
126,39,4.0,1480121004
126,204,2.0,1480279574
126,284,2.5,1493184022
126,239,3.5,1507167316
126,156,5.0,1514697685
126,244,1.5,1515316343
126,87,2.5,1518393008
126,36,4.0,1529146461
126,83,4.0,1531392309
126,327,2.5,1553887467
126,331,3.0,1555377010
126,78,3.0,1555651666
126,303,1.5,1557343871
126,300,2.0,1557635247
126,109,4.0,1566294917
126,136,3.5,1577723108
126,2,4.0,1586140976
126,330,4.0,1587584092
126,172,3.5,1625136003
126,60,2.0,1635786467
126,305,4.0,1637228226
126,44,3.0,1656850218
127,21,4.0,1264142495
127,183,4.0,1279180241
127,49,2.5,1280699797
127,236,3.0,1284002024
127,8,3.5,1285692748
127,293,2.0,1297161524
127,54,4.0,1308157168
127,39,5.0,1316251135
127,47,4.0,1324976597
127,2,5.0,1336329052
127,43,3.0,1347073237
127,115,3.0,1350534944
127,38,3.0,1353411946
127,324,3.5,1356483069
127,33,3.0,1358121824
127,173,3.0,1362495490
127,30,2.5,1363014878
127,34,3.5,1372447106
127,196,2.0,1379747499
127,52,2.0,1398365544
127,127,5.0,1398657703
127,190,4.5,1399210508
127,92,2.0,1401926767
127,5,5.0,1402290277
127,63,2.5,1417973983
127,250,1.5,1420808471
127,62,3.5,1433963168
127,17,4.0,1441482683
127,37,3.5,1454559942
127,135,4.5,1496561726
127,274,3.0,1499572231
127,323,1.5,1505497238
127,15,4.0,1513968946
127,272,3.0,1534937005
127,66,3.5,1534989140
127,9,3.0,1545098909
127,10,3.0,1579118004
127,93,2.5,1582801709
127,7,3.5,1583425259
127,284,3.0,1589302040
127,45,4.0,1589389328
127,322,2.0,1597171098
127,57,4.0,1606490100
127,4,4.0,1608388689
127,321,1.0,1618581299
127,105,2.5,1626132711
127,44,3.5,1636520603
127,95,3.0,1644738305
128,177,3.5,1290206934
128,25,4.5,1321277469
128,1,4.5,1407482409
128,58,1.5,1425590345
128,67,3.5,1475626628
128,7,3.5,1491895373
128,17,3.5,1492821534
128,237,2.5,1512380423
128,169,4.0,1512649358
128,172,4.0,1544191351
128,44,2.0,1545751996
128,42,2.5,1553279848
128,12,3.5,1573597437
128,26,4.0,1594753439
128,15,4.0,1650533832
128,325,4.0,1657836681
129,278,1.5,1265498210
129,34,5.0,1280464244
129,55,4.0,1290069936
129,337,5.0,1300752223
129,11,4.5,1310255098
129,322,4.0,1333950118
129,6,4.0,1339436360
129,301,5.0,1344426563
129,66,5.0,1352216095
129,25,4.0,1361487646
129,9,5.0,1370180625
129,126,4.0,1378311535
129,20,5.0,1384712037
129,33,5.0,1385486726
129,105,5.0,1389232490
129,302,4.5,1413922577
129,165,5.0,1414442426
129,292,2.5,1418780781
129,59,4.0,1429647242
129,219,4.5,1463292931
129,237,3.5,1469513290
129,181,3.0,1475581436
129,49,3.0,1502449777
129,321,3.5,1506410403
129,155,2.0,1531383160
129,97,2.0,1533287199
129,14,5.0,1537022665
129,26,5.0,1541020834
129,85,2.5,1549315732
129,17,5.0,1558692846
129,53,3.0,1582526119
129,90,5.0,1599388336
129,320,2.5,1603116649
129,56,5.0,1629634891
129,74,5.0,1641302698
129,145,5.0,1646312936
130,169,2.5,1321440046
130,88,3.0,1321562116
130,7,5.0,1341275628
130,161,3.0,1382970289
130,31,4.0,1412321354
130,8,4.5,1419789014
130,86,5.0,1424548222
130,322,3.0,1439172412
130,196,2.0,1447210537
130,40,5.0,1458803408
130,93,3.0,1499161550
130,144,4.0,1501873097
130,62,4.0,1529655183
130,72,3.0,1539133509
130,177,3.5,1548048275
130,68,4.0,1548369452
130,27,4.5,1552819550
131,58,5.0,1271364643
131,56,4.5,1284455350
131,340,3.0,1284810224
131,61,3.5,1293994219
131,301,4.5,1295026121
131,274,2.0,1340457668
131,57,5.0,1346182998
131,136,2.5,1379814768
131,65,4.0,1387060532
131,156,4.0,1408147283
131,12,5.0,1411008548
131,72,2.5,1412259841
131,298,1.5,1414064076
131,51,2.0,1434591301
131,302,4.5,1517588844
131,10,4.5,1548008458
131,277,3.0,1552197715
131,6,3.0,1609857702
131,164,3.0,1616865898
131,165,5.0,1638993621
131,2,3.0,1639899514
132,44,5.0,1266871892
132,57,4.5,1280172792
132,160,2.5,1288150877
132,40,4.5,1296069986
132,28,4.0,1319874023
132,85,2.0,1324915119
132,165,3.5,1339404312
132,18,4.0,1343792544
132,83,5.0,1344761627
132,58,3.0,1350461812
132,106,4.0,1389959137
132,13,4.0,1394915675
132,41,5.0,1401338293
132,1,5.0,1404326498
132,108,4.0,1407315259
132,20,2.5,1408480486
132,112,5.0,1410097241
132,50,5.0,1415914964
132,34,5.0,1424125344
132,16,4.5,1437789724
132,196,1.5,1442027722
132,35,5.0,1442989889
132,15,4.5,1444699230
132,335,5.0,1463790181
132,132,2.0,1469464301
132,204,1.0,1475345407
132,21,3.5,1502396570
132,147,3.0,1513346726
132,164,1.0,1516847193
132,48,5.0,1521128795
132,338,5.0,1528312946
132,236,3.0,1542494446
132,276,1.0,1545357645
132,7,4.0,1549227756
132,30,5.0,1549715897
132,67,1.5,1552235901
132,231,4.0,1557201841
132,10,5.0,1567052059
132,179,3.0,1578668430
132,9,5.0,1590752721
132,87,2.5,1593052971
132,56,3.5,1617210918
132,43,4.5,1620291294
132,38,5.0,1627241399
132,93,4.0,1644657386
133,55,1.5,1262964981
133,59,2.5,1266027171
133,2,3.0,1274417077
133,128,1.5,1279466650
133,103,1.5,1284960028
133,116,0.5,1285540152
133,44,4.0,1286446318
133,49,3.5,1299030221
133,154,1.5,1302295050
133,325,4.0,1303302069
133,253,2.5,1305163672
133,239,4.5,1311934225
133,97,2.5,1334447565
133,27,1.5,1335429633
133,18,5.0,1346107492
133,89,4.5,1346708763
133,204,3.5,1388549864
133,134,3.5,1395416130
133,1,4.5,1401048146
133,132,2.5,1403138385
133,190,2.5,1408683295
133,56,4.0,1423842359
133,62,3.5,1430020661
133,50,4.0,1436924001
133,183,3.0,1460494080
133,37,4.0,1472928527
133,53,2.5,1478605232
133,326,1.5,1484341143
133,237,1.5,1497928261
133,41,3.0,1510358777
133,181,1.5,1512792690
133,231,2.5,1513662273
133,303,0.5,1517130533
133,4,5.0,1518039117
133,42,4.5,1519730976
133,68,2.5,1524664309
133,311,3.0,1531802136
133,24,4.5,1551032774
133,77,2.0,1552183826
133,278,0.5,1570760552
133,192,2.5,1581373558
133,28,2.0,1586720007
133,13,4.0,1591428070
133,86,4.5,1596166973
133,72,4.0,1596240728
133,130,3.0,1598722591
133,51,2.0,1612435815
133,36,5.0,1625193125
133,107,1.0,1627425065
133,223,2.5,1637881566
133,7,3.5,1643929713
133,19,5.0,1647125534
133,58,2.0,1648463986
133,127,3.5,1652736809
133,14,3.0,1657430052
134,1,5.0,1271595027
134,4,5.0,1301373031
134,89,4.5,1315221597
134,3,5.0,1318397811
134,35,2.0,1324770808
134,313,5.0,1330534881
134,62,5.0,1340690088
134,23,5.0,1344788019
134,11,4.0,1346677264
134,142,4.0,1346830207
134,300,3.0,1353594932
134,152,5.0,1356137894
134,135,5.0,1356363578
134,49,2.0,1360549320
134,60,3.0,1360934197
134,268,2.5,1365393062
134,304,2.5,1390239437
134,180,4.0,1396911591
134,231,3.0,1403626236
134,177,4.5,1406236631
134,243,1.5,1409218374
134,204,5.0,1420314137
134,85,4.0,1425344136
134,291,4.5,1431470947
134,63,4.0,1438403792
134,54,4.0,1457863486
134,20,5.0,1457920266
134,24,5.0,1476067255
134,154,2.5,1478662093
134,173,3.0,1493553602
134,247,3.0,1497615968
134,127,4.5,1508694616
134,81,5.0,1508726411
134,237,3.0,1518943568
134,168,2.5,1522103495
134,53,1.5,1524036856
134,82,4.0,1524745569
134,305,5.0,1531163552
134,287,0.5,1533173029
134,109,4.0,1533861600
134,148,3.5,1544097439
134,7,5.0,1544367616
134,2,4.5,1546528161
134,5,2.5,1560382989
134,14,3.5,1575276239
134,151,5.0,1578843082
134,13,5.0,1586454451
134,88,5.0,1589945963
134,134,5.0,1598518751
134,17,5.0,1617400362
134,189,3.0,1618472312
134,167,3.0,1623427344
134,94,3.0,1631230242
134,196,2.5,1651669670
134,69,4.5,1651684414
134,9,4.5,1655025961
134,67,5.0,1658019021
135,76,3.0,1265124563
135,95,2.5,1274937177
135,105,3.0,1288366954
135,94,3.5,1313607472
135,72,2.0,1316721904
135,236,2.5,1318387603
135,57,3.5,1324143275
135,56,2.0,1330932950
135,36,4.5,1335058533
135,169,2.0,1379198854
135,195,1.5,1404291695
135,45,3.0,1423405330
135,28,1.5,1428989749
135,201,2.5,1433810346
135,18,3.5,1433981342
135,25,2.5,1441025241
135,151,1.0,1452140901
135,65,2.0,1459682282
135,98,2.5,1462317161
135,231,1.0,1464294350
135,130,3.5,1473774844
135,99,3.5,1484128940
135,341,4.5,1485931709
135,5,5.0,1498294975
135,196,2.0,1499807652
135,6,4.5,1512066891
135,13,3.0,1514614328
135,26,3.0,1526872448
135,297,2.0,1530376022
135,49,3.0,1537294557
135,71,1.5,1546311650
135,159,1.5,1578498264
135,322,1.5,1583975639
135,313,2.5,1593600385
135,303,1.5,1607314185
135,296,3.5,1624889629
135,324,1.0,1647962755
135,107,3.5,1649572849
135,174,4.0,1659588029
136,242,2.0,1264341752
136,74,2.5,1266650680
136,304,0.5,1284653176
136,218,2.5,1285750505
136,339,5.0,1296579629
136,90,1.5,1298027626
136,23,2.5,1301123133
136,94,3.0,1308290372
136,130,4.5,1315184369
136,156,4.5,1328907345
136,204,0.5,1347114442
136,95,3.0,1358127268
136,47,3.5,1359766791
136,11,5.0,1368901312
136,303,0.5,1370898046
136,184,1.0,1381735411
136,1,4.5,1423527233
136,50,4.0,1441452459
136,55,1.0,1471151446
136,2,4.5,1474542555
136,31,3.5,1507610123
136,296,4.5,1513455702
136,24,2.5,1522744642
136,52,2.0,1536498685
136,129,3.5,1541526848
136,286,1.5,1551136155
136,103,0.5,1554782402
136,131,2.5,1616010336
136,21,2.5,1624678076
136,22,3.5,1627675983
136,13,3.0,1653126022
136,35,2.5,1655272875
137,322,2.0,1324140887
137,18,4.0,1356651092
137,109,2.0,1423380129
137,90,3.0,1440952578
137,13,3.5,1446749783
137,72,2.5,1458327098
137,124,4.0,1466242863
137,92,1.5,1470642240
137,7,3.5,1487960455
137,11,5.0,1603044335
137,59,3.0,1622505285
137,204,1.5,1630190420
137,91,3.5,1630235407
137,61,3.0,1637402096
138,93,4.0,1280613070
138,136,2.5,1301799229
138,28,4.0,1314057271
138,66,4.5,1318949085
138,46,2.5,1321785548
138,130,3.5,1323704806
138,19,4.0,1324373156
138,11,4.0,1330880621
138,105,5.0,1334511229
138,123,5.0,1338808773
138,129,2.5,1344027205
138,278,0.5,1376505213
138,13,2.5,1378567018
138,143,5.0,1388731874
138,4,4.0,1396386826
138,302,4.0,1403517507
138,49,2.0,1403715197
138,36,5.0,1412135267
138,64,2.5,1418938601
138,227,1.5,1425846140
138,97,1.0,1437721921
138,112,4.0,1445515580
138,322,3.0,1452212857
138,165,4.5,1453318065
138,301,3.5,1464904586
138,135,2.0,1465415771
138,110,2.5,1476701864
138,190,2.5,1482283857
138,104,4.0,1498500713
138,188,2.5,1517926650
138,305,3.5,1521936749
138,68,2.5,1541809172
138,70,1.5,1542842089
138,281,2.0,1543919807
138,12,4.5,1572391535
138,223,2.5,1581160903
138,200,2.5,1582289642
138,51,3.0,1605010421
138,60,2.0,1610814595
138,37,4.5,1631568061
138,176,3.0,1636958158
138,22,4.0,1646284043
138,321,2.0,1651746418
139,322,5.0,1266663413
139,297,5.0,1267119548
139,36,5.0,1290274675
139,50,4.5,1296969235
139,57,5.0,1302036415
139,54,5.0,1304985949
139,12,5.0,1306832775
139,243,1.0,1309441826
139,313,3.5,1311169166
139,100,2.5,1324538717
139,173,1.5,1325569975
139,42,5.0,1329503653
139,49,3.5,1333603502
139,151,3.5,1354901163
139,27,3.0,1357770185
139,129,2.0,1372192531
139,95,4.5,1374236007
139,303,5.0,1393536921
139,8,5.0,1416059817
139,239,4.0,1418754127
139,14,5.0,1425023223
139,321,5.0,1430253785
139,9,5.0,1433444363
139,34,5.0,1438807573
139,274,3.5,1450178919
139,302,5.0,1452409899
139,189,2.5,1461267387
139,187,4.5,1471786235
139,164,4.0,1472422641
139,318,3.5,1483474023
139,67,3.5,1495189456
139,18,4.5,1516823412
139,59,5.0,1523296676
139,213,1.5,1530192224
139,316,2.5,1532535669
139,165,5.0,1551221200
139,33,5.0,1555303337
139,26,3.5,1561700370
139,153,3.0,1562099448
139,53,4.0,1562541542
139,21,4.0,1585090109
139,24,2.5,1591905928
139,168,5.0,1592860484
139,222,5.0,1606288751
139,246,2.0,1606337591
139,103,3.5,1615828430
139,10,5.0,1615861142
139,108,1.5,1628620828
140,329,2.0,1263527573
140,47,4.5,1278367058
140,66,3.0,1284967682
140,75,4.0,1297258859
140,51,2.5,1303366873
140,203,4.0,1338292103
140,41,4.5,1349559440
140,190,3.5,1350901159
140,165,2.5,1371706217
140,326,2.0,1392414233
140,19,4.0,1393123276
140,29,2.5,1393489463
140,21,2.5,1415477513
140,22,4.0,1430630011
140,79,2.0,1441995480
140,303,2.5,1454583296
140,104,3.0,1469745160
140,82,3.5,1470840989
140,156,3.5,1490235600
140,151,2.5,1517351756
140,277,4.0,1547241485
140,338,4.0,1556640869
140,208,1.0,1573581635
140,58,2.5,1575205667
140,107,4.0,1593459894
140,8,3.5,1603323166
140,49,3.5,1657304603
140,67,2.0,1660087133
141,68,3.5,1273755709
141,8,5.0,1281403132
141,61,4.5,1295989995
141,12,5.0,1305833850
141,69,3.5,1323812906
141,6,3.5,1339810542
141,302,5.0,1348696126
141,57,5.0,1352531643
141,25,4.5,1361927657
141,214,4.5,1373106031
141,204,4.5,1382028578
141,54,5.0,1384501280
141,17,3.0,1401617529
141,1,5.0,1491913926
141,27,4.5,1492963862
141,137,4.0,1510939503
141,223,3.5,1531020264
141,34,4.0,1547905344
141,136,5.0,1553245128
141,4,5.0,1577860298
141,272,3.5,1584221058
141,103,3.5,1596696672
141,313,3.0,1597425316
141,10,4.5,1597628013
141,336,0.5,1616254040
141,237,3.0,1619138852
141,56,5.0,1652293199
141,220,4.0,1658351021
142,300,2.5,1276549944
142,64,2.0,1281640118
142,256,5.0,1308632909
142,126,4.5,1317862028
142,325,4.0,1411384468
142,190,3.5,1474854245
142,278,2.5,1476460722
142,187,1.5,1566342666
142,192,3.0,1568097493
142,56,2.0,1584498640
142,311,2.0,1634297800
142,284,3.0,1657734024
143,20,2.0,1263389754
143,4,3.5,1276851670
143,41,3.0,1298866985
143,136,3.0,1314781129
143,337,4.5,1327664985
143,9,4.0,1334975608
143,71,1.0,1353685574
143,237,1.5,1365246016
143,98,4.5,1375362496
143,339,5.0,1375708288
143,212,0.5,1388724796
143,81,2.5,1405888923
143,169,3.0,1407014934
143,72,2.5,1413931260
143,97,4.0,1421922350
143,44,2.5,1432822666
143,43,3.5,1434212615
143,64,2.0,1446250573
143,108,2.5,1454919107
143,300,2.5,1455244929
143,211,1.0,1456988821
143,160,0.5,1465970182
143,30,4.0,1467205549
143,96,3.5,1470800794
143,51,2.5,1473413146
143,220,0.5,1485897086
143,226,2.0,1490342696
143,106,3.0,1496440999
143,58,1.5,1497279977
143,314,2.5,1521708267
143,89,2.5,1522626754
143,239,3.5,1528022732
143,88,2.0,1529475393
143,36,3.5,1530686688
143,10,2.5,1537956207
143,222,3.0,1538124183
143,274,4.0,1551475738
143,8,3.5,1569415803
143,94,4.5,1576499917
143,25,3.0,1611062420
143,18,4.0,1611700398
143,19,4.5,1613294925
143,317,2.0,1622472919
143,205,0.5,1623468687
143,322,2.5,1661163153
144,40,5.0,1263341476
144,113,3.0,1282627481
144,98,3.0,1289245429
144,300,4.0,1320541172
144,33,4.5,1336054338
144,249,3.5,1342617385
144,323,4.0,1364009057
144,236,2.5,1372122895
144,24,5.0,1377964357
144,94,4.5,1380503818
144,14,5.0,1389472690
144,8,5.0,1403837501
144,321,4.5,1415753785
144,224,2.5,1416579814
144,59,5.0,1418701331
144,7,4.5,1434569437
144,156,5.0,1434614773
144,19,5.0,1461927744
144,302,5.0,1463331146
144,97,3.5,1465528174
144,56,5.0,1504314762
144,36,5.0,1510587862
144,46,4.5,1534989456
144,58,4.5,1546314729
144,21,3.5,1550437992
144,239,4.5,1553008448
144,34,5.0,1559945649
144,165,5.0,1581002268
144,47,4.0,1587437057
144,68,3.5,1592442464
144,89,4.5,1595956075
144,73,2.5,1597687465
144,220,2.0,1608502975
144,26,4.0,1609556803
144,95,3.5,1619176321
144,57,5.0,1640649415
144,30,5.0,1648968227
144,102,3.5,1651436543
144,18,5.0,1653129846
144,188,3.0,1654683003
145,193,2.5,1290317389
145,327,4.5,1290606814
145,56,3.5,1300386942
145,1,5.0,1301070218
145,280,4.0,1307128197
145,315,1.0,1326264986
145,109,5.0,1333023902
145,183,2.5,1368577301
145,184,1.5,1428767094
145,3,5.0,1437271152
145,18,5.0,1444203683
145,220,0.5,1500704484
145,8,4.0,1503142055
145,14,2.5,1518220225
145,182,0.5,1534486092
145,5,5.0,1580950237
145,34,5.0,1594997726
146,38,3.5,1267140028
146,189,2.5,1272202269
146,73,0.5,1272765963
146,126,3.0,1278186501
146,186,3.0,1295406817
146,50,4.5,1297737961
146,64,2.5,1312003683
146,130,2.5,1329652293
146,151,1.5,1344627895
146,30,4.5,1345079126
146,20,3.5,1348572710
146,53,3.0,1359081017
146,40,5.0,1366393558
146,33,4.0,1372853939
146,325,3.0,1397143530
146,301,5.0,1415863168
146,11,4.0,1417456362
146,48,4.5,1417985218
146,43,4.5,1429836146
146,136,3.5,1434315264
146,41,4.5,1453533332
146,133,1.5,1455440977
146,327,2.5,1456361684
146,88,3.5,1465612306
146,8,4.5,1473948257
146,214,2.5,1494710128
146,302,3.5,1497670014
146,44,4.5,1501058230
146,24,3.0,1502808586
146,39,4.5,1508241200
146,36,5.0,1514888290
146,18,4.0,1518983980
146,10,5.0,1523709125
146,4,4.0,1524613075
146,272,3.0,1529999319
146,56,4.5,1540348947
146,237,2.0,1556879238
146,330,1.5,1559915300
146,54,5.0,1575700923
146,318,1.5,1586920521
146,231,3.0,1600533191
146,94,3.0,1602868839
146,165,5.0,1617161626
146,147,2.5,1619293189
146,179,2.5,1643018325
146,300,3.0,1643948206
146,89,3.5,1646961152
147,51,3.5,1267164752
147,325,4.0,1268948992
147,14,3.5,1285983981
147,11,5.0,1290525653
147,281,4.0,1297965221
147,74,2.5,1306583016
147,343,0.5,1323434069
147,86,4.5,1326225899
147,21,3.0,1342772514
147,95,2.5,1344497902
147,41,4.5,1379227578
147,307,4.0,1379656982
147,9,4.5,1379761243
147,322,3.0,1388587831
147,13,4.5,1391349814
147,327,4.5,1398875079
147,198,1.0,1416780727
147,249,3.5,1420832586
147,59,3.0,1427133514
147,22,3.0,1429283836
147,19,5.0,1439573167
147,148,2.0,1443492673
147,201,2.5,1453349146
147,2,2.5,1456532909
147,10,4.5,1460174736
147,305,2.0,1473429045
147,89,4.0,1493306771
147,195,1.5,1497659205
147,157,3.0,1500409908
147,311,3.5,1511462606
147,45,4.5,1513693227
147,24,5.0,1521606920
147,183,2.5,1526363565
147,88,4.0,1528844258
147,17,2.5,1531807687
147,304,1.5,1540517964
147,165,3.5,1541443367
147,26,3.0,1564357242
147,329,3.0,1604005894
147,16,3.0,1605007701
147,92,2.0,1608087938
147,44,4.5,1611073114
147,264,2.5,1627983088
147,188,2.0,1628799547
147,204,1.5,1638444029
147,97,3.0,1638698510
147,244,3.5,1654672831
147,54,5.0,1659766388
148,286,0.5,1263359963
148,231,2.0,1277854274
148,50,5.0,1301489932
148,31,4.5,1302880349
148,10,4.0,1303464666
148,54,4.5,1305555392
148,51,3.5,1316800018
148,295,2.5,1334155039
148,42,5.0,1355997927
148,49,5.0,1361482064
148,6,4.5,1373420980
148,149,0.5,1392788129
148,237,2.0,1415658505
148,12,2.5,1422103531
148,24,3.0,1432294662
148,36,5.0,1432721547
148,181,0.5,1450042244
148,18,4.5,1450432252
148,78,3.0,1451427036
148,58,2.0,1507190462
148,32,4.0,1526246359
148,55,2.5,1528770862
148,9,4.0,1530410340
148,2,3.5,1537758408
148,88,2.0,1551460115
148,157,3.5,1562591524
148,97,2.0,1563218439
148,43,4.5,1594471418
148,137,2.0,1596261280
148,283,2.0,1601105024
148,44,5.0,1626887453
148,19,3.5,1636933616
148,27,2.5,1638089137
148,65,3.0,1648991541
148,74,3.0,1650552529
149,61,3.0,1262363485
149,290,3.0,1274308488
149,34,5.0,1300649256
149,245,5.0,1304463397
149,320,3.0,1307216652
149,36,5.0,1324390825
149,56,5.0,1334001364
149,51,4.5,1339555135
149,31,5.0,1348572641
149,268,5.0,1351466075
149,89,3.0,1419507512
149,76,4.0,1426054777
149,9,5.0,1426379869
149,49,4.5,1428297772
149,174,4.5,1432559557
149,14,5.0,1437439347
149,12,5.0,1442775439
149,240,2.5,1442920264
149,196,3.5,1462049438
149,10,5.0,1465226173
149,88,4.0,1470600954
149,73,1.5,1472644186
149,57,4.5,1480754103
149,233,2.5,1481608359
149,177,5.0,1492879050
149,314,3.0,1501062219
149,84,3.5,1504920601
149,1,4.0,1545126803
149,35,5.0,1560363035
149,193,4.5,1573394388
149,54,5.0,1579436982
149,237,3.5,1584374019
149,4,4.0,1586084868
149,30,5.0,1588287148
149,104,3.5,1609693557
149,129,4.5,1619789225
149,147,3.0,1624713274
149,313,3.0,1648546869
149,165,5.0,1649968661
149,7,4.5,1650751109
149,32,5.0,1659032499
150,270,3.5,1280189011
150,211,4.0,1286952867
150,1,3.5,1296999196
150,80,2.0,1303720360
150,16,4.5,1329569025
150,20,4.5,1336090735
150,76,2.0,1338604119
150,130,3.5,1373744554
150,210,3.5,1383568069
150,241,1.5,1398251110
150,104,5.0,1425071769
150,176,4.5,1432918151
150,49,1.0,1443675300
150,180,1.5,1459648201
150,86,4.5,1480456688
150,288,0.5,1500039852
150,62,3.0,1502363836
150,30,3.0,1524278781
150,213,5.0,1530045138
150,105,4.0,1531563171
150,171,4.5,1538564867
150,103,2.5,1571001021
150,193,3.0,1606947309
150,214,5.0,1610168827
150,95,1.0,1613683406
150,14,3.0,1628992173
150,13,4.0,1639958535
150,33,4.5,1645915156
150,65,2.5,1646678431
150,66,5.0,1652953777
151,54,5.0,1271513133
151,165,4.0,1284352907
151,96,3.0,1295363461
151,316,2.0,1307841240
151,300,3.5,1310107809
151,201,1.5,1310184211
151,283,2.5,1318050835
151,21,3.5,1325555436
151,1,5.0,1326271820
151,101,2.0,1336858349
151,102,2.5,1339956109
151,275,1.5,1340910643
151,311,3.0,1348019372
151,95,3.0,1349538192
151,70,3.5,1354032322
151,41,3.0,1367206770
151,11,5.0,1385153893
151,156,4.5,1389823210
151,74,3.0,1393712826
151,187,1.0,1398535955
151,14,3.5,1409010126
151,4,5.0,1412585672
151,114,2.5,1421350262
151,59,4.5,1421440842
151,179,2.0,1437492526
151,44,3.5,1440853682
151,285,2.5,1450647374
151,97,4.5,1459589242
151,9,4.5,1462389924
151,308,3.5,1467314558
151,50,4.5,1478318060
151,64,2.0,1478363330
151,321,2.5,1500398787
151,18,4.5,1506334962
151,93,4.5,1529837666
151,35,3.5,1534774514
151,46,4.5,1537582950
151,169,3.0,1544075798
151,78,3.0,1544718854
151,85,3.5,1555556517
151,301,3.5,1558249001
151,72,2.5,1611100090
151,291,3.5,1630214561
151,174,3.5,1635384966
151,56,4.5,1636188169
151,61,1.5,1637767729
151,325,3.5,1648217479
151,340,4.0,1648652682
151,19,5.0,1649408507
151,98,5.0,1653986764
152,10,3.5,1308565792
152,56,4.5,1319364126
152,55,2.5,1334250795
152,329,3.0,1335496646
152,66,4.0,1360171791
152,13,4.5,1374676128
152,194,2.5,1398099852
152,321,2.5,1406650534
152,53,2.5,1419705077
152,263,3.0,1432706785
152,6,3.0,1479746351
152,241,1.5,1494905436
152,86,5.0,1495489001
152,50,2.0,1498797173
152,236,2.5,1543389448
152,224,2.5,1573750477
152,301,3.0,1577172492
152,72,3.5,1579786957
152,47,2.5,1582696250
152,18,4.5,1590822205
152,234,4.0,1593436468
152,290,2.0,1596655464
152,139,4.5,1611535568
152,62,4.0,1629245494
152,291,4.5,1635511441
153,59,3.0,1295389541
153,19,5.0,1297070343
153,29,2.5,1338594870
153,6,5.0,1345303716
153,131,3.5,1365702492
153,22,3.5,1402547785
153,15,5.0,1402616502
153,127,4.5,1409468374
153,257,3.5,1429310702
153,55,2.0,1439427878
153,70,4.0,1441491637
153,24,5.0,1444705306
153,16,4.0,1448364289
153,30,3.5,1474218171
153,31,4.5,1501714194
153,232,1.5,1501803537
153,194,3.0,1529038635
153,18,5.0,1556065354
153,139,3.0,1556287684
153,237,2.0,1564913417
153,99,4.5,1567462990
153,153,0.5,1568454264
153,95,2.5,1608274143
153,85,3.0,1620843058
153,196,3.0,1642178540
153,323,3.5,1650440609
154,137,3.5,1262360713
154,299,2.0,1266146563
154,4,5.0,1273264160
154,136,5.0,1288197221
154,49,2.5,1297428110
154,104,4.0,1306254062
154,18,4.0,1310051909
154,58,3.0,1314035696
154,12,5.0,1340222229
154,19,4.5,1347181270
154,1,4.5,1351369012
154,327,3.0,1359764696
154,40,4.5,1362046031
154,54,5.0,1364192049
154,338,2.0,1372713187
154,177,5.0,1395333054
154,2,5.0,1401870440
154,135,4.5,1409699498
154,311,3.5,1415728569
154,35,4.0,1425932513
154,214,5.0,1427239844
154,65,3.5,1429924080
154,33,5.0,1474363540
154,217,4.5,1488066289
154,129,3.5,1499423221
154,190,3.0,1504666452
154,106,4.0,1505909721
154,34,5.0,1524342513
154,160,4.0,1531133764
154,321,2.5,1532016726
154,46,3.0,1538073911
154,140,1.5,1543708852
154,7,5.0,1550514572
154,22,4.5,1554998753
154,59,3.5,1565759283
154,246,1.5,1575648627
154,76,3.5,1579277109
154,55,2.5,1590055994
154,27,5.0,1618400856
154,196,3.0,1621310117
154,204,4.5,1622382518
154,305,5.0,1622687711
154,16,3.5,1624011993
154,105,5.0,1625450310
154,95,2.0,1625777205
154,166,3.0,1633480132
154,41,3.0,1635235244
154,236,2.5,1635973398
154,165,5.0,1636695136
154,64,3.0,1642022073
154,329,3.0,1644813408
154,323,3.0,1650125229
155,178,5.0,1310224084
155,258,2.0,1314510594
155,70,2.5,1320877663
155,25,4.0,1331092761
155,30,3.5,1345465117
155,211,2.0,1355094899
155,98,2.0,1409740295
155,264,5.0,1444715370
155,5,5.0,1452436810
155,134,4.0,1462858705
155,89,4.0,1489716460
155,21,4.5,1489764666
155,34,4.0,1498338006
155,109,5.0,1504058567
155,341,5.0,1661150030
156,147,4.5,1263725356
156,28,5.0,1266095255
156,222,2.0,1283448001
156,22,4.5,1290445054
156,8,5.0,1293396934
156,274,1.0,1310316929
156,4,4.0,1312464659
156,37,5.0,1353331606
156,127,4.0,1357271100
156,21,4.0,1390111361
156,145,5.0,1405458595
156,138,1.5,1408458339
156,55,3.0,1408731802
156,13,4.0,1413686099
156,29,4.5,1422251339
156,219,4.0,1445255327
156,291,1.5,1454852611
156,231,3.5,1456869172
156,14,4.5,1458242634
156,62,2.5,1460116232
156,182,0.5,1466307298
156,31,4.5,1485310975
156,15,5.0,1519314984
156,246,2.5,1525979987
156,68,2.0,1533255374
156,83,5.0,1533854460
156,322,4.0,1535287182
156,304,1.5,1535643766
156,329,2.0,1539694056
156,161,1.5,1540500706
156,344,5.0,1552646647
156,218,4.5,1555146630
156,124,5.0,1557471262
156,25,3.0,1562940045
156,9,5.0,1563621666
156,301,4.5,1570477637
156,116,5.0,1572706637
156,3,5.0,1584233943
156,326,0.5,1592407114
156,32,5.0,1594858738
156,167,0.5,1596751351
156,197,3.5,1603868845
156,33,5.0,1606548593
156,117,5.0,1629485546
156,58,2.5,1630244377
156,77,2.5,1631596527
156,143,5.0,1640966021
156,1,5.0,1654930168
156,204,0.5,1656621451
157,322,5.0,1276561479
157,85,3.5,1294374866
157,318,4.0,1299302626
157,26,4.5,1302462900
157,161,3.5,1319045584
157,54,5.0,1327454593
157,49,4.5,1332002703
157,14,4.5,1342610903
157,130,3.5,1366770636
157,21,4.0,1370774100
157,199,2.0,1383145838
157,211,2.0,1391868470
157,165,5.0,1398492550
157,183,3.0,1400308041
157,2,3.5,1411983328
157,309,4.5,1425063726
157,57,5.0,1436673312
157,206,1.0,1448918887
157,58,4.0,1468322485
157,290,2.0,1475857568
157,93,4.0,1487722700
157,184,2.5,1492609287
157,43,5.0,1504935789
157,163,3.5,1510624704
157,12,5.0,1534858832
157,245,1.5,1538415955
157,68,4.0,1556871861
157,11,5.0,1568512372
157,330,4.0,1585693651
157,56,5.0,1591380026
157,75,3.0,1594770835
157,223,4.0,1595540102
157,44,5.0,1603370605
157,10,5.0,1613190055
157,9,5.0,1613408759
157,281,3.5,1633336873
157,50,5.0,1633753807
157,274,5.0,1647067574
157,6,4.5,1647574390
157,291,4.0,1649411545
157,300,4.5,1649785231
157,41,5.0,1658895067
158,43,4.5,1274198665
158,25,5.0,1275419162
158,158,4.0,1277421272
158,291,2.5,1279105403
158,165,5.0,1283664937
158,104,4.5,1291026891
158,164,2.5,1311323384
158,20,4.5,1318340062
158,9,5.0,1332458059
158,174,3.5,1332598675
158,237,5.0,1335343436
158,38,5.0,1336732583
158,117,3.5,1341645851
158,28,5.0,1353253778
158,236,2.5,1355698259
158,14,5.0,1358242943
158,47,4.0,1364101593
158,56,5.0,1371332257
158,187,2.5,1385146833
158,152,2.5,1386857921
158,68,5.0,1393486388
158,217,4.0,1396616281
158,102,4.5,1396695999
158,95,4.0,1397560497
158,30,5.0,1437945144
158,143,5.0,1442092275
158,18,5.0,1446008159
158,10,5.0,1457053759
158,34,5.0,1460306017
158,7,5.0,1461669637
158,83,3.5,1469902007
158,85,4.0,1527988866
158,60,4.0,1544377451
158,330,4.0,1555948103
158,15,5.0,1560834200
158,57,5.0,1573386345
158,196,5.0,1576582913
158,1,5.0,1583677627
158,12,5.0,1585076740
158,302,5.0,1585492933
158,161,5.0,1589177467
158,59,5.0,1591960564
158,250,3.0,1593002990
158,16,4.0,1632417857
158,322,5.0,1634302744
158,8,5.0,1634368385
158,239,5.0,1641065169
158,313,3.5,1649651633
158,130,5.0,1650067574
158,2,5.0,1661673722
159,27,3.0,1263276265
159,321,1.5,1264387210
159,74,3.0,1311914783
159,72,3.0,1320541991
159,61,2.5,1325841176
159,217,2.5,1336792107
159,246,0.5,1371525412
159,7,4.0,1372375754
159,46,2.5,1405271811
159,64,2.5,1486628792
159,312,2.5,1510027694
159,213,3.0,1530711321
159,158,3.5,1541408785
159,14,3.0,1545254726
159,237,0.5,1570296143
159,76,3.0,1571662960
159,26,3.5,1579652827
159,299,0.5,1582166737
159,139,2.0,1616734073
159,113,3.5,1636265788
159,161,3.0,1658741060
160,293,3.0,1262830498
160,57,3.5,1263206244
160,15,5.0,1263631282
160,75,3.0,1271051019
160,38,2.0,1274236831
160,70,4.5,1283900493
160,86,5.0,1296466124
160,187,1.0,1297568581
160,90,2.0,1313316274
160,107,2.5,1321944790
160,19,5.0,1326168897
160,328,5.0,1338684541
160,37,3.0,1351421068
160,300,1.5,1359236122
160,73,4.0,1368371580
160,18,3.0,1386660487
160,185,1.5,1393947759
160,21,3.5,1400187959
160,78,4.0,1422252729
160,1,5.0,1423962157
160,13,5.0,1436783712
160,237,0.5,1476740309
160,321,1.5,1500073981
160,274,4.0,1500105052
160,62,4.0,1515017661
160,304,2.5,1524683814
160,35,2.0,1532566597
160,23,5.0,1537944623
160,306,5.0,1555215180
160,117,4.0,1557750326
160,151,4.0,1569198318
160,244,1.5,1571456028
160,25,4.0,1571550484
160,76,2.5,1591311594
160,325,5.0,1601444531
160,205,1.0,1614859457
160,240,3.0,1618514555
160,189,4.0,1630383411
161,75,4.0,1265310121
161,36,4.5,1269921398
161,89,3.0,1270139502
161,10,4.5,1270258459
161,328,2.0,1271397716
161,34,4.5,1272033855
161,12,4.0,1272289148
161,20,4.5,1275272186
161,83,4.0,1276602875
161,170,2.0,1282085066
161,120,5.0,1311659853
161,26,4.5,1318705507
161,314,3.5,1323006354
161,11,5.0,1330098893
161,51,2.5,1349777503
161,61,1.5,1354098441
161,300,3.5,1371276278
161,7,5.0,1383821469
161,91,4.0,1391850101
161,24,2.5,1392792363
161,245,4.5,1409317469
161,237,1.5,1410273320
161,40,4.0,1412023903
161,193,4.0,1412682604
161,244,4.5,1416936892
161,264,5.0,1418258589
161,59,3.5,1429099517
161,99,5.0,1429172296
161,1,5.0,1430057478
161,66,4.5,1431485207
161,305,4.0,1437189497
161,109,5.0,1442995208
161,157,4.0,1446688731
161,190,3.5,1453414548
161,312,2.5,1453662296
161,204,2.5,1455407561
161,221,0.5,1466001012
161,195,0.5,1480504136
161,217,5.0,1483018131
161,303,1.0,1489465064
161,22,3.5,1499757302
161,283,4.0,1500852800
161,33,5.0,1501327569
161,45,3.0,1506050984
161,37,4.5,1514068428
161,86,3.0,1528902204
161,8,5.0,1535740264
161,57,3.5,1546272871
161,144,5.0,1556893783
161,250,2.5,1559644100
161,247,5.0,1563274290
161,277,3.5,1609998891
161,4,4.0,1641267991
161,135,3.5,1658751586
161,106,4.5,1659244116
161,288,2.5,1661046931
162,143,5.0,1265970882
162,310,1.5,1274776767
162,196,2.5,1313128704
162,60,2.0,1331779907
162,195,0.5,1359388593
162,155,2.5,1359394879
162,11,4.0,1377848071
162,291,3.0,1402759795
162,188,1.5,1409516558
162,244,3.0,1413787095
162,112,4.5,1415835065
162,109,3.5,1415962597
162,114,3.5,1416465101
162,18,4.5,1420043498
162,340,5.0,1424621356
162,10,4.5,1441510082
162,43,2.0,1450878850
162,40,4.0,1460861384
162,156,4.0,1471364226
162,64,2.0,1486687753
162,116,3.0,1501303296
162,35,4.5,1513193298
162,31,5.0,1519773691
162,68,2.0,1575379753
162,22,3.5,1576872675
162,14,3.5,1589463784
163,41,5.0,1302601295
163,88,5.0,1309245981
163,33,3.0,1319248560
163,97,5.0,1353055422
163,99,5.0,1380282413
163,132,3.5,1396439597
163,67,4.0,1403563148
163,43,5.0,1435077315
163,194,3.5,1454413241
163,236,3.5,1458181560
163,103,2.0,1467641874
163,98,5.0,1483840155
163,78,4.0,1517578743
163,45,5.0,1534212590
163,44,5.0,1562997614
163,301,5.0,1586464564
163,12,5.0,1587365912
163,300,3.5,1618890279
163,50,5.0,1625353039
163,27,2.5,1631487712
163,39,5.0,1636114439
164,101,2.5,1272567412
164,7,4.0,1284777975
164,277,3.5,1285979935
164,63,2.5,1288808572
164,98,2.0,1297469763
164,18,5.0,1301010197
164,58,3.5,1323744920
164,74,3.0,1340916385
164,16,4.0,1351792759
164,305,3.0,1359413686
164,287,0.5,1362192626
164,222,4.0,1365487282
164,244,2.0,1366338865
164,165,5.0,1368236071
164,45,4.0,1368752338
164,48,4.0,1378892420
164,5,3.5,1389884696
164,66,3.5,1401758172
164,8,5.0,1403401003
164,247,4.0,1418199872
164,237,4.0,1425460159
164,28,4.0,1437052908
164,155,3.0,1437259326
164,161,2.5,1440876416
164,35,5.0,1455369437
164,332,1.5,1467809739
164,188,2.5,1477894284
164,92,1.5,1481044604
164,56,5.0,1495817326
164,44,3.5,1501226058
164,295,1.5,1501778460
164,13,4.5,1504801466
164,217,3.0,1505038959
164,317,3.0,1509748589
164,316,2.5,1528400026
164,105,3.5,1540474942
164,53,3.0,1557116351
164,208,0.5,1561570211
164,65,4.5,1569981007
164,33,4.5,1578007627
164,321,3.5,1578236838
164,14,5.0,1583051306
164,36,5.0,1600666168
164,4,4.5,1602154572
164,61,4.5,1608543339
164,9,5.0,1620816354
164,60,3.0,1626110263
164,42,4.0,1632839643
164,15,4.5,1640764526
164,204,1.5,1642733909
164,11,5.0,1653794753
165,112,3.5,1267938816
165,51,3.5,1274206272
165,1,3.5,1274780764
165,321,3.5,1276041966
165,14,2.5,1286341185
165,58,2.5,1287157371
165,167,1.5,1290618555
165,345,2.5,1317389934
165,19,4.0,1320488779
165,52,4.0,1340885698
165,316,2.0,1344007467
165,79,2.0,1358148524
165,5,3.5,1359003819
165,85,2.5,1395469606
165,323,2.5,1407522835
165,22,3.5,1407641034
165,165,3.5,1409001548
165,33,4.0,1411299986
165,76,3.5,1413607784
165,116,4.0,1419278094
165,149,1.5,1421224941
165,196,2.0,1426654076
165,124,4.5,1440328831
165,42,5.0,1442472911
165,134,2.0,1445246237
165,47,4.5,1462030706
165,258,2.0,1472998824
165,298,2.5,1477290278
165,341,5.0,1493669021
165,21,2.0,1495459749
165,81,3.0,1506473465
165,210,0.5,1510000368
165,224,0.5,1520328105
165,30,5.0,1521273330
165,71,2.5,1524263253
165,43,4.0,1526049972
165,246,4.0,1533319682
165,284,3.5,1549459941
165,89,3.5,1571364359
165,177,4.0,1573419823
165,49,5.0,1584813774
165,3,4.0,1585045360
165,330,1.0,1589312606
165,161,2.5,1597057661
165,62,1.5,1607691617
165,322,2.5,1615270086
165,155,2.5,1635926077
165,8,3.5,1645764207
166,28,5.0,1301242635
166,74,5.0,1352484372
166,94,4.0,1364548945
166,1,5.0,1390545810
166,305,5.0,1421226314
166,183,4.5,1463790263
166,59,3.0,1483834441
166,70,5.0,1510496198
166,113,5.0,1533161822
166,20,5.0,1551373697
166,83,5.0,1554799522
166,17,5.0,1621623027
167,97,2.5,1263226896
167,143,3.5,1270901191
167,9,2.5,1284226817
167,161,3.0,1306095800
167,2,5.0,1308748237
167,85,3.5,1334496075
167,305,2.5,1358043698
167,313,4.0,1365776600
167,81,3.0,1380305729
167,339,5.0,1381685632
167,23,3.5,1390276390
167,154,0.5,1404513666
167,198,1.5,1408810729
167,113,2.5,1409732302
167,291,3.0,1415502522
167,234,2.5,1421380318
167,316,2.5,1429387589
167,196,2.0,1438081410
167,183,2.0,1440969303
167,93,3.5,1455067667
167,219,1.5,1461142291
167,48,2.5,1461603614
167,59,2.5,1463037237
167,232,2.0,1477346717
167,134,2.0,1480655729
167,331,2.0,1499219615
167,51,3.0,1506024096
167,11,5.0,1510113918
167,7,4.0,1517869408
167,20,3.0,1521886312
167,35,1.5,1526023880
167,49,2.0,1530739446
167,135,3.0,1534360771
167,43,3.5,1534797680
167,3,4.5,1536175747
167,75,4.0,1560029665
167,275,1.5,1565410557
167,54,2.0,1566365942
167,19,4.0,1567798558
167,324,0.5,1569106008
167,323,2.0,1569333635
167,130,4.5,1576479627
167,147,4.5,1579340704
167,37,2.5,1586574239
167,89,2.0,1594081092
167,250,2.0,1596133286
167,238,2.5,1601971720
167,87,3.0,1608700897
167,92,1.0,1622882126
167,5,5.0,1626175767
167,94,4.0,1626516082
167,8,2.5,1630376248
167,332,1.0,1634073070
167,31,3.0,1638044393
167,72,2.5,1658269165
168,322,2.5,1262496393
168,56,4.5,1295317427
168,309,2.5,1334959464
168,33,5.0,1348736616
168,60,2.0,1355838516
168,57,4.0,1356424276
168,272,2.5,1367324869
168,67,2.0,1414168906
168,2,3.0,1451667592
168,103,0.5,1473164417
168,200,1.5,1515342325
168,71,0.5,1530050476
168,41,3.0,1533793547
168,10,5.0,1601873344
168,9,5.0,1620035751
168,30,4.5,1639478509
168,156,3.5,1652726513
169,89,4.0,1265235586
169,258,1.5,1279071256
169,276,2.0,1287055195
169,130,3.5,1343984763
169,257,2.5,1346869044
169,44,2.0,1350363505
169,322,3.5,1354565517
169,83,2.5,1357894151
169,68,5.0,1359567923
169,237,2.0,1362325975
169,236,1.5,1372760150
169,11,3.0,1383131685
169,214,5.0,1387657753
169,23,4.0,1390503890
169,343,0.5,1405039644
169,36,4.0,1428096612
169,211,5.0,1471541933
169,57,4.5,1499642312
169,212,5.0,1508029671
169,62,4.5,1510533999
169,330,3.5,1513146555
169,25,5.0,1517633224
169,18,4.5,1536444913
169,53,1.5,1539953800
169,95,2.5,1568458870
169,34,2.5,1573570512
169,4,5.0,1582161871
169,104,4.5,1609361419
169,86,5.0,1615823699
169,157,3.0,1618012301
169,204,5.0,1627304693
170,20,4.0,1296511453
170,187,2.0,1324586925
170,14,4.5,1377278306
170,186,3.0,1447678979
170,75,3.0,1449104166
170,11,4.5,1450862572
170,239,4.5,1475664101
170,3,5.0,1486635029
170,302,4.5,1488253840
170,165,5.0,1500577937
170,26,5.0,1506741534
170,272,3.5,1520282014
170,24,3.5,1527638663
170,48,5.0,1544237851
170,13,3.5,1547734585
170,46,5.0,1547764942
170,18,5.0,1603730596
170,93,3.5,1606086305
170,178,4.0,1608559073
170,310,1.5,1631186839
170,278,1.5,1640908111
170,56,4.5,1658381866
171,327,3.0,1278305772
171,184,0.5,1280522299
171,85,2.5,1287002547
171,153,0.5,1302314178
171,19,4.0,1376012767
171,4,3.0,1440498357
171,260,3.0,1477555352
171,183,1.5,1560860243
171,231,2.0,1622266136
171,121,4.5,1640513852
171,97,3.5,1646054006
172,206,3.0,1288413171
172,1,5.0,1301146226
172,312,3.0,1315654767
172,291,5.0,1323153559
172,209,2.5,1345637724
172,188,3.0,1349559575
172,73,2.5,1349819448
172,111,5.0,1351933430
172,57,4.5,1361926114
172,191,3.0,1378787386
172,58,2.5,1380732099
172,300,2.5,1382305402
172,19,4.5,1385677691
172,275,3.0,1395013523
172,251,3.5,1397755693
172,258,3.0,1402293334
172,151,4.5,1407494223
172,18,4.0,1414093971
172,62,5.0,1427184143
172,129,2.5,1428066787
172,320,2.5,1428077297
172,61,3.5,1452994318
172,121,5.0,1463176776
172,42,2.5,1468854726
172,8,4.0,1471771514
172,127,4.0,1472827620
172,16,4.5,1473712989
172,26,5.0,1476633874
172,212,3.5,1500157989
172,4,5.0,1506044261
172,89,4.0,1506079590
172,64,5.0,1506397030
172,59,2.5,1524371171
172,76,4.0,1538203767
172,165,4.0,1539085557
172,217,4.5,1540397186
172,326,3.5,1552977458
172,174,5.0,1570321805
172,95,2.5,1593891073
172,88,4.5,1596029455
172,102,4.0,1600805587
172,11,3.5,1608898584
172,324,3.5,1617194889
172,220,2.5,1623925237
172,33,3.0,1638709437
172,97,1.5,1640996554
173,200,3.5,1263001765
173,153,2.5,1275354038
173,89,4.0,1298248636
173,129,5.0,1301911615
173,58,2.0,1306971863
173,333,4.0,1321214876
173,147,5.0,1323465386
173,87,4.5,1324438965
173,199,3.0,1324644982
173,9,3.5,1343433520
173,278,2.0,1347833631
173,1,5.0,1348074576
173,46,2.5,1354662970
173,320,3.5,1362418769
173,62,4.5,1367552215
173,175,4.5,1375829257
173,231,3.5,1420729855
173,315,2.5,1425416176
173,10,3.5,1445277976
173,75,5.0,1491678798
173,44,1.5,1514148015
173,170,4.5,1517274917
173,307,5.0,1536028699
173,331,4.0,1553248244
173,159,2.5,1553574465
173,11,4.5,1555396171
173,54,3.5,1559711438
173,339,4.5,1561517360
173,18,3.5,1575123394
173,13,5.0,1586528666
173,313,5.0,1615658531
174,185,1.0,1289842242
174,113,5.0,1298773871
174,169,3.0,1307252083
174,91,5.0,1342285149
174,59,3.0,1351140283
174,164,2.0,1351713554
174,190,5.0,1354803623
174,12,4.0,1370637077
174,45,2.0,1378411161
174,302,3.0,1393273564
174,70,5.0,1397453588
174,134,4.5,1412254485
174,75,5.0,1422617166
174,55,2.0,1428287919
174,109,4.5,1435314193
174,88,3.5,1437093252
174,157,5.0,1442921044
174,76,4.5,1466710446
174,3,5.0,1485407327
174,26,5.0,1491048666
174,30,4.5,1505368342
174,144,5.0,1517705530
174,73,2.0,1520735221
174,305,5.0,1524050815
174,236,3.5,1544517656
174,62,5.0,1548118069
174,174,5.0,1549501663
174,64,4.5,1557055720
174,20,5.0,1561867862
174,187,2.5,1566660394
174,111,5.0,1570297628
174,203,4.0,1571858765
174,234,5.0,1574830284
174,182,3.5,1581764109
174,341,5.0,1584167339
174,10,4.0,1584352567
174,14,3.5,1595524144
174,1,5.0,1607801458
174,67,3.5,1614031124
174,56,3.0,1631525698
174,189,3.5,1631757970
174,16,5.0,1633032743
174,276,3.5,1641939437
174,2,5.0,1642534842
174,4,5.0,1653140191
175,91,3.0,1263746461
175,322,5.0,1279861083
175,134,4.0,1281911427
175,103,4.0,1283900318
175,152,3.5,1288652102
175,34,4.5,1309953416
175,168,3.5,1312984277
175,93,4.5,1316018815
175,207,2.5,1326216475
175,149,3.5,1353803799
175,247,3.5,1361927894
175,90,4.0,1363439567
175,55,4.5,1377748541
175,261,3.5,1378314904
175,63,4.0,1385904065
175,285,2.5,1386905787
175,98,3.5,1417505793
175,219,3.5,1457732158
175,35,4.0,1461946657
175,27,3.5,1463309155
175,212,2.5,1468587532
175,86,4.5,1470406219
175,325,5.0,1479960794
175,316,3.0,1495927707
175,31,4.0,1515456269
175,224,3.0,1534279404
175,3,4.5,1537058516
175,300,4.0,1542329335
175,199,3.0,1552219183
175,57,5.0,1590694501
175,185,3.5,1603249874
175,46,4.0,1603523012
175,135,5.0,1609957860
175,85,4.0,1617046927
175,12,4.0,1625582436
175,237,3.0,1630437212
175,56,5.0,1639006004
175,222,5.0,1642435904
175,303,4.5,1642612150
175,13,4.0,1645030281
175,44,3.5,1645390369
175,97,4.0,1646711333
175,147,4.5,1653144576
175,92,3.0,1656799899
176,40,5.0,1269442371
176,61,3.0,1269524587
176,12,5.0,1287920582
176,75,3.5,1291321212
176,57,4.5,1294106503
176,41,5.0,1321697864
176,72,4.0,1374561681
176,252,2.5,1402201720
176,297,3.0,1497823873
176,67,3.5,1516100305
176,290,4.0,1522301764
176,45,5.0,1595405636
176,81,3.0,1596959952
176,18,4.0,1616583395
176,24,4.5,1650339398
177,78,3.5,1268399351
177,329,3.0,1293268931
177,23,5.0,1293505695
177,328,4.0,1298350529
177,53,1.5,1301428953
177,273,1.0,1302149592
177,26,5.0,1307596956
177,6,5.0,1321062914
177,104,5.0,1347958761
177,17,5.0,1350842160
177,73,2.0,1352299395
177,33,3.5,1356937954
177,67,4.0,1357194125
177,62,5.0,1361504235
177,121,5.0,1366838535
177,217,4.0,1381739728
177,172,4.5,1467933837
177,190,4.5,1469097575
177,302,5.0,1482137466
177,43,3.0,1487909500
177,1,5.0,1488701877
177,291,5.0,1493259954
177,2,5.0,1498977016
177,8,5.0,1504723784
177,32,4.0,1515468264
177,93,4.5,1517462523
177,134,5.0,1518226160
177,16,5.0,1534161810
177,88,5.0,1549793791
177,72,5.0,1564618150
177,14,4.0,1565208100
177,12,5.0,1568429809
177,186,3.5,1614128241
177,7,5.0,1617951407
177,126,3.5,1620298552
177,27,5.0,1623148946
177,69,3.5,1629597066
177,3,5.0,1636434003
177,344,5.0,1638504842
177,85,4.0,1641525973
177,11,5.0,1648982207
178,298,4.0,1277625085
178,9,4.0,1293694604
178,7,3.5,1344404010
178,312,3.5,1356080695
178,281,5.0,1363795005
178,55,2.0,1375653125
178,239,3.5,1376948093
178,313,4.0,1403974126
178,4,4.0,1420079960
178,1,4.5,1425146616
178,49,3.0,1429902539
178,240,4.5,1434404393
178,40,4.0,1434994417
178,120,5.0,1455574934
178,289,3.0,1462532827
178,46,2.5,1469045020
178,247,4.0,1503503301
178,89,2.0,1504381248
178,140,3.0,1510389689
178,16,5.0,1546791286
178,301,3.0,1547153758
178,8,2.5,1581758166
178,50,4.0,1598060702
178,309,5.0,1634986886
178,188,5.0,1640832004
178,329,3.0,1646516766
178,26,3.5,1658713001
179,93,3.5,1290935583
179,236,2.0,1338493920
179,12,5.0,1415469347
179,241,1.5,1430347347
179,323,2.5,1503532373
179,224,2.5,1503564414
179,19,4.5,1522373779
179,2,5.0,1603211438
179,8,5.0,1607758852
179,33,4.5,1647165001
180,112,5.0,1270600756
180,127,2.0,1303831236
180,340,5.0,1310423306
180,105,3.5,1325744891
180,98,3.0,1371348392
180,40,3.0,1387543337
180,74,1.5,1402349199
180,87,3.0,1409588918
180,12,2.0,1442483341
180,204,0.5,1483012192
180,52,3.0,1554204444
180,93,3.5,1642908505
181,87,3.0,1280591216
181,62,4.0,1291471927
181,18,4.0,1293284408
181,36,5.0,1297038130
181,29,3.5,1299049572
181,60,2.0,1304747386
181,4,5.0,1307523232
181,107,3.0,1317831932
181,41,3.0,1318143774
181,101,1.5,1324629311
181,43,3.0,1328043668
181,337,4.0,1334946635
181,159,1.5,1335573646
181,17,4.0,1362617086
181,61,3.0,1377561446
181,271,2.0,1384162268
181,58,3.5,1388416455
181,312,2.5,1410539658
181,34,5.0,1422694907
181,156,5.0,1428850843
181,6,4.0,1434252304
181,9,5.0,1434253423
181,22,4.0,1472736578
181,19,4.0,1474396519
181,236,2.5,1479480146
181,39,4.0,1484244357
181,14,5.0,1494653462
181,7,4.5,1501561408
181,8,5.0,1507122030
181,54,5.0,1511622065
181,324,2.0,1523884245
181,2,4.5,1533693095
181,313,4.0,1534011852
181,35,4.0,1539059918
181,57,5.0,1542185968
181,65,3.5,1565655866
181,304,0.5,1603279953
181,32,4.0,1636452409
181,37,4.5,1637510853
181,40,4.0,1647896928
181,26,4.5,1652456993
181,190,3.0,1653458473
181,10,5.0,1653894225
182,9,4.5,1338565880
182,93,4.0,1370840422
182,56,5.0,1372689669
182,33,5.0,1407750107
182,60,5.0,1481271396
182,10,4.0,1508851640
182,36,4.5,1528087093
182,87,2.5,1546893346
182,42,3.5,1587033193
182,30,5.0,1611196547
182,25,3.5,1622950672
182,300,4.0,1627357212
182,8,5.0,1657232950
183,97,2.0,1331427989
183,29,3.0,1347798190
183,207,0.5,1358716782
183,45,4.0,1376489714
183,46,4.0,1389872098
183,157,4.0,1392414494
183,23,3.0,1440764754
183,90,1.5,1467369927
183,196,2.5,1493678413
183,300,3.0,1508291535
183,111,3.0,1509529095
183,147,2.5,1543449065
183,19,4.0,1556364252
183,60,2.5,1556375149
183,18,3.0,1560026505
183,2,3.0,1566651949
183,301,4.0,1580632695
183,136,2.5,1592460384
183,1,4.0,1601693981
184,57,3.5,1302149708
184,61,2.5,1430137951
184,96,3.0,1432701426
184,311,4.0,1451122355
184,11,2.5,1475230018
184,76,3.0,1484741847
184,320,3.5,1505545673
184,31,2.0,1514136716
184,30,3.5,1593550272
184,75,3.0,1645150689
185,57,4.5,1264039635
185,186,2.5,1275658404
185,322,2.5,1277768695
185,130,4.5,1280002975
185,6,5.0,1317470514
185,84,4.5,1328780310
185,247,3.0,1335377974
185,89,5.0,1338394987
185,324,2.5,1352211549
185,18,5.0,1370886342
185,139,2.5,1382193379
185,102,3.0,1390270507
185,161,2.5,1392003987
185,73,2.5,1399023541
185,35,1.5,1412534866
185,40,5.0,1454623933
185,197,2.5,1462912958
185,327,5.0,1467856733
185,24,5.0,1481104242
185,32,3.0,1490926248
185,320,4.0,1521076808
185,129,5.0,1528894515
185,98,3.5,1547296585
185,272,5.0,1556886642
185,133,4.5,1560429019
185,128,4.0,1622946856
185,230,0.5,1632173365
185,99,5.0,1635234989
185,20,4.0,1642714253
185,172,4.0,1650966214
185,17,5.0,1658208035
186,247,5.0,1268910202
186,112,5.0,1277425678
186,45,2.0,1290522225
186,102,3.5,1320004897
186,83,4.0,1359622936
186,34,5.0,1365636262
186,61,2.0,1381935439
186,21,3.0,1390589147
186,285,2.0,1390924148
186,2,5.0,1399155401
186,259,3.0,1399332007
186,177,5.0,1402230490
186,48,3.0,1411811172
186,299,2.0,1444091649
186,261,5.0,1450858412
186,63,2.5,1463877512
186,33,5.0,1477593417
186,287,1.5,1486830129
186,28,4.5,1494320490
186,8,4.5,1526112786
186,30,5.0,1553600150
186,133,4.0,1559537942
186,58,3.5,1564392718
186,167,1.5,1580954378
186,99,3.5,1647516080
186,1,4.5,1655343672
187,36,4.5,1277170786
187,314,2.5,1289066632
187,118,5.0,1303007973
187,120,5.0,1304235622
187,54,4.0,1307614760
187,2,5.0,1309968843
187,15,4.5,1314798747
187,10,3.5,1317371845
187,5,5.0,1320080391
187,149,2.0,1321948724
187,212,1.0,1324091860
187,321,1.5,1330040159
187,8,4.0,1359584018
187,116,5.0,1381110332
187,205,0.5,1388092430
187,13,3.5,1388344609
187,11,5.0,1391130849
187,41,4.0,1406080315
187,58,2.5,1412101244
187,7,3.5,1415969247
187,87,3.0,1423979275
187,66,4.0,1434456779
187,49,3.5,1435703368
187,93,4.5,1449638863
187,98,5.0,1451921831
187,12,4.0,1468818712
187,40,4.5,1476998178
187,312,2.0,1477752380
187,320,1.5,1500209564
187,9,4.0,1503601107
187,50,4.0,1516162567
187,298,3.5,1520980466
187,17,4.0,1526026159
187,57,2.0,1551831963
187,1,4.5,1570726556
187,81,3.0,1573792157
187,284,3.5,1575136140
187,134,4.0,1579845882
187,322,2.0,1591282452
187,108,2.5,1592441789
187,115,4.5,1597562457
187,302,2.5,1631304997
187,236,3.5,1638564528
187,277,3.5,1651192259
187,300,4.0,1651408936
188,16,5.0,1263608876
188,152,2.5,1282771899
188,218,3.0,1288891063
188,11,5.0,1302605350
188,167,1.0,1308898860
188,9,5.0,1356011485
188,127,5.0,1360972667
188,3,5.0,1367963400
188,4,5.0,1386766792
188,5,5.0,1405444156
188,38,3.5,1415985224
188,26,5.0,1417027212
188,68,4.0,1428476316
188,327,4.5,1439942519
188,42,3.5,1455127953
188,7,5.0,1466985481
188,59,3.0,1473395227
188,301,3.0,1476289973
188,166,2.5,1480595663
188,33,5.0,1495013468
188,219,3.5,1499158706
188,99,5.0,1530390165
188,8,5.0,1536192910
188,323,3.5,1542720408
188,236,3.5,1547224395
188,54,4.0,1551496037
188,158,5.0,1558296343
188,315,1.0,1567865361
188,115,4.5,1582525718
188,19,5.0,1616027509
188,23,5.0,1616780180
188,64,4.0,1646485008
188,29,4.0,1659037408
189,304,3.5,1273034566
189,68,4.5,1275532449
189,59,3.5,1275771105
189,132,2.5,1278434357
189,291,4.0,1289698511
189,34,3.5,1309399168
189,256,4.5,1324721131
189,61,3.0,1337375512
189,303,3.0,1342600501
189,236,3.5,1349700431
189,94,4.0,1368039897
189,52,3.5,1375232853
189,237,2.5,1376422246
189,158,2.5,1391807646
189,208,1.5,1396726738
189,196,3.5,1397319043
189,327,5.0,1407050041
189,6,3.5,1415242887
189,239,5.0,1428113548
189,322,5.0,1438797630
189,23,4.5,1456973593
189,21,3.5,1459880916
189,126,4.0,1484465650
189,211,2.0,1506070144
189,234,2.0,1517193233
189,163,2.5,1517462937
189,51,3.5,1529797752
189,20,1.0,1542044091
189,38,4.5,1544718575
189,311,4.0,1553923189
189,185,1.5,1561998556
189,22,3.5,1564988846
189,97,3.5,1581835035
189,102,3.5,1598209051
189,105,1.5,1624111965
189,24,4.0,1638708846
190,219,2.0,1285085098
190,63,3.0,1288123453
190,2,5.0,1293821922
190,13,5.0,1306664334
190,1,5.0,1313511867
190,88,4.5,1327799072
190,41,1.0,1343983115
190,64,4.5,1368569784
190,152,3.5,1371186359
190,302,3.5,1379096190
190,128,3.5,1381239149
190,33,3.0,1381256035
190,323,4.0,1384098742
190,17,5.0,1389399173
190,214,3.5,1408221314
190,72,4.0,1412649336
190,35,3.0,1412751631
190,23,5.0,1414549586
190,19,5.0,1437173149
190,149,2.0,1445283953
190,62,5.0,1460572754
190,86,5.0,1477643286
190,181,4.5,1483593348
190,36,3.0,1491710205
190,168,2.5,1495979346
190,6,5.0,1500162496
190,97,3.5,1513421918
190,113,3.0,1535040588
190,321,3.0,1542258201
190,106,3.0,1542996402
190,18,4.0,1543140068
190,306,3.5,1546776290
190,159,2.0,1551103109
190,8,4.5,1556586752
190,71,3.5,1561198949
190,216,1.0,1562332478
190,320,3.5,1572364287
190,59,2.5,1572526772
190,25,4.5,1572730422
190,85,4.0,1591767909
190,7,5.0,1594595213
190,42,2.0,1595065082
190,89,5.0,1599993706
190,91,5.0,1606585965
190,304,2.0,1612454340
190,157,3.5,1617834571
190,169,3.5,1621464235
190,239,4.0,1630528968
190,281,4.0,1639970264
190,280,4.0,1641132659
190,147,5.0,1648158421
190,12,5.0,1654552062
190,94,3.0,1654588257
191,327,2.5,1264009298
191,36,5.0,1267771573
191,12,5.0,1278955394
191,90,3.0,1279957337
191,10,5.0,1282061537
191,156,4.0,1302939541
191,302,5.0,1311259727
191,174,1.5,1311383356
191,99,3.5,1323920684
191,17,3.5,1335337609
191,231,1.5,1340925879
191,62,3.0,1360742439
191,326,2.0,1364837449
191,91,2.0,1384661662
191,101,1.5,1404344113
191,4,5.0,1414501651
191,322,5.0,1416164022
191,42,4.5,1419190576
191,60,3.0,1420610922
191,237,2.5,1451303485
191,324,1.5,1451679984
191,8,5.0,1453528470
191,66,2.0,1477631872
191,311,3.0,1483439995
191,84,1.5,1485940336
191,67,3.5,1496949160
191,21,3.0,1502251029
191,298,0.5,1504888220
191,22,4.0,1505832349
191,46,4.5,1516883542
191,68,3.0,1521285220
191,55,4.0,1524204818
191,1,4.5,1527840464
191,187,3.0,1536380622
191,163,2.0,1538923408
191,54,5.0,1544568054
191,83,1.5,1548727532
191,14,5.0,1552153443
191,211,2.5,1555113900
191,92,0.5,1573800643
191,224,1.5,1591041091
191,35,4.5,1595223176
191,56,5.0,1602933799
191,37,5.0,1605155418
191,57,5.0,1635287896
191,18,5.0,1654436046
192,43,4.0,1280664194
192,104,5.0,1283861319
192,83,3.0,1284989194
192,185,0.5,1305737404
192,108,3.0,1344022394
192,7,5.0,1364097181
192,272,4.5,1373502657
192,296,3.5,1384649093
192,123,4.5,1388992164
192,3,5.0,1394266970
192,12,4.0,1399562131
192,173,2.5,1421142928
192,46,4.5,1423926010
192,36,5.0,1444926356
192,184,2.0,1471290277
192,37,4.0,1504127809
192,73,2.0,1505469442
192,19,5.0,1512647815
192,64,3.0,1525725609
192,23,4.0,1528226622
192,24,4.0,1538133979
192,341,3.5,1539283940
192,49,3.5,1543185595
192,217,3.5,1567815083
192,41,4.0,1575565877
192,25,3.5,1575749863
192,192,3.0,1581162055
192,11,4.5,1584057586
192,48,4.0,1590185069
192,161,2.5,1607181925
192,165,4.5,1609616319
192,151,2.5,1614480069
192,71,1.5,1616128046
192,66,4.5,1640028193
192,257,2.0,1643478334
192,96,2.0,1644313122
193,8,5.0,1288056006
193,94,2.5,1309415014
193,56,5.0,1335199793
193,167,3.0,1452192201
193,28,4.5,1516410361
193,25,3.0,1522965107
193,5,2.0,1537086471
193,79,1.0,1537897552
193,13,4.0,1640205539
193,165,5.0,1649492906
193,17,4.0,1656170771
193,22,4.0,1657822149
193,186,4.5,1660587404
194,33,4.5,1264713437
194,320,2.5,1273837399
194,62,3.0,1274529068
194,245,4.0,1282813273
194,16,4.0,1288412096
194,113,4.5,1296089709
194,7,4.0,1302354678
194,50,4.0,1305631550
194,339,5.0,1307531197
194,187,1.5,1318168550
194,281,4.0,1319838621
194,205,0.5,1323469903
194,313,4.0,1345174705
194,75,3.5,1346131044
194,246,4.0,1348384917
194,102,3.5,1350161342
194,49,3.5,1358274193
194,296,4.5,1376988402
194,284,4.0,1391840348
194,236,3.0,1422358308
194,196,2.5,1429822790
194,11,5.0,1447905244
194,272,4.0,1452725960
194,223,2.0,1463382862
194,107,3.5,1470901141
194,17,3.5,1489498382
194,45,3.5,1500946954
194,44,4.0,1525312871
194,57,3.5,1528738712
194,104,4.0,1536194162
194,197,3.0,1536485179
194,1,3.5,1547810744
194,204,1.5,1548809620
194,30,5.0,1552882439
194,96,4.0,1563361012
194,135,3.0,1565214474
194,42,4.0,1567757789
194,21,3.0,1568720551
194,20,3.5,1582287850
194,132,3.5,1589647114
194,134,2.5,1597557512
194,185,0.5,1602742236
194,34,4.0,1604398914
194,217,3.5,1618666860
194,250,2.0,1630914132
194,220,1.0,1638181029
194,337,5.0,1638449827
194,173,2.5,1639565148
194,218,4.0,1646696190
194,116,5.0,1650400697
194,24,4.0,1661958669
195,165,5.0,1265426528
195,8,5.0,1280067785
195,153,2.0,1284540223
195,103,2.5,1295554515
195,13,4.5,1302148066
195,62,3.5,1304152180
195,46,4.0,1306105091
195,12,5.0,1311896113
195,56,5.0,1314606016
195,94,4.0,1326344539
195,86,3.5,1337204038
195,310,3.0,1352918490
195,55,4.5,1354372746
195,61,4.0,1367310262
195,302,5.0,1369860487
195,31,5.0,1393367959
195,29,5.0,1401158877
195,311,4.0,1406991011
195,242,2.0,1411012589
195,109,4.5,1416333151
195,298,2.5,1423549037
195,60,3.5,1430309522
195,212,1.5,1433489291
195,21,4.5,1438084287
195,58,4.5,1451962907
195,176,4.5,1452828574
195,65,4.5,1466116875
195,10,5.0,1502570375
195,183,4.0,1506345514
195,264,3.5,1509023102
195,14,5.0,1509335197
195,280,3.0,1509543324
195,42,5.0,1523620728
195,64,2.5,1525166682
195,88,4.5,1548527240
195,4,5.0,1554431613
195,331,3.0,1571824034
195,85,4.0,1575285055
195,233,1.5,1579843851
195,3,5.0,1584750452
195,50,4.0,1587047858
195,54,5.0,1594999338
195,26,5.0,1597525510
195,15,5.0,1606599356
195,168,3.0,1610232896
195,313,4.5,1632980640
195,18,5.0,1651111863
195,89,4.5,1652443691
195,57,5.0,1656367188
195,7,5.0,1659550241
196,8,5.0,1272187033
196,64,2.0,1275940234
196,68,2.5,1287767063
196,1,4.5,1324446058
196,302,4.0,1328193309
196,30,4.5,1335613364
196,74,2.5,1344383744
196,196,1.0,1353803888
196,98,2.0,1357905043
196,57,5.0,1387418708
196,232,2.5,1429543720
196,44,2.5,1458057429
196,2,5.0,1495803946
196,9,5.0,1499679812
196,320,1.5,1513885666
196,156,4.0,1518963315
196,21,3.0,1526458570
196,85,1.5,1536815059
196,14,4.5,1538473662
196,296,3.0,1543951822
196,36,5.0,1553157089
196,114,2.0,1553716717
196,25,4.0,1559432964
196,34,5.0,1562306054
196,18,5.0,1568508318
196,62,3.0,1599130708
196,212,1.5,1612126513
196,339,4.5,1613869562
196,38,2.0,1626225312
196,32,5.0,1637520131
196,56,4.5,1644296593
196,52,2.0,1648376620
196,151,1.0,1648834099
196,88,4.0,1659698107
197,8,4.0,1263115809
197,17,5.0,1285448423
197,64,4.0,1288318998
197,63,3.5,1296192186
197,5,4.0,1298262514
197,270,4.5,1302660207
197,10,3.0,1305280463
197,83,5.0,1312888566
197,135,4.0,1316808666
197,177,4.0,1347025478
197,214,3.5,1387308994
197,22,4.0,1387865733
197,93,4.5,1402338664
197,219,2.5,1424491441
197,69,4.0,1425140504
197,113,5.0,1431659062
197,18,3.5,1433676846
197,115,4.0,1443884493
197,220,2.5,1450555459
197,138,4.0,1476056840
197,78,3.5,1491690495
197,245,2.5,1505515617
197,73,2.0,1505668937
197,98,3.0,1508242011
197,187,3.0,1521075761
197,1,5.0,1527513943
197,236,2.5,1534120666
197,50,3.5,1540751213
197,30,4.5,1547702695
197,218,2.5,1565647668
197,124,4.0,1573719627
197,330,3.0,1583917385
197,155,2.5,1584740847
197,88,3.5,1593612257
197,248,4.0,1598400276
197,134,3.5,1604999820
197,7,5.0,1605467104
197,300,3.0,1608882592
197,37,3.0,1611298635
197,107,3.5,1653508617
197,4,5.0,1655191133
198,281,3.5,1266783225
198,170,5.0,1271745964
198,48,3.0,1282455174
198,23,5.0,1346839752
198,212,4.0,1358546017
198,46,3.5,1372039578
198,82,4.0,1387775631
198,33,2.5,1395594062
198,9,4.5,1395946702
198,63,5.0,1441154881
198,62,5.0,1466975217
198,3,5.0,1483676371
198,249,3.0,1485374769
198,1,5.0,1487824788
198,237,3.0,1514488371
198,126,3.0,1517561914
198,10,4.5,1528140758
198,256,5.0,1539364875
198,13,5.0,1593140288
198,8,5.0,1602242198
198,291,5.0,1646496202
199,289,1.5,1290850134
199,304,2.0,1307137119
199,274,5.0,1341513051
199,74,5.0,1346579022
199,4,5.0,1375588535
199,47,3.0,1393917529
199,7,5.0,1408078354
199,94,3.0,1418606102
199,30,4.5,1425116949
199,206,2.5,1447826670
199,41,3.0,1451387149
199,3,5.0,1462475135
199,15,5.0,1477889512
199,25,5.0,1503511094
199,97,4.0,1503928675
199,14,3.5,1506312217
199,99,5.0,1535098644
199,192,4.5,1538310613
199,19,5.0,1604142998
199,81,5.0,1615476701
199,277,3.0,1641675899
200,149,1.5,1264854811
200,75,2.5,1313842520
200,98,4.0,1315967162
200,42,5.0,1336855735
200,76,4.0,1338771641
200,56,4.5,1356543545
200,249,2.0,1416685682
200,162,1.0,1428308973
200,54,4.5,1434543523
200,176,2.0,1436042304
200,187,1.0,1437054156
200,247,3.0,1438189479
200,9,3.5,1440513887
200,291,3.0,1443905029
200,189,2.0,1475538106
200,62,2.5,1489109120
200,135,2.0,1500617838
200,25,3.0,1509440215
200,133,1.5,1557488913
200,4,3.5,1572023363
200,321,3.0,1608169368
200,45,4.5,1619741584
200,108,2.0,1620249813
200,284,2.5,1632632413
200,39,2.5,1648707777
200,195,0.5,1653199844
201,239,2.5,1310097870
201,21,3.5,1317060390
201,11,5.0,1330479333
201,20,4.5,1352740061
201,10,2.5,1353003962
201,325,3.0,1378715275
201,25,4.0,1418341056
201,213,3.5,1439416731
201,302,1.5,1463807593
201,13,5.0,1468854320
201,85,2.5,1478796857
201,24,3.0,1564882339
201,116,5.0,1566996135
201,179,3.5,1572270788
201,55,1.5,1603807249
201,311,2.0,1639781371
201,1,5.0,1649612355
202,134,1.5,1273642558
202,311,4.0,1275518239
202,272,4.0,1276629712
202,69,3.0,1297164215
202,93,3.0,1297947308
202,161,3.5,1309299622
202,24,4.5,1314250780
202,328,3.5,1315168710
202,48,2.5,1315345178
202,281,3.0,1334886322
202,61,3.5,1349461677
202,98,3.5,1381048972
202,237,3.0,1389096987
202,11,4.0,1416471230
202,53,2.5,1421551034
202,23,4.5,1446157630
202,252,0.5,1463665227
202,9,3.5,1491577239
202,21,2.5,1511648645
202,85,3.5,1518257247
202,327,4.5,1529005609
202,19,5.0,1539799993
202,56,5.0,1550249074
202,65,4.5,1554631176
202,224,2.0,1558436094
202,8,4.0,1572580249
202,45,4.0,1589327260
202,22,3.5,1611995266
202,326,4.0,1615402137
202,289,3.0,1616322047
202,206,2.5,1618508293
202,323,4.0,1620207801
202,153,3.5,1628778591
202,186,3.0,1631766924
202,170,3.0,1637808525
203,11,4.0,1306337502
203,126,4.0,1332947065
203,327,3.5,1357811060
203,9,5.0,1391034850
203,99,4.0,1409135774
203,56,5.0,1443651073
203,305,3.5,1444484146
203,34,5.0,1444885700
203,47,3.0,1453891095
203,20,3.5,1454486557
203,188,3.0,1459428274
203,165,5.0,1463510230
203,247,4.5,1499629911
203,322,5.0,1505812433
203,55,4.5,1517800920
203,22,4.5,1523210362
203,323,2.0,1588442024
203,240,2.5,1589331783
203,27,4.5,1591123712
203,104,4.0,1608637600
203,38,3.5,1648171247
204,45,4.5,1267527027
204,148,2.0,1278821037
204,14,2.5,1302303027
204,75,3.5,1305872556
204,139,1.0,1307402339
204,67,2.5,1309441760
204,212,0.5,1323735560
204,149,4.0,1330886970
204,185,0.5,1332244791
204,132,3.5,1341505565
204,85,4.0,1342341900
204,156,3.5,1342540390
204,163,2.0,1348692805
204,280,5.0,1353566186
204,43,5.0,1384081064
204,57,3.0,1423018931
204,302,3.0,1451658546
204,136,4.0,1473632658
204,188,4.5,1475518799
204,4,5.0,1490039132
204,23,4.5,1503164403
204,62,4.5,1510340859
204,99,4.5,1511396420
204,42,4.5,1523262263
204,39,4.5,1523629868
204,159,3.5,1526474863
204,80,3.0,1526588528
204,321,2.0,1535034950
204,322,2.5,1538632827
204,218,2.5,1546862350
204,313,4.5,1547338585
204,47,3.5,1564549185
204,34,3.5,1566181626
204,10,4.5,1571748980
204,13,5.0,1581431540
204,133,3.0,1585143337
204,74,4.0,1599236632
204,272,5.0,1609223076
204,319,4.0,1610428393
204,324,2.0,1611158367
204,289,1.5,1612450945
204,186,3.0,1623257103
204,89,4.0,1637677807
204,5,2.5,1641223735
204,327,5.0,1644208769
204,284,3.5,1644247903
204,98,4.5,1653941715
204,18,4.5,1654422367
205,232,1.0,1272927203
205,61,1.0,1284344595
205,18,3.0,1290532738
205,94,1.5,1295999216
205,322,3.0,1300229543
205,1,4.0,1302584871
205,277,1.5,1325381158
205,326,1.0,1347649128
205,143,3.0,1359294903
205,172,2.5,1375609710
205,19,5.0,1405941634
205,196,2.5,1419660695
205,153,0.5,1421962089
205,29,3.0,1465757810
205,9,3.5,1472429589
205,33,2.0,1472819962
205,7,4.0,1510437713
205,55,1.5,1570203851
205,181,1.0,1581484633
205,111,2.5,1599450494
205,304,0.5,1623372774
205,187,1.0,1635426254
205,70,2.5,1639468131
205,17,3.5,1654674383
205,321,1.5,1658269216
206,49,4.5,1266966547
206,60,1.5,1288140106
206,16,3.0,1291400009
206,84,2.0,1320238820
206,217,2.0,1323545945
206,189,2.0,1326605963
206,4,3.5,1336155258
206,55,1.5,1338718139
206,253,2.5,1357765036
206,300,3.5,1360383199
206,272,4.0,1366449493
206,159,3.0,1366472928
206,69,2.0,1369469838
206,167,0.5,1382029662
206,98,4.0,1383422102
206,18,2.5,1395445206
206,291,3.5,1397460418
206,301,4.0,1397941153
206,294,1.0,1408029421
206,340,5.0,1422366835
206,322,2.0,1447169480
206,335,5.0,1452882385
206,164,0.5,1460835488
206,239,3.0,1462906758
206,72,1.0,1480206171
206,94,2.0,1496117662
206,320,2.5,1510239757
206,196,2.0,1513400045
206,12,3.5,1517400137
206,56,3.0,1521730647
206,245,4.0,1538918673
206,129,3.0,1541778119
206,46,3.5,1549410899
206,277,3.0,1566799305
206,329,2.0,1566977585
206,202,1.0,1575984797
206,59,3.0,1581207320
206,247,5.0,1582596335
206,156,4.0,1589171435
206,13,2.5,1592977675
206,104,2.5,1594895935
206,57,3.0,1599524260
206,278,3.0,1612395309
206,64,1.0,1614965288
206,14,2.5,1650632833
207,11,4.0,1264992520
207,302,4.5,1283555150
207,50,5.0,1288948879
207,222,4.0,1323527390
207,40,5.0,1328461757
207,36,5.0,1355098599
207,88,4.0,1365765983
207,98,3.5,1368006280
207,69,1.5,1373570695
207,49,5.0,1386630707
207,329,3.0,1388507585
207,24,4.0,1397403759
207,321,4.0,1416205441
207,47,5.0,1431259116
207,33,3.5,1444810018
207,44,5.0,1457746940
207,204,3.0,1458443839
207,53,4.5,1465218044
207,68,2.0,1479529197
207,89,5.0,1482518931
207,245,3.0,1518221593
207,13,4.5,1525580599
207,152,1.0,1530953002
207,32,4.5,1537684273
207,9,5.0,1540316877
207,178,3.0,1543305204
207,200,3.5,1553474813
207,60,2.0,1559365413
207,126,4.0,1601683283
207,187,3.0,1612897358
207,301,5.0,1621299366
207,186,3.5,1635900698
207,221,0.5,1641655902
207,327,4.5,1641863324
207,190,4.0,1650641385
207,46,5.0,1661205965
208,148,2.5,1274241326
208,4,4.0,1294747524
208,61,4.0,1303489542
208,16,4.0,1312732054
208,94,5.0,1318900229
208,169,3.0,1322473895
208,72,3.0,1337062320
208,18,4.0,1344400261
208,82,3.0,1365932392
208,62,4.0,1367342299
208,282,2.0,1368217558
208,165,4.5,1369883739
208,25,4.0,1393179849
208,149,3.0,1423170803
208,191,3.0,1430291250
208,22,3.5,1450459617
208,54,3.5,1452323901
208,59,4.0,1454933015
208,60,3.5,1463367222
208,57,4.5,1466405430
208,49,3.0,1487969903
208,68,4.5,1505056234
208,13,4.0,1524253802
208,323,3.0,1528633466
208,23,3.5,1529245042
208,10,3.5,1532129803
208,283,3.0,1545441669
208,66,2.5,1551094650
208,183,3.5,1573656383
208,134,2.0,1603122780
208,21,3.0,1617033800
208,303,2.5,1624907350
208,338,1.5,1643465750
208,41,3.5,1661085063
209,74,4.5,1281113391
209,36,5.0,1291426302
209,188,3.5,1306258043
209,236,3.5,1315725030
209,106,4.5,1343111290
209,15,5.0,1375584184
209,60,0.5,1393192437
209,51,2.0,1405210273
209,14,3.5,1410846788
209,118,5.0,1424306656
209,157,4.0,1487223748
209,330,3.5,1519116510
209,18,4.0,1522636543
209,28,2.5,1523239983
209,4,5.0,1557974787
209,1,5.0,1560460125
209,91,4.0,1586624128
210,127,3.0,1276046038
210,23,3.0,1310180499
210,6,4.5,1319529544
210,321,2.5,1345880132
210,19,4.5,1373221420
210,4,4.0,1397884756
210,96,2.0,1418468695
210,302,2.0,1419861676
210,119,4.0,1433211090
210,13,3.5,1446312241
210,2,4.5,1446712479
210,125,4.5,1448296168
210,155,2.0,1470044901
210,49,2.5,1498582285
210,303,0.5,1501781706
210,55,0.5,1522825398
210,97,2.5,1535628240
210,165,2.5,1549226533
210,27,5.0,1574035486
210,167,0.5,1591387094
210,11,4.5,1618569762
210,7,4.0,1644091102
211,36,4.5,1266972361
211,52,3.0,1271429957
211,236,2.0,1271627208
211,91,3.5,1275612672
211,57,4.5,1291022622
211,8,5.0,1296256621
211,169,1.5,1303445502
211,27,2.5,1303764503
211,68,2.5,1306783391
211,29,4.0,1309820695
211,296,5.0,1330099602
211,53,3.5,1361434173
211,193,3.0,1376312019
211,18,5.0,1387971162
211,74,3.5,1403058574
211,44,4.0,1404611514
211,10,5.0,1406914085
211,32,3.5,1414780366
211,244,3.5,1417431836
211,59,4.0,1422686783
211,239,3.5,1430772319
211,50,5.0,1434189791
211,305,4.0,1434535948
211,30,5.0,1447124360
211,14,4.5,1490137249
211,322,3.5,1496847575
211,45,3.0,1505211969
211,185,0.5,1507629287
211,324,1.0,1518458856
211,3,4.0,1530007588
211,149,0.5,1552018055
211,7,5.0,1552529703
211,13,3.0,1571186290
211,103,1.0,1577842020
211,19,4.0,1592537017
211,325,3.0,1594840513
211,49,2.5,1604349089
211,226,0.5,1605238717
211,178,4.0,1605518706
211,220,1.5,1612441362
211,24,3.0,1613586016
211,165,4.0,1633028423
211,301,3.0,1648669930
211,314,3.0,1650834392
211,55,3.0,1655860225
212,213,0.5,1268850134
212,88,4.0,1289682757
212,31,5.0,1305551721
212,54,5.0,1311191663
212,40,4.0,1335541341
212,197,2.0,1383114944
212,57,4.5,1388846678
212,285,1.0,1478137577
212,95,3.0,1495459585
212,55,3.0,1526551613
212,300,3.0,1553164560
212,18,5.0,1567151421
212,81,3.0,1583934988
212,7,4.0,1592969194
212,192,1.5,1617772229
212,10,5.0,1641750450
213,321,1.5,1286644433
213,40,4.0,1343497589
213,17,4.5,1350262513
213,12,4.0,1391080257
213,24,4.5,1396040169
213,39,4.5,1453799384
213,4,5.0,1525087212
213,72,4.5,1588083203
213,7,4.5,1637985483
213,95,3.5,1657115540
214,119,3.5,1271682480
214,65,5.0,1323223733
214,241,3.0,1338281559
214,97,3.5,1352362809
214,63,4.0,1355034945
214,57,5.0,1358687822
214,114,3.5,1366472976
214,29,4.5,1367301113
214,163,5.0,1374792421
214,94,3.5,1379146389
214,18,5.0,1383720313
214,290,2.5,1395964818
214,291,5.0,1396596789
214,88,4.0,1406753515
214,300,4.0,1459157744
214,69,4.0,1464921674
214,150,3.0,1470119353
214,165,5.0,1472974260
214,139,3.5,1518514829
214,234,4.0,1530502672
214,211,4.5,1544514269
214,237,5.0,1563024282
214,152,3.0,1573726048
214,185,3.0,1579331442
214,17,4.5,1586573431
214,326,4.0,1593398280
214,192,3.0,1599190066
214,53,2.0,1604245184
214,21,3.5,1609482874
214,80,3.0,1611775957
214,74,4.0,1632259418
214,103,3.5,1650049395
214,196,4.5,1652675102
215,125,3.5,1262792751
215,26,3.0,1266687093
215,305,3.0,1274035862
215,147,3.5,1283618003
215,274,3.5,1284776258
215,33,3.0,1288513447
215,29,2.5,1289997618
215,310,3.0,1292680659
215,218,4.0,1294019614
215,223,2.5,1302274766
215,192,3.0,1309472351
215,44,5.0,1310547922
215,107,3.5,1317186473
215,22,2.5,1352758535
215,328,2.0,1360725561
215,55,2.5,1374906745
215,278,2.5,1379317746
215,51,3.5,1392719034
215,34,3.0,1403664239
215,287,3.0,1405335289
215,246,2.5,1419069350
215,1,2.5,1420831053
215,68,3.0,1423065151
215,54,4.5,1427397450
215,93,3.0,1428830574
215,4,3.0,1436462723
215,57,3.5,1444616673
215,236,3.0,1451771867
215,111,3.5,1460687779
215,311,3.5,1488817411
215,45,4.5,1494592903
215,19,4.0,1498690324
215,75,3.5,1502236021
215,212,1.5,1506668405
215,301,3.5,1507633229
215,194,2.5,1525512889
215,183,1.5,1541241958
215,114,3.0,1541275659
215,289,2.0,1550008614
215,196,3.0,1553590199
215,9,3.0,1565854562
215,17,3.5,1584252041
215,48,4.5,1592218685
215,13,2.5,1602680668
215,319,3.5,1625372555
215,50,5.0,1625663201
215,70,2.0,1646004448
215,46,4.5,1652318359
215,143,3.5,1658215020
215,343,3.5,1661474064
216,72,3.0,1268236739
216,29,5.0,1294484545
216,20,5.0,1303775550
216,275,1.5,1334594233
216,31,4.5,1342976858
216,147,5.0,1347494802
216,301,3.5,1364888529
216,311,4.0,1365857391
216,64,4.0,1377095000
216,68,3.0,1428617040
216,94,3.5,1433666614
216,302,4.0,1451008930
216,34,5.0,1453381224
216,78,2.5,1476596841
216,59,3.5,1486901583
216,89,4.0,1508770581
216,161,2.5,1510246992
216,148,2.5,1511702373
216,214,4.5,1523185245
216,330,4.0,1526331214
216,205,0.5,1537835033
216,1,5.0,1539983279
216,165,4.5,1541771292
216,56,5.0,1583878261
216,19,5.0,1588675393
216,197,2.5,1592551484
216,290,1.0,1604151362
216,10,5.0,1605090225
216,321,3.0,1611666026
216,35,3.0,1630369827
216,12,5.0,1638792336
216,96,1.0,1643044498
216,21,4.5,1644523739
216,54,5.0,1645099950
217,84,4.5,1262851822
217,256,4.5,1273935817
217,300,2.0,1292517961
217,78,3.0,1295118891
217,172,4.5,1303748964
217,8,4.5,1304576954
217,83,5.0,1326243779
217,321,2.0,1336778835
217,143,5.0,1341408042
217,129,3.5,1358881409
217,4,4.5,1358891211
217,157,4.5,1359612929
217,56,3.0,1364363798
217,16,5.0,1377360031
217,269,5.0,1377862181
217,58,2.5,1393582026
217,117,5.0,1400085286
217,1,5.0,1407744759
217,311,1.5,1411304427
217,156,4.0,1418171653
217,106,4.5,1430822302
217,178,5.0,1431908311
217,62,3.5,1439875278
217,12,5.0,1441733957
217,247,5.0,1446274566
217,90,3.5,1449067933
217,325,2.5,1457630507
217,253,5.0,1459816889
217,148,1.5,1465607804
217,237,1.0,1486238325
217,55,2.0,1492098919
217,28,2.5,1512299288
217,94,3.5,1519611722
217,40,3.0,1532485583
217,6,4.0,1542250328
217,304,1.5,1545906201
217,213,5.0,1558781814
217,112,5.0,1559246527
217,330,2.5,1576334729
217,86,4.5,1579548833
217,68,2.5,1585337047
217,200,3.0,1589559446
217,81,3.5,1594919981
217,72,3.5,1606686597
217,29,4.0,1614502808
217,2,5.0,1624120385
217,26,5.0,1636346852
217,18,4.0,1636709440
217,217,5.0,1640889014
218,42,3.0,1269097598
218,34,5.0,1275535392
218,35,5.0,1303187384
218,30,4.5,1308669698
218,11,2.5,1309403669
218,345,5.0,1317580485
218,14,5.0,1330246446
218,300,4.0,1334866336
218,36,5.0,1336014437
218,22,5.0,1344593669
218,97,0.5,1348026157
218,83,4.0,1383446032
218,190,2.5,1386543068
218,91,3.5,1392151127
218,40,4.5,1399206690
218,204,3.0,1411370034
218,21,4.0,1414545725
218,58,3.0,1423990481
218,248,3.0,1426299686
218,19,4.0,1442156457
218,165,5.0,1443489628
218,4,4.5,1452015349
218,33,5.0,1476668777
218,43,3.0,1491367762
218,114,3.0,1505092133
218,237,3.5,1530276955
218,149,1.0,1533508235
218,12,5.0,1546226223
218,55,3.5,1553670419
218,302,5.0,1568818319
218,31,5.0,1569747344
218,197,2.0,1574363525
218,1,4.0,1587288212
218,9,5.0,1593256994
218,259,3.5,1616951269
218,105,4.5,1620803017
218,88,4.0,1627710737
218,57,5.0,1634403830
218,26,4.5,1634941859
218,29,5.0,1642674218
218,56,4.5,1645548555
218,51,3.0,1650554693
218,250,2.0,1660282498
218,23,3.5,1660385237
219,16,1.0,1266153254
219,47,2.5,1266628921
219,273,1.0,1293545292
219,214,3.0,1294217487
219,53,3.0,1296089773
219,97,1.0,1304660108
219,303,1.0,1312683789
219,28,3.5,1315161863
219,57,2.5,1334202572
219,116,1.5,1351509107
219,19,4.0,1377362176
219,56,2.0,1398174974
219,32,2.0,1402821849
219,188,2.0,1410163611
219,236,0.5,1415115860
219,4,3.5,1415463796
219,70,3.5,1420611863
219,41,3.0,1437986354
219,123,2.5,1439542940
219,306,2.5,1448132171
219,231,1.5,1449231641
219,52,2.0,1452444949
219,249,3.0,1458794581
219,324,2.0,1465983792
219,11,2.5,1466698879
219,36,3.0,1476417809
219,135,3.0,1483394367
219,96,2.0,1494291945
219,134,4.0,1494354558
219,245,3.0,1499892788
219,132,2.0,1499979350
219,105,2.5,1504157172
219,90,2.5,1512428912
219,326,2.0,1515494418
219,233,1.0,1521239112
219,18,3.0,1543193664
219,126,1.5,1544749362
219,7,3.5,1552369305
219,91,3.0,1587944499
219,76,3.5,1596269072
219,30,3.5,1600536346
219,290,2.0,1603408982
219,55,2.0,1603719214
219,13,3.0,1611892712
219,23,3.0,1616625583
219,27,3.5,1617606091
219,35,2.5,1618659786
219,20,3.5,1634244950
219,72,2.5,1637731040
219,62,2.5,1646012415
219,34,2.5,1647434350
220,224,3.5,1270203628
220,7,5.0,1277764317
220,93,3.0,1278243137
220,325,5.0,1288131168
220,63,3.0,1295942010
220,69,4.5,1315210791
220,4,5.0,1325167192
220,16,3.0,1325428542
220,192,3.0,1325492827
220,193,2.0,1327943101
220,40,4.0,1336235364
220,186,3.5,1341612358
220,151,5.0,1345230943
220,324,4.5,1355715278
220,89,4.5,1365230867
220,102,3.5,1371097915
220,311,3.5,1381207063
220,187,3.5,1390967617
220,15,5.0,1395054393
220,330,4.5,1397590144
220,57,4.0,1412255813
220,2,4.5,1422151997
220,276,3.0,1427940945
220,26,5.0,1437793900
220,237,2.5,1460098454
220,152,5.0,1465397748
220,158,4.5,1491946269
220,62,5.0,1494442701
220,247,3.0,1495483038
220,315,2.5,1509089021
220,1,5.0,1511650292
220,21,3.5,1538372118
220,17,5.0,1562781673
220,73,3.5,1566674918
220,173,3.5,1573846175
220,136,5.0,1575548772
220,305,5.0,1584732901
220,92,3.0,1593728254
220,70,5.0,1613686102
220,179,3.0,1641014853
220,215,2.0,1645919855
220,174,4.0,1658042902
221,49,3.5,1266641194
221,105,3.0,1331825577
221,4,5.0,1332644804
221,278,0.5,1352973177
221,164,1.5,1374599440
221,8,5.0,1426260391
221,63,2.5,1454305247
221,81,3.5,1457020326
221,2,4.5,1486551241
221,28,4.5,1499435283
221,73,1.0,1506371536
221,40,5.0,1531989492
221,86,3.5,1536799350
221,22,4.5,1572280890
221,91,2.5,1576428398
221,66,3.0,1589033133
221,46,4.0,1593221944
221,53,2.0,1607611668
222,220,1.5,1267147932
222,15,5.0,1267960442
222,95,3.0,1279204499
222,134,3.5,1287770919
222,313,4.5,1288634204
222,157,4.5,1301428987
222,96,3.0,1313557213
222,241,3.5,1320031438
222,11,5.0,1322299911
222,56,5.0,1324108151
222,320,4.0,1325653105
222,81,3.5,1327649718
222,274,4.5,1345613189
222,4,5.0,1357319000
222,36,5.0,1357425641
222,30,5.0,1368915393
222,13,4.5,1370696677
222,102,3.5,1374212059
222,60,3.0,1379617192
222,19,5.0,1420319655
222,156,5.0,1441306206
222,6,4.5,1448336137
222,272,5.0,1455399370
222,311,4.5,1464087633
222,62,4.0,1464448895
222,88,5.0,1465318994
222,57,5.0,1486010104
222,127,4.0,1504378509
222,20,4.0,1521280762
222,155,3.0,1528943741
222,61,4.0,1532138313
222,27,3.5,1538253090
222,45,5.0,1555534547
222,2,4.5,1570947317
222,28,4.0,1596755895
222,189,2.5,1602217560
222,74,4.0,1627257801
222,47,4.0,1636071547
222,236,3.0,1639079757
222,99,4.0,1646585466
223,237,1.0,1302680009
223,325,4.5,1384338518
223,269,1.5,1395939491
223,239,3.0,1397506846
223,68,3.0,1397578496
223,131,2.0,1429601837
223,217,2.5,1443751903
223,10,3.5,1485368239
223,19,4.5,1531495560
223,323,3.0,1533182495
223,177,3.0,1564428409
223,151,3.0,1577671109
223,157,2.0,1581629341
223,4,4.5,1602495543
223,198,1.5,1643161435
223,30,2.0,1660970990
224,163,2.5,1287587184
224,306,4.5,1294797465
224,43,4.5,1302451916
224,59,3.5,1318238271
224,74,2.5,1353816841
224,302,4.0,1379244564
224,55,3.0,1380908999
224,295,2.0,1415160857
224,240,2.5,1442144082
224,57,4.5,1480665917
224,305,3.5,1485289533
224,66,3.5,1499075265
224,10,4.5,1517150089
224,18,4.5,1521235588
224,99,5.0,1525163401
224,56,4.0,1541040335
224,93,4.5,1548787067
224,327,4.5,1585236401
224,119,3.5,1590244708
224,84,3.5,1595167391
224,41,5.0,1624275287
224,117,5.0,1625318162
224,4,5.0,1627674110
224,169,3.0,1631552612
224,47,5.0,1632750933
224,7,3.0,1639019166
224,42,5.0,1646312644
224,19,5.0,1648019765
224,126,4.0,1655006532
225,322,4.5,1333969192
225,134,3.5,1366856667
225,31,4.5,1371928570
225,33,4.5,1387838868
225,43,3.5,1417292299
225,56,4.5,1440304951
225,118,4.5,1475998050
225,41,4.0,1489089278
225,4,4.5,1615022183
225,1,5.0,1641142555
225,89,4.0,1660995608
226,56,5.0,1262331904
226,7,4.5,1283319656
226,88,4.0,1285831132
226,16,3.0,1336494160
226,8,5.0,1360785891
226,224,1.0,1373324421
226,46,3.5,1411929010
226,58,5.0,1425054671
226,60,4.5,1493606798
226,132,2.0,1529500659
226,240,1.5,1531442104
226,322,5.0,1593994604
226,75,2.5,1600958989
226,63,3.0,1633111722
227,146,4.5,1266264184
227,99,5.0,1272732600
227,151,2.0,1277938255
227,31,4.0,1281022820
227,8,5.0,1313820603
227,85,4.0,1330119589
227,32,4.0,1331601718
227,19,5.0,1339887606
227,1,5.0,1340451978
227,177,5.0,1344112308
227,156,5.0,1345468371
227,127,3.0,1352044284
227,40,4.5,1360775765
227,258,1.5,1368552141
227,256,4.0,1373850855
227,214,4.0,1378167430
227,126,2.5,1385880810
227,246,3.5,1423139813
227,9,5.0,1443064479
227,47,3.5,1444160291
227,13,4.0,1445456141
227,119,5.0,1450229988
227,7,5.0,1469479401
227,174,3.5,1474668012
227,36,4.5,1476080549
227,46,3.0,1488471867
227,45,3.5,1497820316
227,186,2.0,1508640926
227,3,5.0,1515964448
227,4,4.5,1530590266
227,17,5.0,1537622137
227,244,3.5,1560177818
227,38,4.0,1567490198
227,5,5.0,1573784656
227,324,1.0,1577546793
227,53,3.0,1619883702
227,56,5.0,1624724523
227,236,2.0,1649738713
227,33,4.0,1654443433
228,220,3.5,1277914251
228,56,5.0,1294492320
228,237,5.0,1295700633
228,57,5.0,1328218725
228,16,2.0,1336524697
228,301,5.0,1337602308
228,61,4.5,1352012129
228,70,3.0,1364828166
228,134,3.5,1366936245
228,59,4.5,1368513374
228,85,3.0,1370508096
228,22,4.5,1386507514
228,28,5.0,1392435993
228,161,3.5,1409534417
228,12,5.0,1418042455
228,214,2.5,1426814651
228,154,3.0,1429829521
228,223,5.0,1433524151
228,8,5.0,1436080225
228,224,4.0,1461427627
228,7,3.5,1468572853
228,218,3.5,1477867433
228,91,3.0,1485924755
228,31,5.0,1492589331
228,14,5.0,1500264929
228,322,5.0,1503409324
228,169,3.0,1507304363
228,164,3.5,1508957905
228,54,5.0,1521499235
228,302,5.0,1524299771
228,327,4.5,1524944546
228,186,5.0,1534205496
228,19,4.0,1539567831
228,58,5.0,1579908978
228,321,5.0,1584147612
228,94,3.5,1592279162
228,326,5.0,1604356233
228,320,3.5,1605648563
228,34,5.0,1610431558
228,187,4.0,1611983058
228,9,5.0,1614606129
228,67,4.0,1615578578
228,295,2.0,1615908781
228,26,5.0,1621444035
228,227,4.5,1623723532
228,33,5.0,1657783037
228,18,5.0,1658979405
229,20,1.5,1275180628
229,324,0.5,1279704048
229,45,3.5,1280293083
229,146,3.5,1283386007
229,200,2.0,1288879809
229,157,3.0,1301842037
229,4,4.0,1312422478
229,36,5.0,1327220671
229,86,2.5,1328208905
229,55,2.5,1332141151
229,285,2.0,1336852264
229,147,2.0,1351804322
229,39,5.0,1351855879
229,90,2.0,1361242690
229,41,5.0,1372885904
229,276,0.5,1396738534
229,13,3.5,1421404399
229,53,4.0,1421557293
229,329,2.0,1424325116
229,42,5.0,1431137208
229,338,4.0,1431876837
229,11,4.5,1436390760
229,114,4.0,1451498406
229,56,4.0,1464020360
229,132,1.0,1467672597
229,161,1.0,1487023753
229,166,3.0,1488428050
229,25,2.5,1491803305
229,49,4.0,1507367634
229,2,4.0,1508224256
229,314,1.5,1515110817
229,30,4.0,1517400131
229,134,2.0,1529012245
229,44,5.0,1530246075
229,165,3.0,1540757144
229,281,1.5,1552430242
229,237,1.5,1557937788
229,43,4.0,1570198679
229,183,2.0,1570566757
229,58,1.5,1580070948
229,9,5.0,1600171413
229,239,2.5,1621385641
229,12,4.0,1630783166
230,62,5.0,1283008561
230,13,5.0,1285859596
230,86,5.0,1300669233
230,93,5.0,1305640906
230,114,4.0,1322462250
230,290,1.0,1325950156
230,17,5.0,1345833354
230,44,4.0,1352528655
230,58,2.0,1359603765
230,11,5.0,1362954618
230,4,5.0,1376029617
230,304,3.5,1389912771
230,68,5.0,1393268061
230,26,5.0,1403398364
230,38,4.0,1409636251
230,165,4.0,1416606907
230,21,4.0,1420916901
230,306,5.0,1423062640
230,72,4.5,1439611033
230,159,3.0,1444376414
230,31,3.0,1451020980
230,14,4.0,1460296879
230,97,4.0,1462698825
230,94,5.0,1516326126
230,87,5.0,1528676454
230,36,5.0,1547217450
230,169,5.0,1547324821
230,190,5.0,1559158520
230,105,5.0,1564191432
230,328,5.0,1573323803
230,24,5.0,1574349293
230,126,5.0,1577128617
230,184,3.5,1579267826
230,7,4.5,1585382399
230,303,2.5,1591974430
230,12,4.0,1596541997
230,20,4.0,1603567430
230,183,4.0,1636270434
230,256,5.0,1655515336
230,110,4.5,1657036420
230,60,2.0,1661723009
231,55,3.5,1263851339
231,224,4.0,1275305489
231,324,3.5,1281633699
231,29,4.0,1306303175
231,135,4.5,1310682553
231,213,2.0,1336523629
231,19,5.0,1336928070
231,60,2.5,1340442618
231,329,2.0,1342490212
231,4,5.0,1356035877
231,100,3.5,1367801491
231,93,2.5,1373798121
231,140,2.5,1377410687
231,291,4.5,1378002275
231,62,5.0,1397662528
231,154,2.0,1408351635
231,49,1.0,1410738395
231,9,4.0,1413323615
231,190,4.5,1413879365
231,56,5.0,1414401773
231,6,3.5,1417927058
231,35,3.5,1420507132
231,102,4.5,1428350268
231,91,5.0,1432624582
231,86,5.0,1447958279
231,46,2.0,1459466766
231,17,5.0,1459899529
231,41,2.5,1463293232
231,58,3.0,1472183889
231,221,1.0,1483258189
231,44,2.5,1494668600
231,196,3.0,1498996237
231,14,5.0,1517834576
231,26,5.0,1527400902
231,18,5.0,1535256584
231,103,3.0,1561008690
231,2,4.5,1563513120
231,313,4.0,1575120538
231,1,5.0,1575983108
231,7,5.0,1578144425
231,305,5.0,1586869242
231,158,4.5,1597209614
231,64,5.0,1599872993
231,37,3.0,1614499206
231,323,5.0,1635452665
231,173,2.5,1635922611
231,32,2.5,1644864724
231,151,5.0,1656628423
231,15,5.0,1659223263
232,88,4.5,1269708667
232,17,5.0,1269794563
232,313,4.0,1280163955
232,62,5.0,1286815713
232,96,1.5,1294049116
232,26,5.0,1294293407
232,85,4.0,1298060811
232,9,5.0,1316942711
232,18,4.5,1337480533
232,15,5.0,1346760427
232,12,5.0,1348981307
232,165,4.0,1349903486
232,20,5.0,1356835760
232,304,1.5,1370421329
232,23,5.0,1415900609
232,248,4.5,1429252661
232,22,4.5,1438908089
232,322,3.0,1448782187
232,325,4.0,1457233306
232,344,5.0,1467116433
232,28,5.0,1479847481
232,311,2.5,1482794809
232,13,5.0,1494501990
232,108,4.0,1502751050
232,177,5.0,1504912246
232,34,5.0,1511121993
232,37,4.5,1516131512
232,35,3.5,1517179681
232,1,5.0,1532711215
232,70,4.5,1541101399
232,106,4.5,1550880467
232,4,5.0,1572545821
232,305,5.0,1575661936
232,297,3.5,1580068552
232,57,4.5,1586645394
232,274,2.5,1598895372
232,2,5.0,1613769246
232,68,4.0,1615952137
232,81,4.5,1624531975
232,78,3.0,1629231018
233,43,4.0,1264286778
233,12,3.5,1307793207
233,281,4.5,1333101458
233,165,2.5,1350598941
233,321,2.0,1364498364
233,236,3.5,1374647400
233,341,5.0,1402649098
233,156,3.5,1405217330
233,53,2.0,1407047696
233,306,4.5,1408724103
233,296,3.5,1434055287
233,196,2.0,1443527907
233,98,4.0,1456657239
233,7,4.0,1457890777
233,38,2.5,1460523221
233,20,2.5,1480890110
233,37,3.0,1484072533
233,54,3.5,1487368008
233,311,3.5,1490231005
233,97,4.0,1526585176
233,255,3.5,1545757275
233,1,5.0,1553633864
233,15,5.0,1579073776
233,2,5.0,1584939112
233,49,2.5,1590164643
233,88,4.0,1599952560
233,303,1.5,1601563053
233,9,4.0,1629121589
234,24,4.0,1265940818
234,101,2.0,1275271259
234,169,3.0,1301475307
234,53,2.5,1315605792
234,291,3.5,1321053849
234,147,4.5,1323731388
234,305,5.0,1333248916
234,34,5.0,1347938331
234,237,2.5,1349896407
234,58,4.0,1373794406
234,71,4.0,1383602244
234,18,5.0,1391600046
234,63,2.0,1396085846
234,204,5.0,1396728741
234,12,5.0,1407730908
234,78,2.0,1419218090
234,49,3.0,1429711321
234,191,3.5,1431329229
234,196,3.5,1447893468
234,111,5.0,1448402405
234,28,5.0,1462950465
234,17,5.0,1466860735
234,9,4.5,1486100121
234,126,2.0,1497237246
234,69,3.5,1500000357
234,23,5.0,1506300749
234,4,5.0,1507102423
234,188,3.0,1529356123
234,308,4.5,1550039566
234,19,5.0,1564701634
234,98,2.5,1565065325
234,130,3.5,1567504166
234,13,5.0,1575680290
234,165,5.0,1596672485
234,73,2.5,1631824519
234,64,3.5,1632345473
234,2,4.5,1637234215
234,16,4.5,1644988272
234,244,2.5,1648716420
234,154,3.5,1650520556
235,66,3.0,1266885704
235,189,3.0,1273177321
235,300,2.5,1274950121
235,15,5.0,1279262879
235,21,4.0,1279546884
235,88,5.0,1282973394
235,239,4.0,1283239784
235,319,3.0,1321621560
235,1,5.0,1325770998
235,24,3.5,1328515671
235,231,3.5,1329579636
235,62,5.0,1332164994
235,6,4.0,1338521602
235,45,2.0,1343003296
235,165,4.0,1345030672
235,178,4.5,1345340794
235,249,2.5,1351620126
235,302,4.0,1362336850
235,91,5.0,1365267480
235,243,1.5,1376137931
235,89,5.0,1386192526
235,9,4.5,1407701675
235,217,3.0,1408709289
235,39,3.5,1411785413
235,7,5.0,1422954755
235,69,2.5,1455880728
235,3,5.0,1465535151
235,334,1.5,1466756420
235,152,3.5,1472799882
235,4,5.0,1473632987
235,68,3.0,1484451802
235,331,2.5,1487902594
235,169,3.5,1523648784
235,186,2.5,1526198256
235,10,4.5,1539204543
235,123,4.0,1540925592
235,18,4.0,1554697921
235,172,4.5,1555115006
235,30,3.5,1564005447
235,82,4.0,1582408602
235,25,4.0,1585994563
235,246,0.5,1588319972
235,136,5.0,1591653855
235,64,4.5,1605417414
235,177,4.0,1608830794
235,313,5.0,1623022844
235,130,4.0,1623866757
235,2,5.0,1630389900
235,320,3.5,1636332423
235,244,2.5,1640493821
235,33,3.0,1646587371
235,307,4.5,1649303881
235,58,2.0,1654794011
236,177,5.0,1268945805
236,321,1.5,1279596445
236,305,5.0,1285141352
236,17,5.0,1289105020
236,18,4.0,1295598481
236,115,4.5,1307666073
236,27,5.0,1328992879
236,69,3.5,1337712554
236,231,3.5,1338401722
236,341,4.0,1346822590
236,121,5.0,1348377724
236,62,4.5,1375037094
236,5,4.0,1375662930
236,72,3.5,1376540768
236,237,1.5,1377421283
236,132,2.0,1386231847
236,193,3.0,1389529518
236,32,2.5,1389805070
236,1,5.0,1395211263
236,2,5.0,1404570919
236,91,4.5,1409461914
236,104,5.0,1420117987
236,40,3.0,1421269234
236,37,3.5,1427871683
236,9,3.0,1440750523
236,6,4.5,1444613929
236,325,3.5,1450403635
236,330,3.5,1459604288
236,36,3.0,1465395275
236,129,3.0,1478480389
236,11,4.5,1486635943
236,64,3.5,1487176384
236,4,5.0,1501999655
236,24,4.0,1513250800
236,137,5.0,1528516971
236,120,4.5,1529816604
236,12,5.0,1536132954
236,41,2.0,1537489665
236,33,4.0,1539087520
236,30,3.5,1547709392
236,205,0.5,1551367545
236,135,4.5,1551680963
236,25,4.5,1554319416
236,162,1.0,1556871394
236,314,3.0,1580429184
236,301,2.0,1598569772
236,58,2.0,1614894139
236,59,2.0,1618324089
236,308,4.5,1631128424
236,98,1.5,1631293909
236,90,5.0,1634629100
236,7,5.0,1635820438
236,158,4.5,1636939370
236,134,4.0,1637386574
236,93,3.0,1646902476
236,86,4.0,1652724519
237,275,0.5,1285219037
237,184,1.5,1295587957
237,20,5.0,1318118418
237,92,0.5,1326147986
237,303,1.5,1340303844
237,177,5.0,1343683895
237,13,4.0,1347850415
237,237,4.0,1353590530
237,217,5.0,1359270859
237,222,4.5,1368966134
237,8,5.0,1375644094
237,12,5.0,1380875997
237,56,5.0,1399699212
237,49,3.0,1400590367
237,33,5.0,1414784123
237,27,5.0,1436093535
237,322,5.0,1462433589
237,11,4.5,1469204366
237,90,4.0,1475708113
237,59,4.0,1502162430
237,122,5.0,1505394426
237,313,2.5,1508700241
237,9,5.0,1509694095
237,29,5.0,1522895683
237,224,1.5,1552474742
237,132,2.0,1571426189
237,328,2.0,1578945610
237,62,3.0,1580767082
237,130,3.0,1601296424
237,4,5.0,1616344899
237,300,5.0,1618906097
237,26,4.5,1636029136
237,66,4.0,1637644632
237,1,5.0,1637902149
237,25,3.5,1662082330
238,324,5.0,1271049353
238,90,4.0,1281816481
238,214,3.0,1358943198
238,64,4.0,1382353049
238,59,5.0,1425380948
238,218,4.5,1484234570
238,196,5.0,1527269865
238,322,5.0,1540093152
238,58,5.0,1548486218
238,301,4.5,1573227414
238,48,5.0,1591075363
238,18,3.5,1616457444
238,68,4.0,1650552329
239,40,5.0,1264912866
239,223,4.5,1274537016
239,322,5.0,1285473192
239,297,3.0,1289005434
239,64,4.5,1291516342
239,141,3.5,1291946237
239,7,5.0,1306918748
239,53,2.0,1337551524
239,3,5.0,1364984975
239,1,5.0,1374112015
239,17,5.0,1383211984
239,57,5.0,1394613270
239,104,4.5,1400787039
239,29,5.0,1401885862
239,325,4.5,1405009069
239,321,3.5,1417398174
239,47,3.0,1426277670
239,152,3.5,1428119065
239,190,4.0,1429568651
239,304,0.5,1443756750
239,300,4.0,1461926211
239,9,5.0,1468386600
239,34,4.5,1469765449
239,188,2.5,1475279932
239,328,2.5,1521678413
239,237,2.5,1522715302
239,20,5.0,1523184376
239,151,4.0,1524588999
239,55,4.5,1547699354
239,170,4.5,1575464822
239,323,5.0,1590686594
239,49,2.5,1600209679
239,31,5.0,1615348264
239,239,3.5,1629149155
239,45,2.5,1636729942
239,165,5.0,1651816967
240,13,4.0,1262850910
240,272,5.0,1269764308
240,5,3.0,1269828428
240,52,2.0,1277894989
240,258,1.5,1280179455
240,168,2.0,1311540886
240,145,1.5,1322387248
240,68,3.5,1342749747
240,36,4.5,1345832641
240,101,2.0,1352727896
240,103,2.0,1365296655
240,307,5.0,1366472630
240,14,3.5,1386893666
240,156,4.5,1402038606
240,328,3.0,1407885526
240,42,5.0,1409425521
240,231,2.0,1421707336
240,6,3.0,1433261274
240,217,2.5,1441577166
240,232,2.5,1451747781
240,65,3.5,1460033214
240,19,5.0,1472781069
240,239,4.5,1489153788
240,47,4.0,1500317515
240,165,4.0,1500357382
240,300,4.0,1564725382
240,321,3.0,1583957428
240,236,3.0,1600095012
240,26,3.5,1617470209
240,313,5.0,1621234980
241,71,3.0,1290361124
241,237,2.5,1364166577
241,111,3.5,1377772331
241,55,3.0,1405304384
241,189,3.5,1415398691
241,291,3.0,1427438442
241,174,2.0,1466115346
241,4,4.5,1467427038
241,164,2.5,1479670320
241,178,3.5,1488410994
241,85,2.5,1504104044
241,161,3.0,1524190711
241,84,2.0,1572546426
241,137,3.0,1661868250
242,50,3.5,1270155054
242,236,2.0,1271752578
242,94,4.0,1275939737
242,196,3.5,1296169167
242,301,4.5,1298018759
242,65,4.0,1299469398
242,108,1.5,1304549748
242,23,4.5,1314340771
242,26,4.5,1316076812
242,25,4.5,1326575735
242,15,4.0,1328359553
242,106,2.0,1342979202
242,155,3.0,1352292791
242,244,4.5,1354009856
242,18,5.0,1369917182
242,57,5.0,1373938517
242,186,4.5,1378803041
242,10,5.0,1382412923
242,6,3.5,1389116124
242,12,5.0,1389629938
242,140,2.0,1397123758
242,48,4.5,1404062645
242,337,1.5,1406772391
242,74,4.5,1406834628
242,85,4.5,1410676288
242,58,3.0,1410919855
242,8,5.0,1414120874
242,288,2.5,1420269436
242,98,3.5,1440627262
242,81,3.0,1441790192
242,36,5.0,1443684270
242,9,4.5,1445151643
242,93,4.0,1447022139
242,302,4.5,1447850494
242,83,1.5,1460495738
242,231,2.5,1468843878
242,204,4.5,1478875205
242,64,4.0,1481255145
242,323,3.5,1482688390
242,4,5.0,1486159542
242,203,2.5,1494702060
242,49,3.5,1525856947
242,69,4.0,1530752633
242,311,4.5,1535164326
242,89,4.5,1536176056
242,60,3.5,1540962491
242,2,4.0,1554881040
242,34,4.0,1573824380
242,343,0.5,1574131956
242,313,5.0,1579826821
242,239,5.0,1583195237
242,322,5.0,1591493359
242,19,5.0,1592741545
242,46,5.0,1602355592
242,321,4.5,1615747317
242,30,5.0,1636223030
242,56,5.0,1646749813
243,12,5.0,1285059075
243,45,3.0,1297328903
243,47,1.5,1302764902
243,4,5.0,1308194115
243,56,4.5,1316604330
243,167,2.5,1318399266
243,212,2.5,1333762988
243,87,3.5,1382743856
243,88,4.5,1386637912
243,323,4.5,1413934059
243,55,2.0,1426179943
243,18,4.0,1438974437
243,112,4.0,1478679703
243,25,5.0,1482852314
243,63,3.5,1525977013
243,139,3.5,1539465640
243,315,2.5,1542982853
243,86,5.0,1551380147
243,130,3.5,1555477644
243,234,3.5,1557125040
243,1,5.0,1591018809
243,62,5.0,1606516065
243,85,4.0,1612393821
243,32,2.0,1614349114
243,174,4.0,1623018849
243,75,3.5,1630297681
243,24,4.5,1654258158
243,30,3.0,1660034643
244,25,5.0,1352443131
244,44,2.0,1372732512
244,104,5.0,1417054160
244,1,5.0,1445482733
244,2,5.0,1497219852
244,55,2.5,1497424402
244,6,5.0,1505689404
244,20,5.0,1522814496
244,236,3.5,1531967372
244,67,4.0,1539668150
244,144,5.0,1549647931
244,274,4.0,1552767637
244,154,2.5,1567285742
244,3,5.0,1574795338
244,302,3.0,1597150130
244,88,3.5,1652217202
245,302,4.0,1275936779
245,330,2.0,1285745335
245,143,3.5,1295752597
245,222,3.5,1304636402
245,9,4.0,1305227641
245,1,4.0,1310383141
245,303,2.0,1329334812
245,89,3.5,1348331091
245,44,5.0,1348789719
245,8,4.5,1349996101
245,205,0.5,1366760028
245,190,2.5,1376485142
245,186,2.5,1376669828
245,288,3.0,1396163825
245,22,3.0,1403385399
245,126,2.5,1404027571
245,18,4.0,1428854553
245,158,2.0,1436232299
245,54,4.5,1437393181
245,321,4.0,1438717927
245,237,1.5,1460660600
245,5,3.5,1466106827
245,164,1.5,1477183996
245,134,2.5,1481711163
245,28,3.0,1487123114
245,26,3.5,1489389301
245,116,3.0,1541702875
245,221,0.5,1552371937
245,12,3.5,1567307446
245,56,4.0,1569689722
245,113,3.0,1575304552
245,24,4.0,1584551236
245,133,2.5,1591812955
245,64,2.0,1595587862
245,11,5.0,1601389725
245,50,5.0,1613944992
245,4,4.5,1635249297
245,29,3.0,1651956579
245,322,3.5,1660595245
246,222,4.0,1274840999
246,37,5.0,1298555617
246,7,4.0,1326148550
246,259,3.5,1383230799
246,94,4.0,1411898158
246,211,0.5,1419139582
246,5,5.0,1432195952
246,83,3.0,1442711570
246,39,5.0,1464093355
246,154,1.0,1475913497
246,10,5.0,1496059822
246,18,5.0,1529502334
246,35,5.0,1541375521
246,54,5.0,1564768434
246,2,5.0,1570636856
246,42,5.0,1626265306
246,57,5.0,1627999747
247,169,2.5,1272910242
247,302,1.5,1279846972
247,330,4.0,1280208757
247,91,5.0,1285043802
247,39,4.0,1292292726
247,134,5.0,1301390186
247,81,3.5,1308626188
247,64,3.0,1327721942
247,46,2.0,1336748175
247,192,3.5,1340952660
247,5,4.0,1341457374
247,208,0.5,1345641134
247,321,0.5,1351364096
247,27,4.0,1371127230
247,232,3.0,1381996887
247,130,4.5,1392901386
247,23,5.0,1412012002
247,113,5.0,1420560662
247,22,2.5,1420576086
247,325,3.5,1422292528
247,88,3.0,1436592557
247,72,5.0,1439353497
247,189,3.5,1446053416
247,6,5.0,1452019760
247,301,2.0,1461760321
247,338,2.0,1475840054
247,236,3.5,1477254989
247,111,5.0,1483879895
247,30,3.5,1485471304
247,68,3.5,1494015853
247,71,3.5,1494218245
247,7,5.0,1500715306
247,83,5.0,1506716710
247,2,5.0,1511170058
247,19,5.0,1520495324
247,74,5.0,1544719172
247,161,2.5,1546860820
247,117,5.0,1551617884
247,211,2.5,1574111267
247,326,0.5,1584918875
247,56,2.5,1598321661
247,129,5.0,1598395991
247,204,3.0,1612384957
247,217,3.5,1624593168
247,106,4.0,1629073745
247,256,5.0,1634520404
247,17,5.0,1638669951
247,13,5.0,1647297168
247,303,0.5,1649312883
247,4,5.0,1659429680
248,10,3.5,1272618677
248,331,0.5,1360969915
248,91,4.5,1412072073
248,2,5.0,1416615187
248,14,3.5,1420451894
248,74,3.5,1484787830
248,129,1.5,1505809879
248,272,1.5,1547357063
248,34,4.0,1607663539
248,193,2.0,1608466302
248,117,5.0,1609546543
248,147,3.0,1651779584
249,18,4.0,1283251066
249,8,4.5,1308460685
249,169,2.5,1355847307
249,41,5.0,1359528689
249,304,0.5,1360051843
249,44,5.0,1380650360
249,61,1.0,1396259713
249,300,3.5,1447083929
249,2,4.0,1465293294
249,43,5.0,1481358546
249,50,5.0,1522721642
249,284,3.5,1560576102
250,107,2.5,1267861291
250,42,5.0,1273954954
250,322,4.0,1281001526
250,161,1.5,1294759070
250,214,2.0,1311574623
250,124,4.5,1312027140
250,29,3.0,1340788022
250,43,5.0,1350694292
250,248,4.0,1393092226
250,129,3.5,1399534289
250,86,4.5,1404409156
250,183,2.0,1409092083
250,8,5.0,1418033912
250,227,2.0,1426501173
250,18,5.0,1434387776
250,134,3.5,1462458193
250,127,4.5,1483241543
250,167,0.5,1514769773
250,2,4.0,1521129586
250,133,4.0,1554009695
250,236,3.0,1554261414
250,190,4.0,1583456142
250,57,5.0,1586399090
250,88,3.5,1615710845
250,50,5.0,1620453866
250,105,3.0,1625186521
250,56,4.5,1626715233
250,277,3.5,1632525332
250,158,2.5,1637529420
250,148,2.0,1652752474
251,178,4.0,1265954992
251,54,5.0,1269822993
251,14,4.5,1282292478
251,326,1.5,1288366753
251,239,3.5,1296718694
251,49,2.5,1298939326
251,13,5.0,1305620015
251,164,1.5,1319730786
251,94,3.5,1326145799
251,186,3.0,1346328508
251,15,4.5,1370985898
251,2,5.0,1371184744
251,20,4.0,1382749762
251,4,4.5,1399464880
251,6,5.0,1472261864
251,196,2.5,1473870990
251,129,3.5,1481030157
251,313,3.5,1518086398
251,162,0.5,1521923791
251,137,3.5,1527011136
251,100,5.0,1530632002
251,246,0.5,1539677666
251,284,2.0,1544909570
251,48,3.5,1602756947
251,244,2.5,1631314818
252,52,2.5,1293950532
252,72,4.0,1321370719
252,269,5.0,1325399148
252,165,4.0,1443002685
252,7,4.5,1496027044
252,82,4.5,1514888280
252,13,5.0,1531251993
252,321,2.0,1588197284
252,5,5.0,1613957262
252,91,3.5,1614849962
252,89,4.5,1617119181
252,30,5.0,1645958106
253,152,4.0,1296770022
253,44,3.0,1300240094
253,217,5.0,1314444735
253,31,5.0,1329354053
253,1,5.0,1359200246
253,117,5.0,1366472746
253,116,5.0,1410455458
253,21,4.0,1418717141
253,28,3.5,1437428428
253,15,5.0,1440800191
253,130,4.5,1442440907
253,33,4.0,1447106038
253,71,3.5,1511961597
253,266,4.0,1515374009
253,2,5.0,1516390735
253,16,5.0,1544150920
253,262,5.0,1547057567
253,96,2.0,1610889671
253,301,2.0,1625848991
253,204,2.5,1628651975
253,239,3.5,1635099135
253,163,2.5,1637165059
253,55,1.5,1640424182
253,76,4.0,1662252123
254,74,4.0,1268546432
254,22,4.0,1272122672
254,206,3.5,1312056286
254,68,5.0,1335077893
254,174,4.0,1338703685
254,296,2.5,1363527321
254,103,3.0,1375732858
254,165,4.0,1387478364
254,64,3.5,1410574171
254,169,5.0,1451100132
254,301,3.0,1470396761
254,104,3.5,1480062190
254,242,2.5,1509983630
254,40,4.5,1520926370
254,143,1.5,1521211964
254,2,4.5,1526071066
254,290,1.5,1570273993
254,236,3.0,1575474630
254,57,5.0,1630383585
254,300,2.5,1658687026
255,85,2.5,1307206998
255,53,4.5,1325407163
255,36,5.0,1344303601
255,185,0.5,1346044562
255,31,3.0,1356659126
255,6,5.0,1378257786
255,30,4.5,1425648905
255,37,5.0,1471879064
255,49,5.0,1494873170
255,311,1.5,1495034400
255,2,4.0,1496230401
255,33,3.5,1503424416
255,52,4.0,1600716567
255,68,2.5,1621432421
255,1,4.0,1625215888
255,119,3.5,1657391449
255,116,3.0,1659822014
256,4,5.0,1267808331
256,54,3.5,1273402995
256,251,2.5,1300749246
256,316,2.0,1317310928
256,63,3.5,1355830343
256,144,5.0,1363364565
256,341,5.0,1375908083
256,236,3.5,1419428620
256,114,5.0,1420466248
256,11,5.0,1448990826
256,12,4.0,1496087901
256,1,5.0,1544402703
256,59,2.0,1565526682
256,229,2.0,1615858198
257,44,4.0,1302099407
257,224,3.0,1309253818
257,142,3.5,1310427353
257,87,4.0,1318878023
257,13,4.5,1339055254
257,71,5.0,1352235159
257,50,4.0,1353938461
257,188,3.0,1361495246
257,323,4.5,1368249119
257,320,4.0,1373854598
257,6,5.0,1374165661
257,12,4.5,1385797768
257,250,4.0,1405711207
257,272,5.0,1416530553
257,24,5.0,1440655879
257,17,5.0,1442545259
257,222,4.0,1451048336
257,302,3.5,1456497550
257,4,5.0,1462751454
257,111,5.0,1463549526
257,187,3.5,1464435085
257,217,4.5,1476786593
257,313,5.0,1485104726
257,130,4.5,1488011554
257,231,2.5,1493253242
257,108,3.0,1507329625
257,103,2.5,1526276444
257,136,5.0,1528587317
257,27,4.0,1540897733
257,96,2.5,1544459342
257,307,4.0,1559571681
257,314,5.0,1580255514
257,25,4.5,1593869584
257,56,3.5,1601211079
257,213,4.0,1603871322
257,280,4.5,1605498641
257,105,5.0,1615982379
257,72,4.0,1619118476
257,300,3.5,1653135141
257,330,4.0,1655766823
258,327,4.5,1266685184
258,211,0.5,1276000207
258,231,2.0,1278113347
258,300,2.5,1288075707
258,21,4.0,1310192611
258,1,5.0,1318046553
258,11,5.0,1332441655
258,64,3.5,1335870054
258,50,4.0,1356663811
258,20,4.5,1359852561
258,17,5.0,1361231754
258,41,2.5,1369276382
258,290,1.0,1370400377
258,3,4.5,1373182764
258,177,3.5,1387198719
258,4,5.0,1415803269
258,322,4.0,1422401503
258,26,5.0,1449098506
258,165,4.5,1484043522
258,8,5.0,1507286159
258,309,5.0,1516090387
258,206,1.5,1521287946
258,320,3.5,1528465527
258,278,1.5,1535915055
258,22,4.0,1537989224
258,52,0.5,1541490001
258,29,3.0,1544150209
258,272,5.0,1570792001
258,90,4.0,1577155198
258,261,2.5,1581991030
258,40,5.0,1590103895
258,302,4.5,1593810900
258,24,5.0,1608290677
258,14,4.0,1611066852
258,136,5.0,1624897981
258,23,5.0,1633952366
258,18,5.0,1636418246
258,291,5.0,1644080585
258,62,5.0,1653235974
258,176,4.5,1659925057
259,59,4.5,1292086684
259,181,3.5,1300163842
259,339,1.5,1306589360
259,36,3.0,1311977871
259,324,4.0,1320751811
259,323,4.0,1325986841
259,17,4.5,1328943626
259,236,1.5,1335286492
259,224,3.5,1337698572
259,322,4.5,1350346204
259,8,3.5,1353795995
259,199,2.5,1355189758
259,289,2.0,1364391521
259,101,2.5,1367935690
259,288,1.0,1376490582
259,62,4.0,1378823485
259,187,3.0,1395199858
259,190,3.5,1398469662
259,51,1.5,1409400573
259,237,4.0,1410309631
259,251,3.0,1413921297
259,12,5.0,1416729274
259,65,3.5,1423691280
259,25,3.5,1423737268
259,76,3.5,1424570431
259,162,3.5,1424632932
259,27,4.0,1424708839
259,301,3.5,1428416784
259,102,4.0,1439614155
259,33,3.5,1441369130
259,10,3.5,1446345022
259,194,2.0,1451929259
259,183,3.0,1455225296
259,321,4.0,1459136618
259,196,3.5,1462187029
259,151,4.0,1478903443
259,225,4.0,1482058414
259,104,2.5,1494682518
259,165,4.0,1501378922
259,230,3.5,1506299393
259,35,4.0,1509815408
259,111,3.0,1510849478
259,188,1.0,1531335480
259,90,4.5,1534486617
259,156,4.0,1541666312
259,216,3.5,1560554540
259,278,2.0,1570976128
259,326,4.0,1576944603
259,152,3.5,1579490565
259,54,3.5,1579605295
259,149,2.0,1605498160
259,218,3.5,1607637680
259,43,3.0,1612207660
259,7,4.5,1624189799
259,22,3.5,1626556289
259,234,3.5,1634956175
259,264,2.0,1644023007
260,182,1.0,1264769145
260,12,5.0,1268616072
260,222,2.5,1292845412
260,258,3.0,1296123493
260,66,5.0,1301222677
260,50,5.0,1307231001
260,15,4.5,1315294847
260,322,3.5,1330918504
260,91,4.0,1335076999
260,21,5.0,1371000326
260,136,3.5,1387705114
260,188,2.0,1394571765
260,237,2.0,1398171451
260,4,4.0,1417791078
260,118,5.0,1420126900
260,47,1.5,1423961270
260,99,5.0,1425676047
260,28,5.0,1428634594
260,117,5.0,1430809758
260,65,2.5,1438069185
260,246,3.0,1446369994
260,9,5.0,1454099375
260,157,3.5,1456575378
260,114,5.0,1459179731
260,259,5.0,1461278862
260,7,4.5,1470660832
260,37,4.5,1485646619
260,170,1.0,1496561016
260,33,5.0,1498336599
260,24,3.0,1509721813
260,55,2.5,1524051281
260,113,5.0,1533651598
260,147,3.5,1542553740
260,46,2.5,1547901455
260,121,5.0,1552245623
260,57,3.0,1554328922
260,90,3.5,1580589977
260,124,5.0,1582923530
260,26,4.0,1589698656
260,16,5.0,1591498033
260,38,3.5,1600896688
260,13,4.5,1601068147
260,341,5.0,1620800110
260,320,1.5,1645440912
260,104,5.0,1651503644
261,42,5.0,1264212165
261,73,1.5,1274819328
261,231,2.5,1275260748
261,94,3.0,1276447395
261,95,3.0,1290696270
261,327,3.5,1302048777
261,18,5.0,1313532367
261,169,3.0,1343392244
261,224,3.5,1347145406
261,85,3.5,1356383119
261,147,3.0,1357244391
261,71,2.0,1357458959
261,67,3.0,1376677901
261,326,4.0,1379207676
261,2,1.5,1381043761
261,65,4.0,1383448194
261,19,5.0,1385701419
261,237,4.5,1406895526
261,192,3.5,1408840883
261,104,1.5,1411071540
261,52,4.0,1435348687
261,304,2.5,1439454742
261,47,5.0,1449553332
261,322,5.0,1450053108
261,289,1.5,1454251443
261,165,5.0,1469553600
261,239,5.0,1488931859
261,303,4.0,1502317485
261,157,3.5,1507107229
261,293,2.5,1524206164
261,46,5.0,1529565021
261,302,5.0,1540329418
261,325,4.5,1553288674
261,167,2.5,1566574456
261,56,5.0,1569248048
261,276,2.5,1580371152
261,300,5.0,1590000689
261,89,5.0,1595345417
261,135,2.5,1606117163
261,8,5.0,1619709623
261,40,5.0,1624084056
261,58,4.5,1624380601
261,6,2.5,1633483211
261,57,5.0,1652799908
261,59,5.0,1659939400
262,54,3.5,1270676596
262,6,5.0,1270749866
262,62,1.5,1277057487
262,12,3.5,1287932979
262,153,0.5,1301774609
262,51,2.5,1302422339
262,42,4.5,1303322682
262,1,5.0,1312650686
262,13,5.0,1316270229
262,89,3.0,1329600512
262,152,0.5,1332449059
262,344,5.0,1341043388
262,117,5.0,1359871405
262,50,5.0,1379569120
262,30,4.0,1400650197
262,36,5.0,1416241490
262,341,5.0,1446644181
262,14,4.0,1455840875
262,241,1.5,1475087350
262,4,3.5,1498202423
262,11,5.0,1506039878
262,311,1.0,1508293175
262,188,3.5,1558668470
262,32,5.0,1571061431
262,186,0.5,1575368334
262,26,4.0,1597183074
262,2,5.0,1597407985
262,27,3.0,1603323652
262,41,4.0,1629918024
262,159,1.0,1635327020
262,126,3.0,1655607714
263,339,5.0,1281233572
263,14,3.0,1285359754
263,1,5.0,1287036243
263,2,5.0,1312649687
263,84,3.0,1313504451
263,245,2.5,1320238913
263,242,1.5,1335161255
263,54,3.0,1335566258
263,197,2.0,1335828802
263,9,3.0,1336532092
263,193,4.0,1339023491
263,30,4.5,1375289707
263,159,4.0,1375510955
263,274,4.0,1375715138
263,33,3.0,1375728441
263,156,3.0,1389446432
263,22,3.0,1400641858
263,34,3.0,1441710971
263,49,3.0,1446992272
263,62,2.5,1463120515
263,11,5.0,1483656159
263,69,0.5,1521627617
263,169,2.5,1527197344
263,23,3.5,1533881030
263,58,2.5,1536371862
263,298,4.5,1598690985
264,120,5.0,1264401304
264,121,3.5,1279852823
264,213,2.0,1367177110
264,57,3.0,1392730329
264,98,3.5,1401329549
264,323,1.0,1404894529
264,3,4.0,1427163806
264,34,4.5,1432051080
264,300,3.0,1498495265
264,285,3.5,1498571347
264,132,2.5,1546096658
264,42,5.0,1557912722
264,304,1.5,1563657730
264,149,1.5,1578075580
264,272,3.0,1586395488
264,246,4.0,1602518860
264,60,1.0,1603090448
264,46,3.5,1608013354
264,41,5.0,1620975781
264,58,2.5,1634594876
264,290,3.0,1651525815
265,94,5.0,1265130113
265,119,5.0,1271821138
265,34,4.5,1295980167
265,41,3.0,1308367141
265,114,5.0,1318200704
265,4,5.0,1321083373
265,113,3.0,1341312235
265,49,3.0,1343841931
265,93,3.5,1346837847
265,27,2.5,1347972464
265,316,2.0,1364346261
265,335,5.0,1377910140
265,22,4.0,1385042011
265,66,4.5,1416739269
265,3,5.0,1451139655
265,95,4.0,1464570289
265,55,3.0,1465132694
265,14,4.0,1467273298
265,339,5.0,1467564805
265,96,4.0,1473430219
265,9,5.0,1475270727
265,328,2.5,1502143110
265,35,4.0,1515004763
265,56,3.5,1519157170
265,98,3.5,1543827249
265,85,3.5,1555083854
265,237,2.5,1557266990
265,1,5.0,1573303115
265,38,3.0,1576379435
265,346,3.0,1607629620
265,30,4.0,1612559240
265,326,1.0,1619112378
265,36,4.0,1626916568
265,222,3.0,1633020034
265,12,3.5,1640408752
265,87,3.5,1649400239
265,322,3.0,1654089437
265,29,3.0,1654493575
265,236,3.5,1657423228
266,227,4.0,1319409511
266,17,3.5,1344806083
266,68,3.5,1356446036
266,25,4.5,1413984018
266,55,4.0,1428866282
266,4,5.0,1463537063
266,58,4.0,1499643288
266,28,5.0,1504870106
266,20,3.5,1519278058
266,311,5.0,1580762060
266,35,4.5,1587895083
266,2,3.5,1648512905
267,222,2.5,1265994664
267,57,2.5,1266956118
267,204,2.5,1270494013
267,301,3.5,1288894098
267,147,3.0,1290781141
267,3,5.0,1296931891
267,86,4.0,1331797608
267,8,4.5,1347966600
267,52,1.5,1354720674
267,297,3.5,1364378860
267,296,3.0,1408403846
267,12,4.0,1423657020
267,185,0.5,1439225369
267,340,5.0,1445221992
267,117,5.0,1453884641
267,69,1.0,1457313366
267,41,1.5,1464270453
267,209,1.5,1474837271
267,93,2.5,1483104481
267,190,3.5,1488290073
267,83,5.0,1516795795
267,25,4.5,1520853683
267,89,4.0,1524779612
267,31,4.5,1557593787
267,114,5.0,1558372860
267,236,2.0,1585204809
267,217,5.0,1589550211
267,71,3.0,1630330416
267,172,5.0,1656303428
267,134,5.0,1660296247
268,25,3.5,1271761293
268,179,3.0,1278982360
268,293,2.0,1281382728
268,323,3.5,1283499039
268,35,3.5,1297715897
268,7,4.5,1302969750
268,24,3.0,1303165434
268,1,5.0,1314406986
268,247,2.5,1315915421
268,196,2.0,1324126055
268,40,4.0,1324540074
268,183,3.5,1325649531
268,86,3.5,1328510072
268,165,3.5,1339019188
268,53,1.5,1350247464
268,237,1.0,1362119897
268,55,2.5,1370698558
268,311,4.0,1380082047
268,26,4.5,1380842458
268,153,1.0,1382641936
268,71,2.5,1387338851
268,69,3.5,1390782362
268,59,3.0,1402094625
268,170,3.5,1410998972
268,195,2.0,1419373328
268,324,2.5,1434235587
268,112,4.0,1437136526
268,290,1.0,1440773037
268,218,3.0,1442440304
268,49,3.0,1450524344
268,31,4.0,1456443527
268,301,2.5,1463743702
268,45,4.5,1464495573
268,224,2.5,1469309808
268,321,2.0,1474593637
268,185,1.5,1484646935
268,63,3.0,1493310435
268,68,3.0,1501927195
268,130,3.5,1508476739
268,51,2.0,1513663027
268,257,2.5,1516029492
268,62,3.0,1517014317
268,87,4.0,1526349324
268,85,3.5,1538086027
268,13,3.5,1540308190
268,44,3.0,1548766102
268,173,3.5,1560366112
268,105,4.0,1576646037
268,14,4.0,1594579920
268,174,4.0,1596986466
268,22,3.5,1604466889
268,154,1.5,1613810107
268,15,4.5,1615381866
268,155,3.0,1616443702
268,60,2.0,1647998547
268,94,3.5,1656119117
269,37,4.0,1266428376
269,152,2.5,1280071541
269,322,3.5,1283859705
269,161,2.5,1287840519
269,71,2.0,1294111684
269,187,2.5,1303833522
269,136,3.0,1312428734
269,18,4.5,1318092755
269,55,3.0,1332761685
269,329,3.5,1333079562
269,223,3.5,1333605616
269,192,3.5,1333840758
269,301,3.5,1335291476
269,303,3.0,1336818920
269,64,2.5,1343085255
269,50,4.0,1344098393
269,59,4.5,1351646541
269,135,2.0,1359068928
269,62,3.0,1363610846
269,312,5.0,1376094701
269,30,5.0,1376857564
269,313,5.0,1380871915
269,197,2.0,1392977354
269,45,5.0,1402187977
269,209,2.5,1404575134
269,65,3.5,1408558261
269,250,1.5,1411870299
269,344,1.0,1417643237
269,17,3.0,1423709472
269,237,2.0,1443255353
269,44,5.0,1446360590
269,325,4.0,1467452256
269,69,2.5,1468061049
269,129,4.0,1478573408
269,24,4.5,1493760944
269,4,4.0,1494579538
269,42,5.0,1499654672
269,290,4.0,1507771050
269,74,3.5,1520824178
269,96,3.5,1523537652
269,300,5.0,1523683313
269,46,3.5,1523798823
269,7,3.5,1525914418
269,335,3.0,1542249988
269,222,5.0,1565409335
269,287,3.5,1596740227
269,288,3.0,1603168777
269,29,2.0,1604882808
269,214,2.5,1623385690
269,77,3.5,1629347377
269,321,3.5,1653351618
270,139,0.5,1280054467
270,9,4.5,1313710104
270,246,3.0,1332581132
270,196,1.5,1349341047
270,112,3.5,1354852378
270,1,5.0,1426621250
270,144,4.0,1465146177
270,165,2.5,1480221460
270,244,3.0,1495383262
270,130,4.0,1499619358
270,127,4.0,1511155983
270,134,3.0,1512999813
270,18,4.5,1522701812
270,305,3.0,1559197147
270,152,0.5,1563146251
270,12,3.5,1591201670
270,6,5.0,1609538681
270,297,2.5,1658502942
270,107,4.0,1659495171
271,136,4.5,1273633203
271,31,5.0,1275531824
271,189,2.5,1293963988
271,266,4.0,1302328944
271,20,5.0,1308146301
271,62,4.5,1308180566
271,65,2.5,1311997655
271,196,1.5,1314785154
271,4,4.0,1323408364
271,91,5.0,1332007555
271,13,5.0,1333927235
271,57,2.5,1336443535
271,3,5.0,1347352083
271,15,5.0,1351688584
271,212,2.0,1353923165
271,66,5.0,1359477424
271,17,5.0,1360146718
271,157,4.0,1361344023
271,78,3.0,1369371997
271,113,5.0,1378610844
271,158,4.5,1380688436
271,187,2.5,1404497939
271,26,5.0,1405239990
271,135,4.0,1410574653
271,245,2.0,1422478516
271,1,5.0,1424528727
271,56,2.5,1436041431
271,25,4.5,1449386270
271,236,1.5,1464323280
271,186,1.5,1468875659
271,64,2.5,1469767527
271,33,3.0,1470440473
271,117,5.0,1492297200
271,246,2.0,1512653679
271,7,5.0,1512770477
271,100,3.5,1544836627
271,160,2.0,1544859634
271,2,5.0,1549414836
271,89,3.5,1552642204
271,85,3.0,1554238299
271,277,1.0,1560032115
271,307,3.0,1570609880
271,134,4.5,1585951274
271,8,4.0,1593422693
271,231,3.0,1595982543
271,10,3.0,1598399059
271,174,5.0,1603731432
271,291,3.5,1607531190
271,95,1.5,1615000032
271,129,2.5,1616468677
271,295,2.0,1618949249
271,38,1.5,1631770036
271,22,2.5,1638092204
271,61,0.5,1639915160
271,18,3.5,1645862014
272,4,5.0,1280530261
272,62,3.5,1280842487
272,37,4.5,1338200018
272,151,3.5,1339377336
272,132,3.0,1358858397
272,83,4.0,1392716564
272,301,5.0,1399179678
272,42,3.5,1407257530
272,2,4.5,1418688110
272,12,5.0,1457974921
272,3,5.0,1489576287
272,55,5.0,1525570992
272,305,4.0,1540418495
272,147,4.0,1559370393
272,16,4.0,1607145111
272,141,5.0,1622071019
272,60,4.5,1651075427
273,29,4.0,1274059920
273,132,1.5,1277509852
273,36,4.0,1284143642
273,12,4.0,1291756489
273,58,4.5,1297006958
273,42,3.0,1304354368
273,237,3.5,1308593426
273,10,3.5,1327639072
273,245,4.0,1327785797
273,18,3.0,1333654704
273,9,4.5,1348309416
273,8,4.5,1356387779
273,224,1.5,1375358894
273,19,1.5,1377873904
273,28,4.5,1378152885
273,322,4.0,1381882561
273,43,3.5,1391769910
273,278,0.5,1406744989
273,7,2.0,1440462377
273,4,3.0,1441455149
273,155,2.5,1445269633
273,30,3.5,1452142122
273,323,2.5,1456984028
273,41,3.5,1475793384
273,33,4.0,1480964402
273,53,3.0,1489113341
273,55,4.5,1491358281
273,46,3.5,1504012377
273,222,3.5,1506423883
273,156,3.5,1515142228
273,32,5.0,1571844252
273,134,1.5,1573976235
273,57,4.0,1575841786
273,20,1.5,1597910825
273,45,2.0,1601733408
273,290,1.0,1613366723
273,34,5.0,1616447012
273,25,2.5,1626987432
273,113,1.5,1630327176
273,189,2.0,1630518041
273,276,0.5,1638940436
273,321,4.0,1645942513
273,50,2.5,1647021667
273,165,5.0,1660281892
273,213,1.5,1662209723
274,147,5.0,1267326862
274,305,4.0,1271107228
274,104,5.0,1275468394
274,8,4.0,1278045698
274,274,2.5,1279863213
274,60,1.0,1282398772
274,55,1.0,1283689387
274,152,2.5,1289771380
274,54,3.5,1317288143
274,123,4.0,1324563648
274,66,3.5,1335999366
274,71,2.5,1348726101
274,3,5.0,1354141115
274,15,5.0,1357870252
274,135,4.5,1362508563
274,230,0.5,1369048193
274,27,4.5,1378475851
274,311,3.0,1379574752
274,13,4.5,1380134646
274,109,4.0,1392250615
274,139,4.0,1399910485
274,340,5.0,1415022272
274,134,5.0,1426815701
274,33,3.5,1444907819
274,89,4.0,1445079865
274,246,1.5,1454822350
274,197,2.5,1460628677
274,17,4.5,1473881145
274,217,4.5,1491876615
274,30,3.0,1496237913
274,174,5.0,1509159211
274,12,4.5,1519405262
274,70,4.0,1525652453
274,7,5.0,1532562197
274,40,3.5,1571956389
274,4,5.0,1585797451
274,254,3.5,1589338668
274,36,3.5,1589372627
274,5,5.0,1600214634
274,2,5.0,1600691200
274,156,3.0,1602309878
274,240,1.0,1603572823
274,341,4.0,1604843545
274,231,3.5,1607171713
274,325,4.5,1607461470
274,327,4.5,1621335735
274,171,4.5,1628607821
274,9,4.5,1633967764
274,59,1.5,1638204087
274,275,2.0,1649516536
274,63,2.5,1654782663
274,301,2.0,1655167417
274,113,5.0,1658637170
275,14,4.0,1265177250
275,113,4.5,1316047433
275,143,5.0,1327057875
275,242,3.0,1346577769
275,122,5.0,1347008703
275,311,2.0,1349927981
275,45,5.0,1363743478
275,9,4.5,1371277139
275,83,3.5,1397907736
275,194,1.5,1413851267
275,44,5.0,1436026678
275,177,5.0,1449767785
275,13,4.0,1454990426
275,193,4.0,1482572258
275,232,2.5,1485947977
275,41,5.0,1506799148
275,18,4.5,1557878090
275,7,3.5,1582223289
275,47,4.5,1583050111
275,93,3.5,1602441298
275,153,0.5,1612642883
275,120,5.0,1628897121
275,178,4.5,1661394480
276,57,5.0,1266423966
276,193,1.5,1276533483
276,66,4.0,1300533841
276,295,0.5,1326998405
276,75,3.0,1328581075
276,8,5.0,1341017826
276,33,5.0,1355864357
276,25,4.5,1360704546
276,200,2.5,1365027108
276,14,5.0,1373523178
276,143,4.0,1373684264
276,56,5.0,1381521162
276,272,4.0,1404433824
276,44,2.5,1409896722
276,10,5.0,1423997685
276,126,2.5,1440947023
276,86,4.0,1479008274
276,91,2.5,1493674224
276,19,4.5,1522273658
276,194,1.5,1525143028
276,302,4.5,1536349066
276,300,3.5,1549816216
276,148,3.0,1561242160
276,162,0.5,1562468781
276,160,2.0,1564789973
276,157,3.0,1589571775
276,36,5.0,1594460271
276,239,4.0,1596840805
276,4,5.0,1598491675
276,158,3.0,1612639678
276,1,5.0,1618945003
276,74,3.0,1620430512
276,237,4.5,1632706398
276,22,4.5,1636882939
276,34,5.0,1648023782
276,95,3.5,1651081376
277,40,4.5,1271367095
277,325,5.0,1274580339
277,194,2.0,1275086918
277,188,4.0,1277589203
277,282,2.5,1293259937
277,18,5.0,1307257302
277,314,3.5,1333154717
277,17,5.0,1351986197
277,99,5.0,1370163125
277,151,3.5,1381899281
277,93,3.0,1385423491
277,2,5.0,1390999571
277,328,3.0,1397607017
277,276,2.5,1408250754
277,178,3.5,1410381983
277,311,2.5,1428231149
277,16,4.5,1430984782
277,274,4.5,1438032668
277,12,3.5,1444199993
277,224,1.5,1484627728
277,94,4.0,1500603779
277,339,3.0,1508356079
277,13,4.5,1508738691
277,1,5.0,1514543949
277,89,4.5,1520730523
277,7,5.0,1537452927
277,19,5.0,1545729979
277,159,2.5,1551418909
277,217,3.0,1553180604
277,31,3.5,1555787118
277,3,5.0,1572240134
277,283,2.5,1591800402
277,333,3.0,1602095685
277,90,3.5,1607687402
277,51,0.5,1622644316
277,211,0.5,1646675562
277,108,3.5,1648858883
277,61,2.5,1661890176
278,16,5.0,1266144020
278,23,3.0,1295525659
278,7,5.0,1298899773
278,11,5.0,1316121708
278,339,5.0,1328761801
278,236,2.5,1336316202
278,13,4.5,1337343734
278,111,4.0,1345652412
278,296,4.5,1348390109
278,49,2.5,1348743716
278,64,1.5,1365432721
278,25,2.5,1369533028
278,114,3.5,1374141178
278,344,5.0,1376393483
278,19,5.0,1379311855
278,337,5.0,1386652335
278,8,3.5,1409001076
278,43,4.0,1410537329
278,246,3.5,1412368112
278,240,2.5,1415236457
278,57,3.0,1431435005
278,224,0.5,1433714750
278,75,5.0,1453742139
278,159,2.0,1478403379
278,76,3.5,1479249449
278,62,2.0,1479488005
278,31,4.0,1485395906
278,2,5.0,1514121516
278,98,4.0,1540672107
278,15,4.5,1545821810
278,288,1.0,1553341765
278,279,1.5,1555159511
278,128,3.0,1563231081
278,285,2.5,1564637378
278,304,0.5,1571420658
278,33,3.5,1578226553
278,261,3.5,1579452466
278,22,3.0,1587396244
278,305,4.0,1588149333
278,47,2.5,1608654661
278,30,5.0,1609364796
278,129,4.5,1609626798
278,192,2.0,1622624270
278,91,3.5,1629901858
278,46,2.0,1631048194
278,26,4.5,1640095021
278,1,5.0,1645671251
278,4,4.5,1648483043
279,8,3.5,1274722600
279,95,1.5,1308209120
279,31,4.0,1319777320
279,165,1.5,1345487409
279,56,3.0,1348174346
279,42,1.5,1357446637
279,129,2.5,1373890297
279,45,1.0,1398510426
279,250,2.0,1407981138
279,90,3.0,1426524816
279,50,2.0,1429293146
279,132,2.0,1431892407
279,223,1.0,1437250311
279,34,4.0,1467480501
279,15,5.0,1486474228
279,115,4.5,1489066017
279,278,0.5,1522184958
279,217,4.0,1536207895
279,305,4.0,1539294792
279,64,1.5,1539667124
279,18,3.5,1543789698
279,7,5.0,1548949565
279,12,4.5,1557623617
279,54,2.0,1609392104
279,19,4.0,1634806732
279,2,5.0,1650960033
280,11,5.0,1276962132
280,156,5.0,1277028485
280,10,4.5,1288206187
280,88,3.0,1305676846
280,13,5.0,1321990928
280,59,3.5,1334280930
280,29,3.5,1340225971
280,188,2.0,1414074393
280,97,3.5,1423059433
280,25,3.5,1427234152
280,217,3.0,1427617473
280,70,3.0,1536882650
280,37,3.5,1542027902
280,236,1.5,1550826220
280,291,3.5,1555377745
280,4,4.5,1580705335
280,104,4.0,1581450220
280,33,4.5,1587253621
280,36,5.0,1588388352
280,6,3.0,1588453208
280,2,5.0,1595451652
280,18,5.0,1596230531
280,274,3.0,1615171472
280,27,3.5,1628896707
280,119,5.0,1631255004
280,340,5.0,1639321026
280,132,2.0,1646726912
280,206,0.5,1655252345
281,34,5.0,1264721526
281,19,5.0,1320154824
281,90,4.0,1329810683
281,66,5.0,1345548987
281,13,5.0,1370941954
281,126,2.5,1402260314
281,91,5.0,1435748462
281,62,4.0,1456149934
281,58,1.5,1463511056
281,134,5.0,1467179533
281,344,5.0,1486570989
281,48,3.0,1491131658
281,10,5.0,1512466718
281,9,5.0,1512672864
281,234,3.5,1519909343
281,32,4.5,1540340391
281,193,3.0,1543118522
281,11,4.5,1564411163
281,57,4.5,1601783729
281,40,5.0,1621645001
281,104,5.0,1647564266
282,302,1.5,1268116374
282,275,3.5,1269539076
282,149,2.5,1273381116
282,325,5.0,1300970409
282,187,1.5,1305130551
282,11,4.0,1306864402
282,9,2.0,1308131751
282,125,3.5,1343809665
282,220,1.0,1346772033
282,196,3.0,1347075199
282,41,1.5,1349433088
282,67,4.5,1359281137
282,317,3.0,1359597252
282,165,2.0,1359925492
282,18,4.0,1365948794
282,65,4.0,1384007127
282,108,5.0,1414357601
282,151,2.5,1415402151
282,326,2.0,1423405169
282,95,3.0,1444897745
282,122,5.0,1458300591
282,103,3.0,1470440373
282,303,2.0,1475633467
282,40,2.5,1506077837
282,300,0.5,1528708844
282,327,4.0,1529304739
282,6,5.0,1534745730
282,1,5.0,1544287586
282,199,3.5,1546541620
282,4,3.5,1561145545
282,34,2.5,1561914735
282,273,3.5,1563249739
282,13,4.0,1573271459
282,59,2.0,1576185999
282,71,3.5,1582216048
282,45,3.0,1591624062
282,68,4.0,1596642405
282,329,4.0,1624587828
282,43,2.0,1655037493
283,103,1.5,1263386148
283,305,0.5,1265768655
283,34,2.0,1271078295
283,165,3.5,1299430801
283,303,3.0,1315063573
283,6,2.5,1335031586
283,178,1.5,1341133221
283,58,3.0,1359019224
283,92,4.0,1367630709
283,286,1.5,1371112981
283,54,5.0,1376586555
283,42,5.0,1385486512
283,51,3.5,1388443227
283,53,4.5,1388677292
283,35,2.0,1402704963
283,89,2.0,1403428599
283,65,4.0,1438014457
283,84,1.5,1438160057
283,78,3.0,1460972953
283,46,4.5,1469437961
283,239,4.5,1476651413
283,55,3.0,1485214865
283,325,3.0,1491093433
283,7,0.5,1491375134
283,31,2.5,1494639455
283,87,2.0,1499094734
283,139,1.5,1501043746
283,321,3.5,1510624378
283,196,3.0,1514543159
283,223,2.5,1515110503
283,186,2.5,1529586640
283,245,2.0,1548356811
283,311,4.5,1549288585
283,244,2.0,1552247584
283,331,3.0,1553003906
283,45,5.0,1561920074
283,91,0.5,1568028959
283,66,1.5,1570601215
283,195,2.0,1583381262
283,198,3.0,1583493084
283,326,2.0,1584134067
283,37,3.0,1612009088
283,221,0.5,1626977052
283,49,5.0,1627427398
283,9,2.5,1638515935
283,277,3.0,1644629357
283,67,3.0,1658088234
284,217,3.5,1276158821
284,64,4.0,1292839372
284,329,2.0,1296319193
284,99,4.5,1296782083
284,81,5.0,1299227304
284,246,2.0,1299766948
284,26,5.0,1308841080
284,88,3.5,1312497191
284,176,5.0,1322394226
284,14,3.5,1330226226
284,18,3.5,1412968756
284,25,4.0,1425296707
284,15,5.0,1428787765
284,156,4.5,1438448624
284,75,5.0,1447913667
284,328,3.0,1502693286
284,103,2.0,1517828723
284,7,5.0,1524004395
284,72,3.5,1585497806
284,131,4.0,1588914752
284,86,4.5,1628263630
284,17,5.0,1660025210
285,106,5.0,1268900878
285,160,1.5,1269535800
285,151,3.5,1276338753
285,135,4.5,1277378957
285,169,1.5,1281716412
285,86,3.5,1291922700
285,50,3.0,1302316202
285,41,1.5,1310268067
285,298,3.5,1318456286
285,85,3.5,1363506626
285,26,5.0,1365550831
285,127,4.0,1369484774
285,177,5.0,1372223551
285,82,4.0,1372607370
285,51,1.5,1379723930
285,13,4.5,1398707414
285,29,4.0,1414257886
285,132,2.0,1420899285
285,83,5.0,1422767707
285,2,5.0,1434758988
285,236,2.5,1436769947
285,109,5.0,1444582224
285,93,3.5,1444689575
285,3,5.0,1465382752
285,17,5.0,1470521557
285,15,5.0,1470663314
285,14,3.5,1485136359
285,57,3.0,1487450855
285,114,5.0,1498051056
285,34,4.0,1517016567
285,345,5.0,1527301517
285,81,4.0,1531307335
285,129,3.5,1532959539
285,18,3.0,1543190843
285,164,1.0,1548842267
285,225,2.0,1552878039
285,104,4.5,1562952227
285,323,3.0,1564413738
285,8,4.0,1581821296
285,304,0.5,1587245137
285,62,4.0,1591610625
285,239,2.0,1594185428
285,313,3.5,1602871937
285,30,4.5,1605593446
285,291,3.5,1614404117
285,36,3.5,1621634204
285,196,0.5,1622220609
285,237,0.5,1625656802
285,319,2.0,1633534061
285,10,4.0,1636015837
285,48,1.5,1642573767
285,305,5.0,1647584833
285,97,2.5,1648219003
285,113,5.0,1654371306
285,206,0.5,1661669545
286,170,4.5,1265386943
286,54,3.5,1281610574
286,46,2.5,1283833509
286,106,4.0,1286242773
286,161,3.0,1287521838
286,1,5.0,1291774397
286,320,2.0,1312063433
286,165,3.5,1316000215
286,119,3.5,1319666405
286,180,2.0,1319841596
286,104,4.0,1325518403
286,68,3.5,1338032783
286,89,3.5,1341855573
286,231,2.0,1344071622
286,34,3.5,1353766498
286,56,4.0,1360641455
286,87,4.5,1361130454
286,204,3.0,1382016840
286,17,5.0,1393541693
286,7,5.0,1394644893
286,214,3.5,1402848499
286,194,2.0,1404016580
286,99,3.5,1431110966
286,257,2.0,1435662056
286,223,2.5,1474077578
286,157,4.5,1481899889
286,36,4.5,1486359603
286,303,1.5,1488485925
286,308,4.0,1506108450
286,33,3.0,1520902697
286,25,5.0,1528055445
286,236,3.5,1533162387
286,183,3.5,1539404776
286,225,3.5,1541316319
286,90,4.0,1543127121
286,19,5.0,1553436179
286,314,3.5,1554457837
286,339,3.5,1561396957
286,212,3.5,1573265163
286,8,4.0,1579338311
286,311,3.0,1583723301
286,238,2.5,1584681658
286,12,4.0,1584742742
286,13,5.0,1585134734
286,222,3.0,1596357452
286,30,3.5,1600844767
286,138,3.5,1605251603
286,321,3.0,1618408517
286,70,4.5,1625517593
286,48,1.0,1629261721
286,322,3.5,1629996426
286,185,1.0,1635662124
286,24,4.0,1638171093
286,62,5.0,1654921870
286,227,2.0,1656520933
286,57,4.0,1657455858
287,16,4.0,1263211384
287,222,4.5,1264881665
287,76,2.5,1269945643
287,93,3.0,1276729313
287,24,3.5,1276962222
287,267,3.0,1281254485
287,23,3.5,1295137615
287,138,3.5,1305901069
287,30,4.5,1315034840
287,12,5.0,1316574408
287,57,4.5,1321529623
287,4,5.0,1330752384
287,60,3.0,1332345883
287,13,4.5,1372209773
287,224,1.5,1376211338
287,52,3.5,1394733926
287,177,5.0,1402403663
287,321,4.0,1404492552
287,277,3.0,1406379973
287,10,5.0,1407942521
287,144,3.0,1432675250
287,214,4.0,1443183120
287,22,5.0,1457223704
287,38,3.0,1477851703
287,86,4.5,1489751092
287,232,2.5,1502322159
287,231,4.0,1506753262
287,186,3.0,1515783655
287,308,4.0,1536879586
287,113,3.5,1537000580
287,112,4.0,1542764830
287,220,2.0,1563137843
287,65,3.5,1563630254
287,31,4.0,1568800737
287,55,3.0,1583147847
287,239,3.5,1594415712
287,283,1.5,1599544822
287,58,3.5,1601543135
287,9,5.0,1609101712
287,193,3.5,1623128545
287,18,5.0,1624384669
287,64,3.0,1631588758
287,250,2.5,1639060305
287,59,4.0,1645822702
287,45,2.5,1647108973
287,33,5.0,1659605145
287,165,5.0,1661750989
288,212,3.5,1280859672
288,106,4.5,1304767428
288,164,2.5,1311268661
288,133,4.0,1336535778
288,15,5.0,1347574024
288,21,4.5,1358112401
288,143,5.0,1362651644
288,165,4.5,1366411881
288,247,4.5,1401665170
288,35,4.5,1414475592
288,285,1.0,1416361070
288,27,5.0,1434280357
288,56,4.5,1440364937
288,102,3.5,1442576347
288,2,3.5,1492577726
288,4,4.5,1519268422
288,34,5.0,1520893788
288,25,4.0,1532779934
288,1,5.0,1541914411
288,127,5.0,1544398749
288,237,2.5,1557224882
288,72,2.5,1588099592
288,12,5.0,1604473572
288,10,4.5,1604831669
288,230,0.5,1615922893
288,223,4.0,1621529395
288,92,1.5,1661245296
289,181,4.5,1299828818
289,149,3.0,1303446914
289,17,5.0,1315409791
289,85,5.0,1318380929
289,313,5.0,1341380772
289,315,2.0,1342240069
289,214,4.0,1394123208
289,1,5.0,1399831662
289,151,5.0,1430912232
289,88,4.5,1452370224
289,55,3.0,1453357085
289,329,4.0,1468609489
289,137,5.0,1483935618
289,74,5.0,1490148336
289,72,4.0,1497726864
289,4,5.0,1498124163
289,239,4.5,1534065832
289,28,3.0,1576542630
289,56,4.0,1597998843
289,208,2.5,1642515938
290,93,4.5,1263179086
290,279,4.5,1263255783
290,209,1.5,1265755365
290,57,4.5,1286621073
290,20,4.5,1290164032
290,95,3.0,1309060354
290,98,4.0,1334800841
290,239,4.0,1362070332
290,152,3.0,1370845740
290,18,4.5,1400170308
290,1,5.0,1415199172
290,35,4.0,1421237128
290,74,4.5,1444840139
290,116,2.0,1523952383
290,224,3.0,1550733447
290,193,2.5,1572616817
290,272,5.0,1574498732
290,133,3.5,1576922098
290,156,5.0,1582246902
290,56,5.0,1610735414
290,55,3.5,1642322208
291,4,5.0,1268792995
291,54,5.0,1274959572
291,124,2.5,1281645136
291,134,2.5,1285181937
291,90,3.5,1285197703
291,262,2.5,1289266359
291,42,4.0,1294170426
291,300,4.0,1295254893
291,63,2.0,1298384312
291,48,4.5,1303049864
291,278,1.0,1310485520
291,322,4.0,1333635839
291,24,3.0,1337218053
291,29,4.5,1340532345
291,203,1.5,1342251976
291,129,2.0,1356851814
291,35,4.0,1361058154
291,196,2.0,1362364678
291,3,3.0,1362645385
291,330,1.5,1363033986
291,34,5.0,1373585734
291,10,5.0,1382493333
291,201,1.5,1384851703
291,340,3.0,1388178216
291,185,2.5,1396128366
291,105,4.0,1409197045
291,236,1.0,1411213201
291,53,2.5,1418596678
291,233,2.5,1429636345
291,170,2.0,1436179318
291,28,4.0,1439004755
291,225,2.5,1459095703
291,57,5.0,1469643432
291,14,3.5,1470342013
291,281,2.0,1501794020
291,253,1.5,1501823215
291,188,2.5,1508592749
291,113,3.5,1512364079
291,114,3.0,1523846127
291,86,2.5,1529072365
291,302,4.0,1532174557
291,243,1.5,1533016400
291,234,3.0,1562128722
291,237,3.0,1562146827
291,6,3.0,1563448080
291,33,5.0,1569049486
291,95,2.0,1570609168
291,51,3.0,1575612080
291,55,4.0,1581163982
291,18,4.0,1584541069
291,270,2.0,1595715790
291,93,3.0,1597563138
291,1,3.5,1609620214
291,147,2.0,1626156187
291,109,2.5,1637005188
291,76,2.5,1644259171
292,81,4.5,1276158248
292,129,4.5,1309134575
292,182,2.0,1319982282
292,29,3.0,1321621096
292,93,3.5,1343357830
292,281,4.0,1351825315
292,90,4.0,1360149741
292,169,2.5,1405403716
292,40,4.5,1413262807
292,45,3.5,1426648821
292,183,3.5,1529903354
292,62,4.5,1533000207
292,161,2.5,1557737939
292,8,4.0,1609767929
292,11,5.0,1629610914
292,46,2.5,1658943302
293,223,5.0,1263917163
293,7,3.0,1264736292
293,153,1.5,1266391334
293,55,4.0,1269082030
293,78,2.5,1272690334
293,200,3.5,1305967950
293,62,4.0,1312192027
293,63,2.0,1339308994
293,246,2.0,1339533743
293,321,5.0,1339741423
293,33,2.0,1345894207
293,12,5.0,1350060227
293,300,4.0,1367218368
293,47,5.0,1373241134
293,301,5.0,1381379772
293,1,3.5,1409723840
293,133,2.5,1416045821
293,60,4.0,1427868956
293,93,4.5,1443302468
293,8,5.0,1447593980
293,327,5.0,1461550973
293,53,4.5,1467512915
293,13,4.0,1477097718
293,46,5.0,1487815225
293,162,0.5,1500350625
293,83,1.0,1515802540
293,9,4.5,1516318540
293,291,3.5,1522570602
293,64,2.5,1527582066
293,236,1.5,1529871231
293,239,5.0,1533504360
293,309,4.0,1542469156
293,86,4.0,1550467441
293,282,2.5,1555714787
293,41,5.0,1569674147
293,6,3.0,1575497809
293,19,5.0,1582082744
293,247,2.5,1593384254
293,38,5.0,1595629972
293,18,5.0,1602094714
293,59,4.5,1624128987
293,42,5.0,1624129256
293,85,4.5,1629550199
293,312,5.0,1634836250
293,58,4.5,1635522443
293,49,5.0,1642218004
293,311,5.0,1644968287
293,30,5.0,1653995688
293,57,5.0,1659717561
294,153,3.0,1267424320
294,61,3.0,1269434258
294,225,5.0,1283783447
294,191,2.5,1290312035
294,24,4.0,1308550729
294,13,5.0,1310250351
294,4,5.0,1360652388
294,284,3.0,1408005162
294,127,4.0,1451213746
294,15,5.0,1454728815
294,45,2.0,1465116456
294,17,5.0,1468953865
294,224,4.0,1487983240
294,55,2.0,1509447558
294,136,5.0,1511860797
294,287,1.5,1526425087
294,178,2.5,1546206530
294,64,4.5,1550791574
294,20,4.5,1562186104
294,44,2.0,1562309988
294,42,3.0,1567228118
294,305,5.0,1581620990
294,12,5.0,1582085288
294,62,5.0,1589110285
294,222,4.0,1589965917
294,58,3.0,1622573468
294,23,5.0,1636180287
294,237,2.0,1644820171
295,110,3.5,1326666774
295,97,5.0,1329849888
295,104,3.5,1380442248
295,85,4.5,1414429547
295,243,4.5,1428657912
295,60,2.0,1464885280
295,196,3.0,1481153224
295,15,5.0,1481532774
295,18,5.0,1485647521
295,30,4.0,1488991854
295,98,5.0,1501376311
295,234,3.0,1518645177
295,19,5.0,1528296848
295,174,4.5,1545260482
295,142,5.0,1567552778
295,302,2.5,1589627493
296,113,4.5,1283613487
296,246,2.5,1314794319
296,174,4.5,1323665184
296,88,3.0,1330809480
296,21,2.5,1367914189
296,75,4.0,1374238168
296,188,3.5,1388703347
296,42,4.0,1493521324
296,23,4.0,1555075233
296,33,3.5,1589226587
296,108,3.0,1597804569
296,305,4.0,1654748803
297,339,5.0,1295274201
297,156,5.0,1295898079
297,11,5.0,1308520286
297,234,3.5,1317445653
297,34,4.5,1347661653
297,35,4.0,1360826459
297,65,3.0,1367015349
297,251,3.5,1368246427
297,277,3.0,1394211185
297,323,1.5,1417643507
297,62,3.0,1463677177
297,6,5.0,1466112610
297,196,2.5,1469679040
297,2,5.0,1490090248
297,10,4.5,1505787082
297,240,3.0,1523901893
297,59,3.5,1532243161
297,21,4.0,1542423389
297,88,4.0,1544490854
297,16,5.0,1548954679
297,22,5.0,1551421677
297,23,4.5,1587505092
297,93,4.0,1602805402
297,114,5.0,1618231788
297,113,4.0,1622570213
297,98,4.5,1628623467
298,1,5.0,1262523815
298,135,5.0,1279596361
298,204,3.0,1310343593
298,6,5.0,1312680245
298,14,3.5,1314303015
298,45,5.0,1333318000
298,37,5.0,1366636544
298,291,3.5,1373658604
298,324,4.5,1407981169
298,165,5.0,1408375528
298,17,4.5,1427652669
298,34,4.5,1434291162
298,231,2.5,1454169528
298,12,4.5,1463272830
298,188,4.0,1509508239
298,42,4.0,1524933145
298,237,2.5,1557819548
298,11,4.5,1582007363
298,330,5.0,1624282920
298,4,5.0,1627524978
298,67,4.0,1630882119
298,64,3.0,1644323523
298,134,4.5,1646101751
298,55,4.0,1659086844
298,115,3.0,1659591609
298,20,3.5,1660637700
299,19,5.0,1272798807
299,305,4.5,1273234999
299,326,3.0,1290953534
299,52,2.0,1299808185
299,171,2.0,1312097127
299,69,3.0,1316033800
299,21,3.0,1317483705
299,290,2.5,1318241157
299,221,1.0,1321284904
299,24,3.0,1323723550
299,85,3.5,1324287940
299,23,4.0,1325151078
299,102,4.0,1328679779
299,181,3.5,1350931907
299,1,3.5,1365966305
299,97,3.0,1376102407
299,56,4.5,1376129710
299,14,4.0,1377225721
299,267,3.5,1392007826
299,44,3.0,1397051518
299,319,4.0,1398537021
299,239,4.0,1399921960
299,205,3.0,1404301867
299,321,3.5,1406220772
299,13,4.5,1429518477
299,16,3.0,1431063982
299,78,3.5,1431894203
299,45,2.5,1432317581
299,231,5.0,1452642611
299,245,4.0,1453981832
299,57,4.5,1456567156
299,246,3.5,1476923232
299,109,3.0,1496582243
299,126,3.0,1504521730
299,55,3.0,1511808826
299,59,3.0,1516660460
299,212,3.0,1527392403
299,237,3.0,1540905424
299,129,2.0,1546262506
299,190,4.0,1547673959
299,134,5.0,1563058672
299,36,5.0,1571739599
299,12,4.5,1586782236
299,317,3.0,1621250323
299,61,3.0,1627772979
299,64,3.0,1631256825
299,26,4.5,1644646446
299,328,2.5,1650443784
300,311,2.5,1279478587
300,11,5.0,1314144159
300,147,4.5,1336721785
300,31,3.5,1377228426
300,325,3.5,1383045761
300,133,5.0,1388232551
300,240,2.5,1392205327
300,18,4.5,1398009486
300,256,5.0,1418704369
300,145,4.5,1433885066
300,285,1.5,1448577664
300,73,3.0,1482275193
300,26,5.0,1538092134
300,17,4.5,1574408234
300,59,2.0,1589027983
300,67,4.0,1608519715
300,8,3.0,1637754968
300,265,5.0,1649570766
300,204,2.0,1653598283
301,72,2.5,1282241081
301,7,3.5,1284571162
301,13,4.0,1296750084
301,74,4.0,1305587816
301,59,2.0,1343542718
301,2,5.0,1358027396
301,47,3.5,1360474859
301,80,3.0,1368396673
301,23,4.5,1381542840
301,41,3.5,1405740348
301,100,5.0,1410062450
301,44,3.5,1418492623
301,327,4.0,1422199528
301,25,4.0,1422411040
301,30,4.5,1425036430
301,188,5.0,1426868569
301,62,3.0,1441058359
301,91,3.0,1454076018
301,45,4.0,1460460494
301,303,0.5,1467776000
301,9,3.5,1472956208
301,73,2.5,1486513247
301,99,4.5,1495159256
301,4,4.0,1511394208
301,1,5.0,1553083254
301,6,4.0,1564925313
301,116,5.0,1591646888
301,234,2.5,1592204854
301,3,5.0,1605091007
301,180,3.0,1623263097
301,132,2.5,1624949695
302,12,3.5,1270520083
302,291,2.5,1272888531
302,165,3.0,1304782112
302,10,3.5,1305898981
302,141,3.0,1316574875
302,92,3.5,1325205822
302,313,3.0,1333765337
302,158,3.0,1341996434
302,41,5.0,1351774747
302,247,4.5,1352630994
302,2,4.0,1367325568
302,7,3.0,1369973663
302,239,4.5,1371057254
302,245,4.5,1377047874
302,326,1.0,1386142018
302,257,0.5,1389794498
302,279,4.5,1399322750
302,25,2.5,1416689184
302,38,3.0,1422966662
302,99,5.0,1440065497
302,143,5.0,1466530419
302,87,3.5,1466555207
302,68,2.5,1472783741
302,17,2.5,1479817117
302,88,3.0,1495633130
302,44,4.5,1506079196
302,19,4.5,1520001955
302,27,3.5,1553103904
302,18,2.5,1558583652
302,312,3.5,1561769464
302,42,4.5,1568875171
302,89,3.0,1572131006
302,114,4.5,1575623976
302,4,2.5,1613550254
302,11,5.0,1626116907
302,93,4.5,1638042510
302,91,2.5,1642354701
302,3,4.5,1657525729
302,35,4.5,1658686754
303,131,2.5,1263809974
303,60,3.0,1269923732
303,291,4.0,1290985612
303,32,4.5,1293489233
303,244,3.0,1302657493
303,35,4.0,1308831002
303,237,3.5,1315285546
303,57,5.0,1325900134
303,147,4.5,1332087453
303,1,5.0,1349078334
303,18,5.0,1359832476
303,9,5.0,1379158636
303,94,3.0,1382967312
303,252,1.5,1399220359
303,54,5.0,1410032396
303,13,3.5,1416522161
303,56,5.0,1431104275
303,26,4.5,1436425907
303,40,5.0,1442825735
303,165,5.0,1495804450
303,89,4.0,1572889845
303,61,2.5,1593043624
303,193,1.5,1609020434
303,86,3.5,1644194971
303,12,5.0,1646694247
304,321,3.5,1292078332
304,6,5.0,1299721986
304,104,3.0,1322629825
304,327,5.0,1330196861
304,129,5.0,1353084910
304,300,3.5,1358536449
304,157,5.0,1360735185
304,313,5.0,1366538797
304,29,4.0,1385004466
304,149,2.0,1416445936
304,141,1.5,1428077028
304,177,5.0,1430055438
304,272,5.0,1441949034
304,59,4.0,1443269517
304,298,3.5,1447363314
304,15,5.0,1455233748
304,97,5.0,1457657076
304,54,5.0,1461142108
304,181,3.0,1472870759
304,40,5.0,1486426567
304,18,5.0,1490255531
304,12,5.0,1498092305
304,53,4.5,1501943588
304,39,5.0,1505189407
304,125,2.5,1523486168
304,325,4.5,1528751693
304,10,5.0,1533752683
304,14,5.0,1540072618
304,144,4.0,1553834735
304,30,5.0,1584752316
304,1,5.0,1597220147
304,189,4.0,1605839333
304,56,5.0,1628405091
304,87,4.5,1637576931
304,46,5.0,1646666307
304,169,4.0,1649766212
304,2,5.0,1655394667
305,279,2.5,1275737485
305,237,1.5,1276657326
305,55,2.5,1279545506
305,198,1.5,1280691422
305,25,3.5,1286067583
305,329,3.0,1287517546
305,236,3.5,1309523049
305,98,4.5,1313847588
305,91,5.0,1317486002
305,33,2.5,1335400708
305,277,3.0,1339087549
305,130,3.5,1339475434
305,186,3.0,1357492950
305,14,4.0,1363702959
305,12,4.5,1373608375
305,195,1.0,1373658086
305,18,3.5,1374334168
305,159,3.0,1378249978
305,13,4.5,1382400509
305,11,5.0,1385213821
305,63,3.5,1385691410
305,54,3.0,1385793767
305,206,1.5,1389940943
305,45,2.5,1398353202
305,115,2.5,1422138456
305,86,4.5,1428159141
305,161,2.5,1440543478
305,49,2.5,1444700082
305,282,1.5,1463972335
305,169,3.5,1469196435
305,89,3.5,1473110026
305,19,5.0,1481093878
305,189,3.0,1486708947
305,60,2.5,1501218722
305,187,3.0,1511857645
305,109,3.0,1513716569
305,340,4.5,1520392313
305,2,5.0,1546438184
305,99,4.0,1549646451
305,134,3.5,1555592542
305,231,3.0,1567756436
305,151,3.5,1568032588
305,1,5.0,1577378284
305,94,3.5,1585546049
305,23,4.5,1597904780
305,4,5.0,1598084040
305,97,4.0,1621907786
305,327,3.5,1630576176
305,77,3.0,1632914318
305,92,2.5,1644224756
306,112,4.5,1282172169
306,2,5.0,1283847590
306,93,3.0,1284732288
306,298,2.0,1291004806
306,60,0.5,1291424592
306,331,2.0,1291969630
306,33,3.0,1296458017
306,134,5.0,1297422501
306,157,4.0,1299946745
306,17,5.0,1310448231
306,85,3.0,1323015263
306,12,5.0,1338570253
306,83,4.5,1340119834
306,325,4.0,1341814039
306,178,4.0,1342875777
306,316,1.5,1343630331
306,90,4.0,1344528223
306,56,3.0,1347040441
306,117,4.0,1360725400
306,6,5.0,1361337582
306,196,0.5,1365707141
306,50,2.5,1365715258
306,13,5.0,1373449415
306,214,4.5,1384303050
306,48,0.5,1405196636
306,53,1.0,1415466123
306,9,4.5,1431633851
306,45,1.5,1435849853
306,200,2.5,1436331055
306,260,4.5,1454893215
306,305,5.0,1470300075
306,158,4.0,1476720815
306,4,5.0,1483805158
306,151,3.5,1499560543
306,63,2.0,1518148321
306,7,5.0,1518372264
306,10,4.0,1532054103
306,296,1.5,1536327175
306,25,5.0,1551991388
306,72,3.5,1584807977
306,20,5.0,1592112788
306,26,5.0,1596622909
306,116,3.5,1610124770
306,65,1.0,1626521035
306,164,1.0,1627934316
306,136,4.5,1628626264
306,32,3.5,1642076458
306,89,4.0,1642535796
306,5,4.5,1643106834
306,19,5.0,1645480607
306,1,5.0,1648856282
306,14,4.0,1654321942
307,33,5.0,1305934852
307,313,3.0,1315281300
307,247,5.0,1316310007
307,235,4.0,1352229799
307,74,2.0,1353749209
307,165,5.0,1369550605
307,214,4.0,1377645383
307,34,5.0,1404817484
307,317,2.5,1417815312
307,236,2.5,1422299066
307,250,4.0,1471332818
307,331,3.0,1487036378
307,53,5.0,1511516206
307,4,4.0,1537272753
307,70,2.5,1562397122
307,134,4.5,1570224208
307,283,3.0,1616322701
307,14,4.5,1628275513
307,89,3.0,1636473698
307,60,5.0,1642587233
307,237,5.0,1643182471
308,64,1.5,1286849800
308,2,4.5,1290161873
308,314,2.0,1327861254
308,12,3.5,1346534906
308,36,3.0,1358951948
308,207,0.5,1360334268
308,7,3.5,1361065546
308,70,0.5,1391173996
308,45,3.5,1392251611
308,237,0.5,1428046768
308,119,5.0,1436847125
308,280,3.5,1439110151
308,152,0.5,1504797640
308,156,4.5,1505635655
308,41,4.0,1519305604
308,281,1.5,1544556756
308,68,0.5,1549229842
308,46,2.5,1550703544
308,6,3.5,1555257993
308,118,5.0,1561592634
308,218,2.0,1573417638
308,87,3.0,1591043239
308,112,5.0,1609755277
308,32,4.5,1612974673
308,47,3.0,1613550291
308,9,4.5,1637128555
308,67,1.0,1646414165
308,18,3.0,1648253454
308,300,3.5,1653564011
309,112,5.0,1295288495
309,301,2.5,1298021072
309,163,2.5,1320900087
309,12,3.5,1322253087
309,25,3.0,1326614801
309,7,5.0,1354698569
309,306,2.0,1378324402
309,83,5.0,1388405467
309,1,5.0,1411282735
309,57,2.0,1429552168
309,2,5.0,1431382219
309,200,3.0,1444703603
309,41,1.0,1452399318
309,174,4.0,1458928110
309,118,4.5,1471613618
309,16,4.0,1495094725
309,239,2.5,1525517360
309,45,0.5,1532545069
309,29,3.0,1616767797
309,231,3.5,1622045885
309,3,5.0,1639117737
310,20,5.0,1304044584
310,55,3.0,1320070886
310,35,4.5,1339721557
310,242,2.0,1356003541
310,10,5.0,1377072705
310,3,3.5,1404435246
310,232,4.0,1410232629
310,8,5.0,1429854044
310,155,3.0,1433707694
310,223,3.5,1451873257
310,111,5.0,1455819722
310,18,4.0,1479673195
310,117,5.0,1494827155
310,33,5.0,1511737938
310,12,5.0,1560849666
310,30,4.5,1561033034
310,54,4.0,1610996799
310,7,5.0,1620732811
310,81,3.0,1646463197
310,89,4.5,1646627635
310,147,3.0,1658491910
311,193,3.5,1262615915
311,25,3.0,1264791502
311,176,5.0,1276309476
311,134,3.5,1279516833
311,147,3.5,1288538912
311,104,4.0,1298414859
311,8,3.0,1299959170
311,62,3.5,1307038293
311,40,2.5,1317346668
311,31,3.5,1318443592
311,4,4.5,1319298783
311,275,2.5,1324275780
311,213,3.0,1325596907
311,15,5.0,1326144725
311,33,3.0,1345067601
311,260,3.5,1350944702
311,16,4.5,1361910649
311,108,3.5,1380661888
311,326,2.0,1382414134
311,321,1.0,1407514119
311,12,4.0,1411563086
311,56,2.0,1414365200
311,264,4.0,1436003354
311,129,3.5,1437749035
311,196,2.5,1458445697
311,1,5.0,1461981823
311,64,3.5,1471664102
311,159,1.5,1474760767
311,13,4.5,1477986680
311,19,4.5,1487205400
311,303,2.0,1505630999
311,6,4.0,1529096201
311,88,2.5,1529320459
311,89,3.5,1530704178
311,34,3.5,1535771654
311,290,0.5,1551773884
311,113,4.5,1554594926
311,189,3.0,1564470268
311,214,4.0,1565015915
311,116,4.5,1587641622
311,133,4.5,1588474691
311,135,4.0,1595759952
311,9,3.0,1600105808
311,330,3.0,1604665712
311,298,2.5,1605440647
311,46,1.5,1623829736
311,237,1.5,1634518688
311,58,1.5,1643209069
311,106,3.5,1651025749
312,4,4.5,1271213406
312,321,3.0,1298232912
312,224,3.0,1302889082
312,97,1.5,1316614309
312,241,1.0,1330352770
312,134,2.5,1364306057
312,24,3.5,1366357100
312,62,4.5,1367449371
312,30,4.5,1375041999
312,60,3.0,1375140208
312,27,2.5,1396989730
312,49,2.5,1400502732
312,63,3.5,1400622158
312,104,3.0,1404047035
312,303,2.5,1416610196
312,181,2.5,1419672911
312,59,3.5,1425060342
312,312,2.5,1448941211
312,177,4.5,1450484402
312,58,4.0,1463711558
312,56,5.0,1471957429
312,8,5.0,1472223822
312,95,3.0,1483379432
312,185,2.0,1483709932
312,236,2.5,1487130122
312,10,3.5,1564834233
312,146,2.5,1613208985
312,325,3.0,1621125928
312,47,2.5,1637901914
312,204,1.0,1657589050
312,167,1.5,1658944246
313,45,4.0,1275157835
313,19,5.0,1341530109
313,236,2.5,1355323902
313,117,1.5,1366606607
313,98,3.0,1376482410
313,37,3.0,1378509640
313,93,3.0,1391742211
313,321,2.5,1416952950
313,205,1.5,1429071536
313,319,3.5,1432564096
313,303,2.0,1447750993
313,291,4.0,1450962704
313,61,2.5,1454617289
313,311,3.0,1454824010
313,239,4.0,1459576571
313,89,4.0,1535714754
313,18,3.0,1537667103
313,12,4.5,1539350020
313,242,1.5,1556189704
313,293,3.5,1557448493
313,156,3.5,1567633562
313,13,5.0,1571518048
313,2,3.0,1578438749
313,4,5.0,1589929715
313,276,3.0,1619906207
313,66,4.0,1621610771
313,64,4.0,1648094760
313,289,2.0,1648156199
313,56,3.5,1654591632
313,85,3.0,1655689891
313,306,4.0,1658481972
314,8,3.0,1292876789
314,86,4.5,1299962047
314,4,4.5,1302435352
314,304,1.0,1313645030
314,250,4.0,1348263386
314,331,2.5,1352141235
314,94,3.5,1362230318
314,25,5.0,1362487547
314,30,4.5,1379393681
314,28,5.0,1383370877
314,324,3.0,1390022989
314,141,2.5,1473242004
314,322,3.0,1480514744
314,103,2.0,1491598659
314,49,3.0,1495606581
314,211,4.0,1502416329
314,157,4.0,1509564823
314,61,4.0,1525612063
314,118,5.0,1532090538
314,12,5.0,1534939040
314,234,3.5,1535235888
314,21,3.5,1537797121
314,323,3.0,1564163029
314,290,0.5,1596762060
314,20,5.0,1597416051
314,105,4.0,1618537690
314,45,2.5,1652479675
314,63,2.0,1656757958
315,4,5.0,1267506676
315,281,3.0,1295589787
315,49,4.5,1357819873
315,68,4.0,1369301473
315,29,4.5,1373758519
315,88,5.0,1391110507
315,8,5.0,1413408262
315,56,5.0,1420923770
315,296,3.5,1452218101
315,13,5.0,1460555636
315,57,5.0,1467606867
315,41,5.0,1497868333
315,322,5.0,1500866046
315,325,5.0,1531791253
315,54,5.0,1534425218
315,31,5.0,1552621426
315,282,1.5,1555652970
315,301,5.0,1555967292
315,274,4.0,1584410675
315,60,3.5,1610926156
315,92,2.0,1638789073
315,61,3.5,1653873300
315,305,3.5,1659634876
316,40,5.0,1262874370
316,296,5.0,1263152903
316,32,4.5,1265832407
316,13,4.0,1270508053
316,78,3.0,1292234892
316,2,4.0,1293212981
316,213,1.5,1294796315
316,204,0.5,1304199134
316,46,5.0,1307095395
316,51,4.5,1308857795
316,153,1.5,1314218067
316,218,3.5,1327143077
316,324,1.5,1333076116
316,11,5.0,1333103493
316,34,5.0,1344292902
316,30,5.0,1345080828
316,185,2.0,1349720811
316,31,5.0,1353851236
316,66,3.5,1361435592
316,43,4.5,1361711531
316,320,2.5,1373020548
316,197,3.5,1378919799
316,56,5.0,1386229372
316,16,3.5,1387252066
316,73,1.5,1396332666
316,22,5.0,1404339737
316,47,5.0,1409945383
316,36,5.0,1417692371
316,14,4.0,1429632571
316,335,5.0,1516215125
316,45,4.5,1520073144
316,111,2.5,1520730014
316,165,4.5,1522361212
316,343,4.5,1531183327
316,75,3.0,1533882381
316,220,2.0,1534310158
316,106,3.5,1546760542
316,247,5.0,1553625118
316,85,3.5,1562526151
316,338,4.5,1572907099
316,7,4.0,1575814626
316,303,2.5,1579381554
316,8,5.0,1588834952
316,277,3.0,1595423403
316,98,3.0,1599301913
316,161,2.0,1600897115
316,67,2.5,1603362739
316,305,2.5,1622003327
316,87,3.0,1628209224
316,300,4.0,1636497117
316,29,4.0,1648935138
316,54,5.0,1660025726
317,321,3.5,1268394240
317,145,4.5,1278739021
317,31,5.0,1321871994
317,4,5.0,1324627618
317,57,5.0,1330244711
317,93,4.0,1334039035
317,7,5.0,1339593075
317,1,5.0,1350838176
317,16,5.0,1354552723
317,72,1.5,1355384558
317,151,2.0,1366156822
317,223,2.5,1386490830
317,191,1.0,1390929579
317,126,3.0,1394431576
317,107,3.0,1420843837
317,21,3.5,1432276476
317,34,5.0,1441583396
317,90,4.0,1444809355
317,8,5.0,1454697567
317,237,3.5,1479092859
317,36,5.0,1490862635
317,40,5.0,1496140991
317,249,4.0,1506678974
317,241,2.0,1519196987
317,239,4.0,1566368727
317,10,5.0,1587242678
317,105,5.0,1587781611
317,59,5.0,1601832621
317,23,4.5,1609189527
317,38,5.0,1613655509
317,27,4.0,1615558123
317,9,5.0,1625345146
317,12,5.0,1644690080
317,132,1.0,1656551113
318,18,4.0,1284742596
318,31,4.0,1326102825
318,3,4.0,1329372449
318,224,2.0,1367093660
318,10,5.0,1377454141
318,104,2.0,1436777386
318,57,4.5,1444642194
318,55,3.0,1482191648
318,59,3.5,1511700577
318,23,3.5,1578371983
319,36,5.0,1269163189
319,5,3.5,1274512392
319,190,4.0,1296955931
319,61,3.0,1306194286
319,43,4.0,1309622584
319,19,5.0,1317164663
319,311,4.0,1330275222
319,46,5.0,1343679787
319,68,4.5,1352702426
319,72,3.5,1360143634
319,300,4.0,1362081861
319,20,5.0,1366864249
319,55,3.0,1387958625
319,165,4.5,1430610759
319,151,3.5,1444415494
319,8,4.5,1447902477
319,7,5.0,1479347702
319,4,5.0,1482530191
319,178,3.0,1493362174
319,321,3.5,1520886986
319,23,4.5,1523489167
319,104,4.0,1531931317
319,240,3.0,1531934669
319,18,5.0,1532324305
319,97,3.5,1551522889
319,278,2.0,1552076435
319,196,4.0,1554557619
319,54,5.0,1556834799
319,297,3.5,1560642818
319,62,5.0,1566409174
319,44,4.0,1568813357
319,64,4.0,1575495124
319,9,5.0,1589365537
319,11,5.0,1595596552
319,204,4.0,1619333952
319,3,5.0,1620929308
319,313,5.0,1633569484
319,29,4.5,1636283228
319,89,3.5,1639144137
319,1,5.0,1644653673
320,66,2.5,1267498737
320,132,2.5,1276772833
320,70,3.0,1289807438
320,133,2.5,1312742054
320,274,3.5,1345336724
320,153,1.0,1347465161
320,226,2.0,1391442225
320,321,3.0,1393895049
320,57,3.0,1402500731
320,62,1.5,1408069281
320,231,1.0,1419385294
320,31,3.0,1429130794
320,279,3.0,1431520023
320,330,1.5,1439152430
320,317,2.5,1474180233
320,180,2.0,1480406612
320,286,2.0,1488671009
320,295,4.0,1496248638
320,87,3.5,1505531457
320,60,2.0,1579083583
320,276,2.0,1615181113
320,211,1.0,1631590096
320,99,3.5,1639658652
320,8,2.5,1650249799
320,21,2.0,1661557179
321,159,3.0,1263433897
321,102,3.5,1282589940
321,14,5.0,1284544048
321,46,3.5,1296233474
321,4,5.0,1305888955
321,55,4.5,1331038765
321,6,4.0,1360483166
321,231,4.0,1378458189
321,29,4.5,1408571115
321,44,4.0,1443054045
321,30,5.0,1455425766
321,61,4.5,1457631922
321,106,4.0,1457982155
321,3,5.0,1462706363
321,90,4.5,1482720810
321,72,3.0,1509287110
321,34,5.0,1564021054
321,327,4.0,1579890705
321,9,5.0,1581452259
321,97,3.5,1620396198
321,17,4.5,1650851322
322,132,1.5,1263586349
322,295,1.5,1271575484
322,14,3.0,1279934427
322,106,3.0,1280677715
322,50,5.0,1290598935
322,196,1.0,1293331154
322,27,1.5,1297883649
322,277,1.5,1312216401
322,183,1.5,1314615965
322,97,1.5,1321475293
322,133,2.5,1331828765
322,32,3.5,1344018658
322,47,4.0,1350163918
322,321,1.0,1350777836
322,261,3.0,1360219808
322,18,3.0,1366093249
322,186,1.0,1401911580
322,34,3.0,1413727305
322,31,3.0,1420059602
322,98,2.0,1434348864
322,10,3.5,1456518564
322,89,2.0,1460565861
322,43,4.5,1463939262
322,160,0.5,1465834315
322,260,2.0,1466868890
322,140,2.0,1469421092
322,45,4.0,1473481433
322,90,2.0,1474718869
322,95,0.5,1482657951
322,17,2.5,1484979665
322,38,5.0,1492357428
322,275,0.5,1492363862
322,327,2.5,1492801285
322,33,3.5,1499068454
322,272,2.5,1512077056
322,143,5.0,1521096713
322,188,2.5,1526151838
322,230,0.5,1547867230
322,301,3.5,1554926370
322,214,1.0,1570625459
322,193,3.5,1578812553
322,76,2.0,1592085809
322,156,2.5,1596560083
322,1,3.0,1597795544
322,56,2.5,1599451815
322,300,1.0,1625964136
322,149,0.5,1626463246
322,13,3.0,1629017548
322,48,4.5,1638167130
322,91,2.0,1641120663
323,38,5.0,1295844016
323,40,5.0,1300831319
323,29,4.0,1310136568
323,97,3.0,1319293849
323,214,3.0,1331804317
323,42,5.0,1360452897
323,169,2.0,1373311881
323,268,5.0,1387808057
323,30,5.0,1392949204
323,119,5.0,1409897619
323,18,4.0,1417992777
323,49,4.5,1447019242
323,107,3.5,1451105099
323,143,5.0,1469735835
323,135,3.5,1474154741
323,24,3.5,1480357543
323,224,0.5,1485843383
323,231,3.5,1495662079
323,51,4.0,1523044290
323,295,3.5,1539411328
323,46,5.0,1569686291
323,272,4.5,1578642660
323,12,4.5,1610694722
323,239,3.5,1616564342
324,2,3.5,1273318737
324,75,3.0,1274133647
324,1,4.0,1280099941
324,320,3.0,1337422471
324,68,3.0,1374487959
324,6,4.5,1394448574
324,152,1.5,1407410126
324,189,2.5,1408324180
324,122,2.5,1446028076
324,217,2.0,1483734300
324,4,4.5,1502451417
324,36,4.5,1516924122
324,91,2.0,1527432867
324,55,2.0,1528258783
324,240,2.0,1569812117
324,92,1.5,1576478783
324,214,2.5,1583934379
324,173,2.5,1589226169
324,19,5.0,1617576640
324,330,3.5,1644994293
324,167,1.5,1654002088
325,217,4.0,1268459089
325,125,5.0,1290500883
325,17,4.0,1304865971
325,29,3.5,1316398389
325,41,3.5,1325840473
325,19,3.0,1332050733
325,64,3.0,1333406592
325,49,2.5,1354940578
325,105,5.0,1364534048
325,239,2.5,1372585635
325,109,4.5,1374066648
325,3,5.0,1380602632
325,120,5.0,1385599990
325,131,4.5,1388677047
325,186,2.0,1395662834
325,16,3.5,1398379942
325,42,3.0,1405430181
325,57,2.5,1409801431
325,188,2.5,1414552811
325,115,5.0,1436616258
325,77,3.0,1437357477
325,1,3.5,1449587352
325,38,2.0,1458374068
325,242,3.0,1462720887
325,53,1.5,1462722071
325,100,2.5,1471708763
325,59,2.0,1492408640
325,106,4.5,1497114383
325,282,1.0,1504507456
325,339,5.0,1510800665
325,146,5.0,1520740426
325,301,2.5,1524666264
325,213,4.0,1530276376
325,96,1.5,1532687684
325,259,5.0,1547932531
325,34,4.5,1570849403
325,139,1.5,1599754189
325,111,5.0,1604248275
325,2,5.0,1605998910
325,25,3.0,1609583957
325,11,3.5,1638500654
325,63,3.0,1659189274
326,49,5.0,1289438336
326,36,5.0,1314175951
326,51,4.0,1321953887
326,197,1.5,1328741140
326,312,4.0,1329090932
326,127,4.0,1336161931
326,120,2.5,1346364406
326,31,4.0,1357247971
326,220,2.5,1361085855
326,97,4.0,1368842318
326,86,4.5,1383687115
326,12,4.0,1385949859
326,180,3.5,1399157032
326,300,3.0,1427216226
326,244,3.5,1432139583
326,99,4.0,1461758696
326,64,2.5,1465285398
326,8,4.0,1465482322
326,271,1.5,1482707982
326,252,2.0,1508302863
326,42,5.0,1524431156
326,178,2.5,1525889894
326,4,4.0,1532267247
326,54,5.0,1539614982
326,41,5.0,1547684290
326,47,5.0,1555795540
326,62,2.5,1570700122
326,23,3.5,1574243643
326,151,3.0,1577963273
326,56,3.5,1580329432
326,55,2.5,1598414944
326,239,4.0,1599706117
326,26,3.5,1601069955
326,70,3.5,1610198307
326,161,3.0,1616097792
326,320,3.5,1636724754
326,46,5.0,1642970173
326,223,4.0,1656486573
326,67,3.0,1657855101
327,181,2.5,1286725112
327,42,4.0,1294699268
327,93,3.5,1336425049
327,178,3.0,1347520502
327,184,1.5,1360515479
327,4,3.5,1391927538
327,291,3.0,1394039319
327,11,5.0,1396745650
327,239,4.0,1410432129
327,312,3.5,1431868134
327,20,2.5,1464780214
327,206,1.0,1476668394
327,237,2.0,1477253818
327,187,2.5,1479315858
327,24,3.5,1479319815
327,322,2.5,1485507866
327,59,3.5,1485905855
327,311,3.5,1489680740
327,47,4.5,1525409335
327,154,3.0,1533242569
327,141,2.5,1536848932
327,251,3.0,1557741278
327,48,3.0,1564652637
327,95,2.5,1570308279
327,66,2.5,1585884268
327,98,4.5,1592928918
327,325,3.5,1605933758
327,236,2.0,1607192865
327,135,3.0,1611316502
327,273,3.0,1632709010
327,14,3.0,1641181535
327,65,3.0,1645916970
328,13,4.5,1279137327
328,222,4.5,1285615769
328,200,3.5,1299862207
328,143,5.0,1307917132
328,23,3.5,1310008586
328,7,4.0,1323071827
328,281,2.5,1328089514
328,96,2.0,1363033855
328,56,5.0,1367522088
328,342,5.0,1368496704
328,61,3.5,1369991013
328,301,5.0,1371080615
328,185,2.0,1399560323
328,58,4.5,1407038555
328,36,5.0,1412827201
328,44,4.5,1448378315
328,303,2.5,1463442182
328,51,4.0,1484226750
328,43,4.0,1494969708
328,176,4.5,1496655035
328,187,4.5,1498157729
328,31,5.0,1516863766
328,256,3.0,1533411914
328,11,5.0,1542087785
328,47,4.5,1557445269
328,42,5.0,1569753126
328,55,4.5,1573197590
328,60,4.0,1594881911
328,284,2.5,1603636295
328,91,2.5,1606789263
328,25,4.0,1617677718
328,22,5.0,1618543550
328,252,3.0,1625583844
328,334,0.5,1634869780
328,45,3.0,1654957108
328,174,4.0,1655741394
329,17,5.0,1271274000
329,297,3.0,1271294418
329,18,4.0,1297234787
329,122,5.0,1305816450
329,305,5.0,1338783762
329,59,1.5,1342121841
329,106,3.5,1356193491
329,296,2.5,1374082025
329,35,3.0,1380637070
329,223,3.0,1407387780
329,220,2.5,1424755871
329,56,3.5,1452523193
329,205,1.0,1455522017
329,237,1.0,1462536243
329,204,4.0,1514501661
329,75,4.0,1515062076
329,157,4.0,1522995205
329,7,5.0,1529477601
329,4,5.0,1538109648
329,2,5.0,1559648770
329,176,5.0,1580140822
329,76,4.0,1580424605
329,212,3.5,1624404359
329,301,2.0,1649691560
329,137,5.0,1652303036
329,190,4.5,1652623760
330,295,2.0,1272396727
330,69,4.5,1288610738
330,301,2.5,1331138522
330,108,2.5,1342785899
330,165,3.5,1358684289
330,22,3.5,1390647340
330,82,3.0,1407613788
330,278,3.0,1445676539
330,136,4.5,1467634667
330,184,2.0,1482183879
330,198,2.5,1494614690
330,1,5.0,1532400600
330,225,5.0,1612158976
330,24,5.0,1640683097
331,41,4.0,1267347378
331,232,2.5,1269342470
331,291,3.5,1270428643
331,96,4.5,1271234165
331,249,4.0,1282334624
331,297,3.0,1291912765
331,18,4.5,1300478396
331,88,5.0,1306544253
331,325,4.5,1307043434
331,153,1.5,1313800270
331,136,4.0,1319536001
331,95,4.5,1321074840
331,46,4.5,1334522859
331,101,3.5,1343202477
331,97,5.0,1350874317
331,339,2.0,1355835303
331,4,4.5,1370544545
331,106,2.5,1373449086
331,35,2.0,1375058742
331,11,5.0,1389888873
331,55,3.0,1397626488
331,237,2.5,1406684937
331,52,2.5,1407464548
331,321,4.0,1408471724
331,129,4.5,1411807879
331,292,2.0,1428792910
331,56,4.0,1434284993
331,61,3.5,1440490740
331,167,2.0,1455618937
331,196,3.0,1459914932
331,313,5.0,1466026295
331,15,4.0,1467594590
331,92,3.5,1478822047
331,51,3.5,1494967237
331,147,5.0,1505833132
331,94,5.0,1523915574
331,148,2.0,1530769422
331,74,4.0,1531771181
331,10,4.5,1539780142
331,301,4.0,1541862619
331,302,4.0,1545360456
331,303,2.5,1551741128
331,275,3.5,1588580028
331,87,4.0,1589432387
331,335,3.0,1607882356
331,159,4.5,1609703069
331,59,4.0,1610864708
331,48,3.5,1621236602
331,168,3.0,1628550792
331,12,4.5,1646800253
331,50,4.5,1649497018
331,62,4.0,1650079445
331,188,5.0,1651283690
331,164,2.0,1657198873
331,8,4.5,1658816377
332,26,5.0,1264806010
332,88,5.0,1275337996
332,102,4.0,1293786530
332,170,3.5,1321715460
332,7,5.0,1337589095
332,32,5.0,1351403484
332,46,3.0,1355017856
332,17,5.0,1373459351
332,23,5.0,1392875609
332,68,3.5,1396756226
332,25,5.0,1402643727
332,231,4.5,1409008411
332,10,5.0,1484306073
332,95,2.5,1496005922
332,54,4.0,1504019738
332,200,2.0,1505314428
332,16,4.5,1505537782
332,279,1.5,1512148073
332,175,5.0,1513913581
332,302,4.0,1534630394
332,114,4.5,1541330776
332,22,4.0,1604722506
332,173,4.0,1611274480
332,280,4.0,1619760427
332,34,5.0,1648553999
332,36,5.0,1655249274
332,4,5.0,1655964263
333,4,4.5,1282588356
333,306,4.0,1283448266
333,54,3.5,1284628238
333,73,3.0,1292968688
333,86,4.5,1339203597
333,220,1.5,1367934312
333,12,2.5,1383706169
333,21,3.0,1396873278
333,70,3.5,1403758798
333,186,3.0,1404403588
333,96,3.5,1427302024
333,2,4.5,1427856527
333,24,3.0,1438074021
333,25,3.5,1438094983
333,165,3.0,1438780200
333,303,2.5,1444510367
333,65,4.0,1452769257
333,85,3.0,1459546094
333,284,3.5,1473160828
333,16,4.0,1480305562
333,301,3.5,1495714251
333,64,2.5,1502807374
333,95,3.5,1503033688
333,69,2.0,1505478854
333,274,4.0,1515583331
333,78,3.5,1525143797
333,19,4.5,1527735816
333,239,3.0,1536738767
333,15,5.0,1538226846
333,196,3.0,1539838109
333,276,3.5,1554843816
333,135,4.0,1561678502
333,31,4.5,1590224033
333,35,3.0,1627310830
333,77,3.5,1628553715
334,12,4.5,1288036378
334,111,5.0,1297266051
334,105,4.0,1305103391
334,80,1.0,1307789340
334,236,2.5,1340521354
334,137,4.0,1347662074
334,15,5.0,1351893285
334,4,5.0,1353892555
334,324,2.0,1356706422
334,152,2.5,1365666146
334,272,2.5,1367762982
334,2,5.0,1370477786
334,97,1.5,1398774109
334,214,4.0,1403868527
334,34,4.0,1417195862
334,92,0.5,1418920847
334,81,4.0,1441327112
334,19,4.5,1447245351
334,268,4.5,1451288492
334,336,1.0,1452664627
334,7,5.0,1460465575
334,295,1.0,1475687547
334,276,1.5,1488373622
334,40,3.0,1494434331
334,86,4.0,1548706898
334,1,5.0,1548832291
334,230,0.5,1557225890
334,26,5.0,1576136091
334,17,5.0,1608974550
334,197,1.5,1651088952
334,47,1.5,1654614261
335,135,3.5,1277628300
335,88,3.5,1278002463
335,161,2.0,1288301189
335,37,2.5,1360381840
335,330,3.5,1369224634
335,26,5.0,1418103786
335,72,3.0,1438229358
335,21,2.5,1468729029
335,154,0.5,1480442559
335,1,5.0,1551869089
335,152,3.5,1622725632
335,76,5.0,1637668891
335,177,4.5,1643321129
335,158,4.5,1654454538
335,165,3.5,1654814659
336,33,3.5,1271890713
336,111,5.0,1281543378
336,177,5.0,1295111437
336,46,1.5,1308619483
336,218,2.0,1309026931
336,90,5.0,1312811908
336,55,3.0,1316999216
336,8,4.5,1324886957
336,152,3.5,1356846906
336,265,4.5,1382428564
336,4,5.0,1382886833
336,217,4.5,1389833609
336,66,4.0,1394367720
336,35,4.0,1395675405
336,25,5.0,1398338812
336,67,2.5,1409207914
336,246,3.0,1415643716
336,297,3.0,1436708569
336,251,3.5,1441175387
336,161,2.5,1446367569
336,133,3.0,1475326577
336,68,3.0,1487501670
336,11,4.0,1522053352
336,331,2.0,1522397665
336,167,1.5,1523520067
336,89,3.5,1528608705
336,301,3.0,1535040099
336,241,2.5,1546693158
336,27,4.0,1549374199
336,156,5.0,1570924980
336,70,4.5,1582963545
336,171,3.0,1586977903
336,194,1.5,1595306057
336,15,5.0,1598497379
336,305,5.0,1598846156
336,259,4.5,1599110938
336,102,3.0,1610407819
336,30,4.0,1628561472
336,2,5.0,1637855458
336,228,3.5,1651996822
336,44,2.0,1656698804
337,301,4.5,1262943117
337,321,4.0,1268273433
337,83,3.0,1271007841
337,57,5.0,1271844052
337,63,3.0,1274451973
337,239,3.0,1278076955
337,32,5.0,1282264784
337,44,3.5,1293902724
337,12,5.0,1310301333
337,85,2.5,1338881351
337,45,2.5,1346709568
337,59,4.5,1364038673
337,104,3.0,1371617117
337,129,4.0,1379546482
337,30,5.0,1380023163
337,219,2.5,1380832984
337,75,3.0,1389007322
337,243,1.5,1394943485
337,156,5.0,1397627244
337,2,4.5,1398424250
337,157,2.5,1413858569
337,320,2.0,1417902858
337,21,4.0,1424718011
337,322,5.0,1432583769
337,64,3.0,1440452334
337,1,4.5,1452223928
337,184,3.5,1466028884
337,34,5.0,1482231983
337,212,2.0,1495833941
337,97,2.0,1507184579
337,277,2.5,1512683181
337,132,2.0,1518906168
337,89,4.0,1519473311
337,256,3.5,1534775215
337,174,3.5,1536518522
337,330,2.5,1536932181
337,56,5.0,1542756000
337,36,5.0,1550211836
337,14,5.0,1561649008
337,303,3.0,1562634666
337,7,4.0,1574002894
337,61,3.5,1578228379
337,17,4.0,1579958842
337,206,1.5,1581409112
337,26,5.0,1591147920
337,88,4.5,1591812733
337,300,4.5,1592115410
337,177,5.0,1595545546
337,323,3.5,1598107901
337,48,4.0,1601630314
337,165,5.0,1610268136
337,76,3.0,1611738994
337,311,3.5,1648363644
337,257,2.5,1661930429
338,59,4.0,1289682211
338,300,3.5,1308820585
338,26,4.0,1309016800
338,43,3.5,1324444806
338,95,3.5,1365289026
338,55,2.5,1390480643
338,40,5.0,1400973539
338,323,3.0,1411383089
338,23,3.0,1435833189
338,38,2.5,1447255851
338,70,3.0,1450865803
338,161,3.0,1525120244
338,47,4.0,1530902777
338,174,2.0,1565258823
338,36,4.0,1606235203
338,33,2.5,1609185182
338,301,3.5,1609545644
338,132,1.5,1623067947
338,9,4.0,1633918371
338,68,3.0,1643157804
338,6,2.0,1648987076
339,94,4.5,1270371732
339,59,3.5,1348744382
339,174,4.0,1364527591
339,107,3.5,1367173450
339,218,1.5,1401002240
339,36,4.0,1412522744
339,200,2.0,1414127226
339,311,4.0,1431891566
339,57,4.0,1434364033
339,34,4.5,1436278375
339,202,2.5,1443671051
339,74,3.5,1485480121
339,234,3.0,1486545478
339,17,5.0,1516166248
339,65,2.0,1526993491
339,291,3.5,1547313391
339,51,4.0,1563780964
339,40,5.0,1565995418
339,239,3.5,1570849805
339,14,4.0,1646935906
340,8,3.0,1295501788
340,11,3.0,1310973606
340,34,4.5,1334184467
340,196,2.0,1335774491
340,209,2.0,1338262992
340,275,1.0,1345638624
340,171,3.0,1375485723
340,105,5.0,1394247710
340,86,3.5,1398160806
340,222,2.5,1404925609
340,247,3.0,1423625224
340,236,1.0,1430188595
340,300,2.5,1435233003
340,41,1.5,1438956662
340,63,2.0,1462588637
340,25,3.5,1470216557
340,27,5.0,1477269924
340,31,4.0,1482442355
340,239,2.5,1496107955
340,21,3.0,1498988674
340,323,2.0,1512808724
340,47,2.0,1522884627
340,173,2.5,1531510418
340,1,4.0,1553871389
340,153,0.5,1568100192
340,213,4.5,1579313421
340,36,3.0,1579517282
340,214,5.0,1602549514
340,202,1.5,1603664358
340,61,1.5,1610061571
340,44,2.5,1621110409
340,117,5.0,1621706250
340,110,3.5,1634114674
340,130,3.0,1636062019
340,244,1.5,1654140887
341,8,4.0,1263143121
341,37,4.0,1268970059
341,16,5.0,1275388502
341,39,5.0,1286145427
341,123,5.0,1298227429
341,30,4.5,1300064575
341,15,5.0,1304705701
341,122,5.0,1304785882
341,214,4.0,1305109975
341,5,5.0,1314431756
341,211,1.0,1316409661
341,24,4.5,1336985730
341,19,5.0,1337438585
341,282,2.0,1347982529
341,7,4.5,1352789102
341,212,1.0,1370011448
341,137,4.0,1392886114
341,22,3.5,1402352276
341,301,1.5,1404242852
341,147,5.0,1412299510
341,18,4.5,1423279998
341,92,1.5,1427598842
341,264,5.0,1429169670
341,174,4.5,1438881788
341,294,0.5,1452240528
341,49,2.0,1460391696
341,300,2.0,1469489795
341,44,2.5,1473720171
341,86,4.0,1475992594
341,103,2.0,1485771363
341,53,2.0,1509996205
341,197,3.0,1530833057
341,322,2.0,1552605241
341,330,4.5,1554102458
341,33,4.5,1566418237
341,309,4.0,1575325469
341,218,2.0,1576730334
341,101,3.0,1577150197
341,3,5.0,1607312688
341,175,2.5,1608169248
341,78,5.0,1620428301
341,124,5.0,1623224228
341,21,4.5,1630762131
341,35,3.5,1634301967
341,2,5.0,1654942589
341,291,2.0,1659463435
342,165,3.0,1274242946
342,236,1.5,1299436242
342,5,3.5,1323943034
342,11,5.0,1326494010
342,142,3.0,1330751912
342,50,5.0,1346354264
342,313,3.0,1350089526
342,57,3.5,1359801137
342,156,2.5,1365195742
342,89,3.0,1403808758
342,25,2.5,1405409801
342,189,3.0,1412740280
342,105,3.5,1413166769
342,32,3.5,1418225204
342,244,3.5,1423688826
342,303,0.5,1426136791
342,97,3.0,1427706180
342,178,4.0,1431825385
342,42,5.0,1440958228
342,8,4.5,1450116534
342,77,2.0,1472194944
342,19,4.5,1478646862
342,301,4.5,1481435750
342,61,1.5,1513940714
342,200,2.0,1530049362
342,95,2.5,1555851685
342,22,3.0,1559115194
342,172,3.0,1560892854
342,73,1.0,1567962468
342,234,2.5,1568862649
342,17,3.0,1573204003
342,9,4.0,1573565034
342,304,0.5,1574126668
342,74,2.5,1574415269
342,38,5.0,1579233552
342,247,4.0,1586878000
342,45,4.5,1587845392
342,30,4.5,1590593491
342,274,3.0,1596942551
342,6,4.5,1598549167
342,183,1.5,1608197412
342,56,3.5,1614754617
342,88,3.5,1615109214
342,94,3.0,1619679413
342,55,2.0,1620128149
342,13,4.0,1620696970
342,33,3.5,1626442257
342,18,4.0,1629944254
342,246,2.5,1640080176
342,291,2.0,1640556963
342,40,5.0,1644028783
342,239,3.5,1649882486
343,105,4.5,1270178293
343,40,3.5,1275004129
343,71,2.0,1308957973
343,214,3.5,1310886738
343,211,0.5,1311916887
343,165,2.5,1318789169
343,44,2.0,1336657628
343,213,2.5,1343881367
343,244,2.5,1351410498
343,314,2.0,1362871503
343,77,0.5,1368046666
343,181,1.5,1396056407
343,166,1.5,1404049544
343,192,2.5,1405145202
343,59,1.5,1425652067
343,134,3.5,1429716134
343,102,2.5,1456786175
343,31,3.5,1499248546
343,327,3.0,1511933682
343,72,3.0,1522798184
343,5,4.0,1538354691
343,11,5.0,1541282030
343,76,2.5,1550361169
343,300,2.5,1569100147
343,291,2.0,1569958823
343,90,2.0,1575594699
343,115,4.5,1584842884
343,18,3.5,1587822745
343,152,1.5,1593758064
343,64,1.0,1596950154
343,311,1.5,1604261975
343,15,4.0,1609843464
343,155,2.0,1611935961
343,345,4.0,1624974496
343,56,2.5,1630544494
343,197,3.0,1632062619
343,70,3.5,1643275766
343,127,4.0,1651308108
344,129,5.0,1314970436
344,95,4.5,1337209676
344,9,4.5,1340133019
344,50,4.5,1341738257
344,281,4.5,1349785904
344,188,4.0,1364991682
344,275,2.5,1382195911
344,54,5.0,1385210279
344,311,3.5,1386132526
344,204,1.0,1387686466
344,8,5.0,1389403218
344,16,3.5,1392546126
344,99,4.0,1394346081
344,70,4.5,1398282014
344,11,5.0,1401814476
344,241,2.5,1406501659
344,36,4.5,1418807949
344,72,3.0,1463477672
344,141,0.5,1479106313
344,187,1.5,1543559862
344,44,3.0,1584689215
344,78,3.0,1617149305
344,59,2.0,1636997887
344,15,5.0,1641413413
345,116,5.0,1264889834
345,97,1.0,1275507530
345,93,4.0,1284148873
345,126,2.5,1289794393
345,300,2.5,1302089585
345,166,4.0,1310610239
345,277,2.0,1312669654
345,303,2.0,1316556536
345,196,1.5,1346712468
345,60,2.0,1364869589
345,165,3.5,1381071156
345,81,3.5,1396141718
345,105,5.0,1399825999
345,217,2.5,1405428979
345,304,0.5,1423798059
345,36,3.5,1431875822
345,7,4.0,1437702315
345,214,4.0,1455406783
345,61,2.5,1461085395
345,98,2.5,1466205042
345,33,5.0,1468916448
345,136,3.5,1485976752
345,187,2.5,1495899865
345,5,4.0,1502006827
345,177,5.0,1514409259
345,232,4.5,1530148290
345,124,5.0,1538113588
345,1,4.5,1543971197
345,94,3.0,1552779632
345,220,2.5,1554250938
345,63,2.0,1558171386
345,188,2.5,1575259776
345,301,3.0,1580014904
345,14,5.0,1596925844
345,10,4.0,1621604773
345,44,2.5,1623647413
345,64,1.0,1626175634
345,237,3.0,1629442658
345,13,3.5,1630315381
345,35,5.0,1647296065
345,99,3.5,1648739719
345,15,4.5,1650451911
345,18,4.5,1650714861
346,151,5.0,1276795714
346,87,4.0,1307895035
346,83,5.0,1310620215
346,134,4.5,1318251220
346,10,4.0,1323159069
346,280,4.0,1332844166
346,136,5.0,1352976648
346,196,3.0,1353591442
346,311,3.5,1365548201
346,125,2.5,1388112324
346,8,4.5,1407326608
346,292,2.5,1436685100
346,7,5.0,1438923382
346,120,3.5,1444997331
346,3,5.0,1451945393
346,86,5.0,1459255890
346,305,5.0,1459461717
346,114,4.0,1465232504
346,159,2.0,1470919145
346,199,1.5,1480423098
346,213,2.5,1482477448
346,152,3.5,1507134291
346,135,4.5,1519663607
346,338,0.5,1587995240
346,323,4.5,1592593625
346,313,5.0,1594750882
346,45,3.0,1617752733
346,17,5.0,1627776626
346,240,3.0,1640339351
346,74,5.0,1645224737
346,165,4.0,1651885239
347,331,1.5,1299264183
347,94,3.0,1308968073
347,247,4.5,1320206629
347,12,3.0,1324381760
347,88,2.5,1335803012
347,53,2.5,1354707865
347,128,3.5,1362276270
347,311,3.0,1367065737
347,47,3.0,1521368153
347,198,0.5,1557021596
347,92,1.5,1583849977
347,33,3.5,1633676981
348,304,0.5,1271113253
348,68,2.5,1275459972
348,285,1.0,1278782878
348,277,2.5,1279902264
348,24,3.0,1289682324
348,33,5.0,1299787916
348,37,4.0,1309348091
348,11,3.5,1314452664
348,301,4.5,1322579688
348,167,2.5,1352704550
348,22,4.5,1373538361
348,195,0.5,1374465318
348,297,3.5,1387524968
348,48,3.5,1388130291
348,1,3.5,1391271157
348,62,2.0,1397248473
348,321,4.0,1415221781
348,59,3.5,1416256560
348,7,3.5,1423858377
348,8,4.5,1424963478
348,57,4.0,1449977069
348,27,3.5,1459118517
348,117,2.0,1461089861
348,30,3.5,1479218875
348,72,2.0,1479681180
348,64,3.5,1494544247
348,16,2.5,1511190241
348,187,3.5,1517627875
348,88,3.5,1546106704
348,179,2.5,1557911847
348,34,5.0,1582785517
348,209,2.0,1590040912
348,10,5.0,1611934760
348,31,4.0,1613330208
348,66,2.5,1614685282
348,248,2.5,1650778128
349,8,4.0,1300901608
349,18,4.0,1302624877
349,6,4.0,1358937866
349,36,5.0,1359706559
349,82,2.0,1408422316
349,11,4.5,1411699400
349,48,3.5,1473601310
349,56,3.0,1492990641
349,37,5.0,1496034945
349,44,3.0,1517564264
349,100,3.5,1543730447
349,9,5.0,1552423651
349,134,2.0,1591403071
349,1,5.0,1620642966
349,338,1.5,1626247823
349,135,2.5,1643642706
349,291,1.5,1656741837
350,1,3.5,1269626960
350,79,2.5,1281470244
350,96,3.0,1283894625
350,106,2.5,1302640610
350,4,4.0,1317819363
350,8,5.0,1339205111
350,300,5.0,1341544680
350,44,5.0,1378335558
350,9,5.0,1385526694
350,330,2.5,1421523997
350,10,5.0,1435505369
350,55,5.0,1437620750
350,60,5.0,1439043998
350,58,5.0,1442683119
350,186,5.0,1455403570
350,302,5.0,1525759841
350,237,5.0,1527428940
350,43,4.5,1544486411
350,62,3.0,1571233789
350,218,3.0,1578019363
350,209,3.0,1609833275
350,151,3.0,1612077406
350,23,4.0,1634163289
350,50,4.5,1644824971
350,129,3.5,1652141962
350,321,5.0,1658448457
351,171,4.5,1270607532
351,55,2.0,1273130736
351,326,2.5,1274205623
351,33,3.0,1274463643
351,177,5.0,1276208593
351,94,3.5,1277532302
351,24,4.5,1279539192
351,136,5.0,1284552372
351,323,5.0,1292075619
351,175,5.0,1305594954
351,63,3.5,1318089095
351,1,5.0,1321644047
351,247,2.0,1322082602
351,9,4.0,1327619194
351,205,1.5,1340755673
351,56,3.0,1347252750
351,234,5.0,1357300532
351,181,5.0,1364728162
351,310,2.5,1365012340
351,49,0.5,1379998498
351,303,2.0,1392251886
351,62,5.0,1395308055
351,18,4.5,1401459317
351,224,3.0,1407938899
351,23,5.0,1408587496
351,12,5.0,1411282439
351,186,2.0,1416105524
351,89,5.0,1434798905
351,50,3.0,1436878874
351,100,5.0,1444344136
351,214,4.0,1445650350
351,74,5.0,1447335167
351,114,5.0,1450199965
351,3,5.0,1457581933
351,104,5.0,1480231222
351,160,2.0,1485832112
351,73,3.0,1495787177
351,105,3.5,1498788495
351,70,5.0,1499369186
351,216,2.5,1520597742
351,38,1.5,1525327190
351,106,5.0,1525582918
351,135,5.0,1532122195
351,161,5.0,1540285110
351,147,5.0,1541847191
351,169,3.0,1544374494
351,34,3.5,1553403786
351,5,4.5,1554909990
351,46,2.0,1557122177
351,86,5.0,1560372424
351,237,2.0,1581940158
351,217,4.5,1584339313
351,159,3.0,1587860789
351,20,5.0,1601671656
351,231,4.5,1614489797
351,324,4.0,1624892131
351,7,5.0,1647588693
352,196,4.5,1277902369
352,165,5.0,1289253655
352,56,5.0,1292615158
352,278,1.0,1325617113
352,190,4.0,1339461800
352,1,3.5,1340933836
352,328,3.0,1346975131
352,129,2.5,1352708007
352,322,5.0,1356574470
352,11,3.5,1375288912
352,88,4.0,1395716962
352,136,3.0,1405993306
352,55,5.0,1425526561
352,93,3.5,1442600058
352,40,5.0,1452284285
352,10,5.0,1453085379
352,12,5.0,1461490067
352,48,5.0,1466441294
352,276,2.5,1512082476
352,14,5.0,1515382016
352,128,2.0,1536855499
352,111,1.0,1549437822
352,36,5.0,1553093227
352,237,4.0,1561889887
352,293,3.0,1571156498
352,236,2.0,1589115302
352,27,3.0,1595643124
352,302,5.0,1627963258
352,49,5.0,1643042427
352,59,5.0,1662049560
353,197,4.0,1282289234
353,91,3.0,1284892157
353,27,3.0,1287519120
353,174,4.0,1306109672
353,237,1.5,1309528451
353,194,2.5,1322519641
353,130,4.5,1343773986
353,65,3.0,1359651634
353,8,3.5,1372867786
353,212,2.0,1381098970
353,62,4.5,1406580023
353,28,2.0,1413050246
353,6,5.0,1416486090
353,275,3.0,1429284298
353,4,3.5,1492468321
353,241,3.5,1497199321
353,128,4.0,1500354991
353,19,5.0,1508150883
353,320,3.5,1533458697
353,323,2.0,1533671789
353,54,3.0,1538503825
353,335,2.5,1558759234
353,96,3.5,1559322723
353,25,3.0,1561708125
353,74,4.0,1568728804
353,330,4.5,1569374642
353,253,5.0,1576254160
353,40,5.0,1579057888
353,36,4.0,1601987490
353,236,4.5,1630026801
353,273,2.5,1641846729
353,73,4.0,1655895489
354,129,2.0,1265978733
354,105,3.5,1278526895
354,59,3.5,1287032246
354,81,2.5,1291745421
354,24,4.0,1293339875
354,183,2.5,1326141398
354,136,4.0,1326882767
354,177,3.5,1350215989
354,90,3.5,1352840592
354,26,4.0,1357614718
354,282,0.5,1358469316
354,49,3.5,1358724761
354,128,2.5,1372180280
354,237,3.5,1377151386
354,19,5.0,1391150781
354,10,4.5,1395254935
354,54,5.0,1407068550
354,324,2.0,1416510093
354,102,3.5,1418391946
354,122,1.0,1419237407
354,33,4.5,1426301341
354,13,3.0,1427940036
354,74,3.0,1440801788
354,329,2.5,1446252481
354,43,4.0,1460505723
354,34,5.0,1464406171
354,18,5.0,1468960111
354,197,2.0,1472148783
354,28,3.5,1490155315
354,344,0.5,1492912787
354,131,3.0,1497658693
354,58,4.5,1506502926
354,66,3.0,1507043073
354,40,5.0,1522544750
354,36,5.0,1526243044
354,22,4.0,1538277235
354,302,5.0,1572074505
354,73,1.0,1572337568
354,1,3.5,1600075232
354,126,2.0,1604051751
354,75,1.5,1608846282
354,301,4.5,1616841592
354,14,5.0,1647014889
354,30,4.5,1657773162
354,56,5.0,1659970286
355,33,4.5,1266663903
355,31,4.5,1275689776
355,54,4.5,1288170613
355,160,3.0,1290740160
355,300,3.0,1301013103
355,190,3.5,1312537053
355,60,3.0,1332778953
355,188,2.0,1332803730
355,99,4.0,1343035662
355,296,3.5,1361804515
355,14,4.5,1369058479
355,85,3.0,1376745304
355,178,4.0,1377294562
355,104,3.0,1381328066
355,302,4.0,1381673138
355,307,4.0,1397795535
355,50,3.5,1400432597
355,36,5.0,1427184966
355,13,4.5,1427568731
355,48,3.0,1427918461
355,10,5.0,1438942143
355,47,2.5,1446942993
355,236,2.5,1449977773
355,201,2.0,1452293171
355,87,3.5,1471667411
355,21,4.0,1474972626
355,46,4.5,1488433955
355,121,4.0,1494177428
355,7,5.0,1511721541
355,323,3.5,1513473125
355,245,3.0,1539431581
355,1,5.0,1573660630
355,135,3.0,1589483583
355,84,2.5,1609195049
355,66,3.0,1609571382
355,163,3.0,1620991804
355,212,1.5,1627204400
355,237,4.0,1629366436
355,73,2.0,1636527136
356,89,4.5,1268973332
356,41,4.5,1270818991
356,67,5.0,1277022838
356,322,5.0,1279940669
356,131,5.0,1308994987
356,60,5.0,1316283951
356,57,5.0,1317528618
356,14,5.0,1344877173
356,46,5.0,1347050626
356,30,5.0,1354991086
356,297,4.5,1358290117
356,222,5.0,1361690131
356,186,3.5,1372583684
356,199,3.5,1374148868
356,302,5.0,1385483762
356,156,5.0,1420140392
356,36,5.0,1421144699
356,44,4.5,1428818426
356,305,4.0,1429211706
356,135,4.5,1446555027
356,24,5.0,1484504613
356,62,4.5,1501714372
356,6,4.5,1510277496
356,9,5.0,1512852269
356,18,5.0,1535417340
356,56,5.0,1541484436
356,32,5.0,1555906975
356,15,5.0,1569388762
356,38,5.0,1584979518
356,301,5.0,1595537786
356,8,5.0,1597785389
356,231,4.5,1601655642
356,61,4.5,1604549109
356,55,5.0,1620220543
356,68,5.0,1632413240
356,279,1.5,1633586064
356,196,5.0,1648599191
356,76,4.0,1654150992
356,98,2.0,1657282080
356,232,5.0,1660612553
357,86,5.0,1271288213
357,281,4.5,1278508036
357,206,2.5,1285877504
357,325,5.0,1295660416
357,196,3.5,1328334929
357,314,5.0,1342983474
357,197,2.5,1343244830
357,25,5.0,1343766959
357,132,3.0,1343899137
357,65,4.0,1348484180
357,9,4.0,1350711523
357,102,4.5,1357947650
357,114,4.0,1360410242
357,96,3.0,1368676514
357,23,5.0,1375085287
357,130,4.0,1378130474
357,236,4.0,1380150467
357,212,4.0,1396767066
357,17,5.0,1397546314
357,317,3.5,1399943995
357,52,1.5,1415925398
357,74,5.0,1427196856
357,20,5.0,1427849260
357,170,4.5,1437120622
357,99,5.0,1442196136
357,233,3.5,1468480797
357,134,5.0,1469071413
357,49,2.0,1479554645
357,323,5.0,1484133689
357,62,5.0,1492818047
357,100,4.5,1496424945
357,93,4.5,1497005472
357,1,5.0,1506724067
357,31,5.0,1526552249
357,148,2.0,1528780597
357,6,5.0,1529562498
357,11,5.0,1531942403
357,95,4.5,1536456211
357,12,5.0,1548766408
357,7,5.0,1557822372
357,64,4.5,1565080176
357,8,4.5,1580078148
357,68,4.5,1586814176
357,208,2.0,1590531913
357,142,3.5,1592132911
357,57,5.0,1601736053
357,67,5.0,1622241362
357,51,2.0,1624338969
357,56,4.5,1625108698
357,14,4.0,1637441969
357,27,4.0,1644549710
357,15,5.0,1645679265
357,91,5.0,1659044684
358,23,5.0,1287796679
358,43,2.5,1288250626
358,306,4.0,1299158761
358,60,1.5,1302159562
358,132,3.0,1306564385
358,58,2.0,1355790658
358,329,5.0,1421745901
358,70,5.0,1445459611
358,311,4.0,1449046629
358,40,3.5,1467126559
358,92,3.5,1471643678
358,29,4.0,1493832429
358,301,1.5,1502742939
358,64,4.5,1502834366
358,217,3.5,1504903158
358,161,3.0,1513748451
358,50,3.0,1517630889
358,330,5.0,1542876007
358,22,4.0,1604787575
358,302,2.5,1625496442
358,148,3.0,1629719873
359,32,5.0,1265642736
359,74,3.5,1276590527
359,1,5.0,1298883632
359,44,4.0,1304211057
359,302,5.0,1308066264
359,223,3.5,1310466792
359,48,5.0,1317370113
359,33,5.0,1324419555
359,274,2.0,1326667153
359,93,3.0,1352238863
359,70,2.5,1365366358
359,131,3.5,1376055528
359,38,4.0,1385442453
359,242,2.0,1391418531
359,36,5.0,1392255252
359,92,0.5,1397642273
359,42,4.5,1402218090
359,35,5.0,1404253590
359,12,5.0,1419815505
359,300,4.5,1473163538
359,81,4.5,1475007681
359,62,3.0,1492999462
359,56,5.0,1509836719
359,321,4.5,1510362534
359,55,4.5,1516496237
359,196,3.0,1553216945
359,60,3.5,1559738996
359,222,5.0,1564238667
359,324,2.0,1585877787
359,53,3.0,1590590336
359,183,3.5,1606489589
359,165,5.0,1618712951
359,83,2.0,1654711301
359,7,5.0,1658917650
360,328,3.5,1273875820
360,112,3.0,1274631381
360,311,1.5,1275462576
360,134,3.0,1287833691
360,272,2.0,1297115199
360,1,4.5,1298932413
360,198,1.5,1330656748
360,339,4.0,1334824717
360,236,3.0,1357565545
360,18,3.5,1385245426
360,177,3.5,1460992890
360,231,1.0,1472052500
360,20,1.5,1473254880
360,279,1.0,1526468377
360,158,2.0,1542035010
360,90,1.0,1560037773
360,68,1.5,1571938281
360,337,3.0,1576533250
360,126,3.0,1597132696
360,43,2.5,1600385842
360,103,0.5,1609409260
360,302,0.5,1609876302
360,66,2.0,1633703786
360,105,3.0,1639656633
360,64,0.5,1646534088
360,93,2.5,1651565690
361,259,3.5,1262805228
361,68,3.0,1274409862
361,236,2.5,1275811188
361,2,5.0,1288100931
361,55,2.5,1341475033
361,1,5.0,1343538259
361,13,5.0,1348852863
361,93,3.5,1365653834
361,281,3.0,1376818552
361,329,4.0,1384425691
361,311,4.0,1438384659
361,80,3.0,1439486705
361,237,2.5,1466897563
361,56,4.5,1484009163
361,217,4.0,1495935168
361,18,4.5,1501664763
361,86,4.5,1532868196
361,200,3.0,1548232767
361,30,5.0,1576835581
361,152,2.5,1601753302
361,301,4.0,1614551259
361,208,0.5,1615424964
361,339,4.5,1615823153
361,109,4.5,1633126133
361,132,3.0,1660357136
362,13,5.0,1269419376
362,334,3.5,1269436345
362,4,5.0,1280177044
362,3,5.0,1285457836
362,11,5.0,1296223185
362,57,5.0,1297738604
362,167,1.0,1313755861
362,313,5.0,1314692882
362,9,3.5,1339069634
362,111,5.0,1347261022
362,196,3.0,1348316082
362,257,5.0,1370547709
362,94,4.0,1383837938
362,236,3.5,1387789740
362,109,5.0,1388748947
362,302,3.5,1396423401
362,141,2.5,1401874893
362,134,5.0,1411121563
362,330,5.0,1418844148
362,87,5.0,1430121634
362,323,4.0,1440804813
362,312,4.5,1454290027
362,26,5.0,1458908172
362,301,3.0,1481603742
362,344,2.0,1485787283
362,19,5.0,1488157300
362,40,5.0,1501696096
362,224,2.0,1508655213
362,222,5.0,1514474286
362,293,2.0,1517082015
362,104,4.0,1522601429
362,49,2.0,1526474978
362,130,4.5,1544404335
362,82,5.0,1546839543
362,174,4.5,1548442217
362,152,3.5,1551174621
362,282,1.5,1552404413
362,34,3.0,1559467679
362,239,4.5,1570615141
362,6,5.0,1594342777
362,90,3.5,1602418541
362,56,4.5,1609734803
362,198,3.0,1616430849
362,151,4.0,1622953274
362,70,5.0,1644597979
362,18,5.0,1648492871
363,54,5.0,1283702558
363,5,3.0,1288007869
363,41,4.0,1322771231
363,25,4.5,1330108958
363,68,4.0,1333084137
363,27,4.5,1346205908
363,106,3.5,1350030092
363,135,4.0,1366260493
363,212,2.5,1369687517
363,4,5.0,1412940671
363,322,5.0,1435499443
363,98,2.5,1462765991
363,298,2.0,1466304877
363,65,4.0,1480778025
363,13,4.5,1531135057
363,324,2.0,1584471518
363,12,5.0,1584674254
363,220,2.5,1601341465
363,11,4.5,1604823012
363,1,5.0,1607631417
363,58,3.5,1626558706
363,9,5.0,1650963978
363,55,4.0,1657420568
364,23,2.5,1265131424
364,41,3.5,1314102728
364,324,0.5,1400772886
364,119,4.5,1429170581
364,163,0.5,1430220814
364,72,2.0,1468351582
364,75,2.5,1564711201
364,26,3.5,1565757571
364,214,3.5,1589642045
364,110,1.0,1593617424
364,99,4.5,1610022056
364,105,2.0,1612978990
364,45,2.0,1613507729
364,35,2.5,1635897484
364,30,5.0,1636680845
364,1,4.0,1645503740
364,147,3.0,1646965333
365,14,3.5,1295987141
365,33,4.0,1306773717
365,86,3.0,1308663313
365,159,1.5,1310991009
365,73,2.0,1313365154
365,24,2.5,1330139667
365,326,0.5,1435599569
365,5,4.5,1468937058
365,96,3.0,1542139933
365,13,2.5,1592118143
365,88,2.0,1608693938
365,108,3.0,1644962498
366,97,3.5,1264504561
366,165,3.0,1299357604
366,304,2.0,1326639373
366,26,4.0,1328022430
366,57,4.0,1348203698
366,32,4.0,1351296489
366,174,4.0,1364099804
366,317,3.0,1374719171
366,12,4.0,1382558745
366,56,3.5,1392309688
366,2,5.0,1392475848
366,47,3.5,1395382061
366,64,2.5,1408360315
366,169,2.5,1416458751
366,33,4.5,1431055659
366,55,2.5,1432231782
366,280,5.0,1453155232
366,14,4.5,1459305174
366,4,4.0,1463592453
366,7,5.0,1463786871
366,300,3.5,1472886207
366,76,3.5,1473002860
366,99,4.0,1475744384
366,51,3.0,1486333705
366,82,3.0,1486737739
366,135,3.0,1487449782
366,302,3.5,1498602512
366,277,2.5,1501762888
366,1,4.0,1503184627
366,125,4.0,1509549825
366,291,2.5,1519278864
366,30,4.5,1524977103
366,322,2.5,1542129440
366,74,4.0,1546809618
366,245,4.0,1557031401
366,220,3.0,1558027905
366,44,2.0,1565754500
366,330,2.0,1566474249
366,284,4.0,1582785360
366,108,3.0,1621166190
366,325,3.5,1623342301
366,113,3.5,1648990343
366,94,4.0,1654890697
366,183,4.0,1657486912
366,79,3.5,1661111872
367,236,4.0,1271766323
367,220,1.5,1274217872
367,291,3.0,1298736479
367,11,5.0,1324471443
367,135,5.0,1335871040
367,151,4.0,1348776603
367,41,3.0,1365323046
367,212,2.0,1393106320
367,92,3.0,1407373642
367,108,3.0,1413270291
367,223,2.0,1414170585
367,217,3.0,1420916244
367,14,3.5,1437895441
367,25,4.5,1456523978
367,33,3.5,1512147666
367,74,4.5,1521211233
367,140,2.0,1548323575
367,208,1.0,1554168947
367,256,4.5,1580852529
367,321,2.0,1635432098
368,81,2.0,1263516929
368,217,4.0,1267005429
368,302,3.5,1267818593
368,13,4.5,1278455358
368,45,5.0,1299701655
368,47,4.0,1315991889
368,126,3.0,1318747670
368,49,5.0,1321617261
368,50,5.0,1321722052
368,239,4.0,1328596917
368,303,0.5,1334025186
368,73,1.0,1347600430
368,99,5.0,1354052279
368,9,4.0,1377415150
368,32,5.0,1377812338
368,56,5.0,1400562838
368,200,3.0,1408920446
368,218,4.0,1412392041
368,3,5.0,1413691013
368,250,1.5,1425043985
368,278,2.0,1432799955
368,280,4.0,1433122690
368,15,4.0,1445780405
368,41,5.0,1454461456
368,42,5.0,1459084373
368,340,5.0,1471097689
368,106,2.5,1471186537
368,114,5.0,1487177284
368,119,5.0,1493646087
368,30,5.0,1506067388
368,35,4.0,1515604637
368,39,5.0,1527036101
368,277,4.0,1527145968
368,54,5.0,1530239904
368,231,3.0,1533009267
368,18,4.5,1533838709
368,2,4.5,1554710388
368,26,3.5,1560771425
368,80,1.5,1570993675
368,93,4.5,1577584139
368,37,5.0,1596869109
368,279,2.0,1615738460
368,58,2.5,1618952144
368,326,0.5,1619397606
368,301,4.0,1623009501
368,12,5.0,1628516107
368,123,5.0,1629870427
368,22,4.0,1646080503
368,17,4.0,1653804569
368,34,5.0,1654575830
369,9,5.0,1300220282
369,17,3.5,1300637959
369,329,3.0,1312122309
369,47,4.0,1313049701
369,37,4.5,1319651788
369,46,5.0,1337522948
369,86,3.5,1351990886
369,92,2.0,1391948418
369,25,4.0,1394321801
369,42,5.0,1404249713
369,311,3.5,1417512765
369,303,2.5,1421813858
369,43,4.5,1429657513
369,97,2.5,1435386004
369,234,1.5,1441020705
369,36,5.0,1443865021
369,127,3.5,1457278400
369,31,4.5,1464030918
369,99,4.0,1470797719
369,306,3.5,1473472580
369,153,2.0,1479162777
369,56,5.0,1487075529
369,24,4.5,1487464067
369,72,3.5,1504994831
369,58,3.5,1507689967
369,192,3.5,1515646134
369,34,5.0,1519365610
369,152,1.0,1526124863
369,1,4.0,1526750004
369,165,4.5,1540851631
369,13,3.5,1564650121
369,85,3.0,1569870852
369,252,2.0,1577304810
369,6,4.0,1581160139
369,63,2.0,1582528901
369,189,2.5,1594473732
369,305,2.5,1598477231
369,222,3.5,1598996127
369,126,3.5,1659817730
370,18,3.5,1271355277
370,311,5.0,1304574412
370,95,3.5,1335337652
370,14,4.0,1361038150
370,25,3.5,1388513463
370,61,4.0,1421143775
370,301,4.0,1430528330
370,7,2.5,1455912047
370,189,4.0,1503109010
370,58,4.5,1504611277
370,156,3.5,1504871740
370,315,4.5,1505776592
370,16,3.5,1508391489
370,42,4.5,1522921154
370,67,4.0,1550005614
370,54,3.5,1592490020
370,26,3.5,1600543035
370,85,3.5,1631935033
370,44,3.0,1636298644
370,196,5.0,1647198576
370,55,4.0,1652617259
371,34,5.0,1280562136
371,33,5.0,1288353748
371,237,4.0,1290761638
371,247,4.0,1298857633
371,165,5.0,1302939191
371,1,5.0,1304615738
371,327,2.5,1317218773
371,63,2.5,1332684557
371,252,2.5,1347407760
371,57,5.0,1353431036
371,158,3.5,1376355856
371,4,5.0,1376955823
371,41,3.5,1378617691
371,196,3.0,1380098325
371,256,3.5,1403067635
371,297,3.0,1414473197
371,147,4.5,1513544933
371,186,3.0,1524140133
371,181,1.5,1536746325
371,18,4.5,1548268060
371,65,3.0,1551101747
371,12,5.0,1564723435
371,64,4.5,1566738632
371,293,0.5,1580689876
371,117,3.5,1581742739
371,178,5.0,1582553461
371,126,4.0,1594177324
371,182,2.0,1605212356
371,192,3.0,1609789806
372,9,5.0,1264619096
372,18,5.0,1270337854
372,156,5.0,1272847584
372,10,5.0,1277998863
372,86,5.0,1304664435
372,130,3.5,1305047237
372,69,3.0,1313435581
372,103,1.5,1337864957
372,92,4.5,1339831435
372,214,3.0,1341044020
372,25,4.5,1351232718
372,129,3.5,1391504261
372,118,2.0,1391958905
372,57,5.0,1403093777
372,186,4.0,1404152452
372,42,5.0,1404850111
372,11,5.0,1404865798
372,272,5.0,1414564452
372,54,5.0,1435571569
372,36,5.0,1436688558
372,196,3.0,1443605276
372,15,5.0,1444498719
372,320,5.0,1453934925
372,24,4.5,1460670214
372,204,2.5,1467902796
372,321,5.0,1471900795
372,311,5.0,1474944174
372,14,4.0,1491738501
372,8,5.0,1491780719
372,44,5.0,1492213414
372,165,4.5,1496071759
372,310,3.0,1497794001
372,147,5.0,1501283818
372,102,3.0,1501800763
372,40,5.0,1503213048
372,329,3.0,1523487419
372,90,4.0,1524274992
372,34,4.5,1527842977
372,22,4.0,1533198345
372,245,3.5,1546796910
372,89,4.5,1547243913
372,323,3.5,1580592254
372,13,4.5,1581331016
372,35,3.5,1588368431
372,222,5.0,1591559978
372,73,2.0,1596569536
372,190,4.0,1601114662
372,181,2.5,1618491824
372,237,2.0,1629173739
372,19,5.0,1629183517
372,72,3.0,1645888488
372,128,2.0,1655714892
372,47,4.5,1656526017
373,75,2.5,1266738776
373,329,2.5,1278434982
373,85,1.5,1303931656
373,261,3.5,1306195607
373,165,1.5,1315496824
373,286,0.5,1320001106
373,31,2.0,1349913254
373,143,5.0,1360139190
373,263,4.5,1393203002
373,86,2.0,1395197682
373,13,3.0,1396702478
373,97,1.5,1402956670
373,99,4.0,1408495981
373,20,3.0,1420755911
373,43,0.5,1427113874
373,59,0.5,1432156275
373,3,4.5,1456440002
373,278,1.0,1472133008
373,11,4.0,1478302136
373,8,2.5,1489526621
373,94,2.0,1491502377
373,311,0.5,1555680804
373,177,4.0,1563495669
373,303,0.5,1571759158
373,330,2.5,1576232529
373,197,2.5,1580817793
373,4,3.5,1585079408
373,48,1.5,1590715853
373,130,4.0,1622313901
373,333,1.5,1637763273
373,103,0.5,1638671330
373,144,5.0,1642373800
374,304,1.5,1267888935
374,30,2.5,1276162285
374,4,5.0,1281470535
374,53,1.5,1285111160
374,108,1.5,1290624668
374,193,2.0,1301862500
374,1,4.5,1302914522
374,195,1.5,1313222633
374,50,3.5,1317865818
374,45,2.5,1326711030
374,165,4.0,1331012705
374,13,4.0,1346881703
374,56,4.5,1355881387
374,147,4.0,1378311115
374,236,3.0,1388867933
374,174,2.5,1408947126
374,68,3.5,1413065036
374,28,2.5,1413423898
374,9,3.5,1457153883
374,290,0.5,1458673997
374,97,4.0,1496034229
374,92,2.0,1496369829
374,78,4.0,1498768097
374,3,3.5,1509749735
374,62,4.5,1513109282
374,187,2.0,1515930530
374,191,2.5,1533341227
374,136,4.0,1550169252
374,212,1.0,1560444036
374,243,2.0,1584645371
374,33,2.5,1599589174
374,311,4.5,1610428828
374,11,5.0,1621316027
374,25,4.0,1632167484
374,95,3.5,1633700314
375,321,2.5,1269193243
375,26,3.5,1270622055
375,97,2.5,1274070612
375,50,5.0,1342216707
375,24,4.0,1364090818
375,19,5.0,1399761827
375,213,1.5,1426535563
375,1,5.0,1436757879
375,189,3.5,1446388892
375,196,2.5,1468039336
375,107,3.5,1497308609
375,105,3.5,1513413422
375,15,4.5,1557984432
375,47,4.0,1576735127
375,2,4.5,1580072713
375,283,3.0,1588883181
375,163,2.0,1599846710
375,147,4.5,1609411107
375,237,1.0,1616193374
376,10,3.0,1290289257
376,34,5.0,1293591048
376,53,3.0,1304569971
376,83,4.0,1308525800
376,98,3.5,1327620297
376,239,3.5,1335976302
376,67,2.0,1370938162
376,60,1.0,1373339567
376,89,3.5,1381271178
376,169,3.0,1382061141
376,219,4.5,1384057422
376,249,5.0,1385279157
376,196,2.5,1388503086
376,5,5.0,1389511641
376,59,3.0,1396494519
376,313,3.5,1398710895
376,2,5.0,1415546862
376,50,4.0,1421465475
376,321,2.5,1422665458
376,30,5.0,1436184746
376,338,5.0,1440123481
376,278,3.0,1441988289
376,288,2.5,1442558281
376,297,3.0,1443825879
376,270,4.5,1457226733
376,245,4.5,1458239387
376,237,1.5,1458821645
376,312,3.0,1476245298
376,91,3.5,1482212425
376,107,5.0,1487774339
376,197,3.0,1488579494
376,151,2.0,1500264816
376,129,3.5,1532549523
376,14,4.5,1554189701
376,234,3.0,1557153104
376,93,4.0,1559153273
376,248,5.0,1590041635
376,127,3.0,1591028254
376,11,4.5,1598358018
376,36,4.0,1611205223
376,306,3.0,1612337739
376,130,4.0,1612856879
376,299,2.0,1617280146
376,26,3.5,1618952283
376,97,2.0,1619980518
376,110,4.0,1634552141
376,333,1.0,1643805076
376,339,5.0,1645983768
376,1,4.5,1650919315
376,327,2.5,1650971455
377,314,3.5,1263372231
377,54,5.0,1266715546
377,22,4.5,1271320092
377,322,5.0,1283596476
377,9,5.0,1287516055
377,302,5.0,1293527752
377,68,4.5,1294207827
377,18,5.0,1324394846
377,49,4.5,1329993569
377,165,5.0,1347837347
377,291,4.0,1351009672
377,65,5.0,1356060983
377,57,5.0,1359177721
377,48,5.0,1396533980
377,81,3.5,1416060379
377,239,5.0,1427855968
377,62,4.0,1442004523
377,12,5.0,1446828926
377,19,5.0,1455932196
377,10,5.0,1469558569
377,227,3.0,1484739895
377,185,1.5,1492311283
377,196,4.0,1512081776
377,43,5.0,1541232974
377,94,5.0,1555864433
377,44,5.0,1559538611
377,56,5.0,1567148312
377,29,4.0,1577104482
377,301,5.0,1603995651
377,153,2.0,1646192112
377,7,5.0,1648128956
378,283,3.0,1273086367
378,291,4.5,1336514725
378,47,4.0,1343539618
378,196,1.5,1433633935
378,48,3.0,1453733694
378,86,4.5,1481969414
378,52,3.5,1491563606
378,55,1.5,1509058026
378,327,3.5,1520953844
378,98,2.5,1521144714
378,18,3.5,1527165458
378,222,3.5,1527857936
378,19,5.0,1538743547
378,287,2.5,1548198572
378,40,4.5,1601433252
378,17,3.0,1624086186
378,200,2.0,1653325666
379,42,4.0,1263127159
379,198,1.0,1267739868
379,161,2.0,1280475383
379,18,4.0,1280919251
379,232,2.5,1281287507
379,195,1.0,1291705094
379,220,1.5,1295795988
379,333,3.0,1299585021
379,127,4.0,1357440951
379,131,3.0,1358906606
379,301,3.5,1374550010
379,32,3.5,1375927873
379,147,5.0,1378043457
379,21,3.0,1395392305
379,165,2.5,1408102584
379,39,4.5,1413378133
379,31,4.0,1434678235
379,23,5.0,1437268367
379,167,1.0,1465044857
379,25,4.5,1468569695
379,56,2.5,1469968552
379,66,3.5,1472350208
379,2,5.0,1481097013
379,87,3.5,1524535437
379,136,3.5,1529944590
379,57,3.0,1563560489
379,99,5.0,1574151301
379,201,2.5,1583659607
379,130,3.5,1591223291
379,327,3.5,1605709184
379,177,5.0,1607179847
379,36,3.0,1608280261
379,11,4.5,1618741209
379,1,5.0,1625391387
379,91,5.0,1633402098
379,96,2.5,1633973622
379,65,3.0,1643633441
379,178,4.0,1646302962
379,33,3.5,1656107067
380,237,2.5,1270150574
380,2,4.5,1310427504
380,112,4.0,1327944804
380,54,4.0,1340950176
380,147,3.0,1341055870
380,7,4.0,1347359202
380,174,3.0,1349067332
380,12,3.5,1354156781
380,129,1.0,1369573901
380,201,2.5,1375572059
380,244,2.5,1387937638
380,37,3.0,1392358114
380,62,3.0,1414254549
380,23,3.0,1419875621
380,35,4.5,1422707749
380,26,3.0,1433448750
380,27,4.0,1439469438
380,177,4.5,1451325132
380,1,4.5,1463001775
380,4,3.5,1467029350
380,21,3.0,1482692831
380,17,4.5,1508304842
380,303,2.5,1514583896
380,8,4.5,1527025547
380,56,4.0,1532568344
380,28,3.5,1546072955
380,19,3.0,1554854229
380,60,2.0,1560038126
380,162,0.5,1584052020
380,59,3.0,1602288518
380,18,4.5,1609572584
380,153,0.5,1614267275
380,68,3.0,1624402233
380,130,3.0,1625219992
380,258,1.5,1629822032
380,57,3.5,1632826159
380,109,3.0,1633488164
380,143,4.5,1635413093
380,310,1.0,1643068912
380,317,0.5,1646045939
381,231,3.5,1264558261
381,104,5.0,1294583597
381,217,5.0,1321024931
381,112,5.0,1365124805
381,83,5.0,1394163849
381,67,3.0,1396584419
381,14,3.5,1418427092
381,4,4.5,1427538925
381,125,5.0,1459766448
381,27,5.0,1493719814
381,188,1.5,1499149715
381,12,4.5,1516514733
381,207,2.0,1528538477
381,189,2.5,1539028760
381,303,1.5,1555107542
381,186,2.0,1559120600
381,57,3.5,1614513085
381,281,1.5,1617689790
382,245,2.0,1307124961
382,9,4.0,1316795542
382,300,3.5,1331803999
382,73,2.5,1336282275
382,314,4.0,1339442692
382,92,4.0,1351687137
382,88,4.5,1358422404
382,149,2.5,1361037941
382,43,4.5,1371406090
382,239,5.0,1371509696
382,194,3.5,1380005170
382,236,3.0,1393371270
382,190,4.0,1403426899
382,87,4.0,1407654563
382,153,1.0,1414622442
382,49,4.0,1421497519
382,23,3.5,1448281644
382,132,3.5,1464905555
382,48,4.0,1465106515
382,85,5.0,1468560085
382,192,3.5,1502472924
382,12,4.0,1512507467
382,42,5.0,1530784062
382,38,2.5,1532943470
382,56,4.5,1533849235
382,279,3.0,1541950865
382,223,3.0,1542584010
382,19,5.0,1543626031
382,34,2.0,1553381059
382,151,3.5,1554494297
382,55,2.5,1575437304
382,302,4.5,1586796578
382,10,4.0,1589956577
382,322,4.0,1595078335
382,303,1.5,1596564311
382,60,2.5,1609900726
382,97,5.0,1618529525
382,11,5.0,1618677076
382,46,4.5,1660549124
382,315,3.0,1661050112
383,57,5.0,1273074043
383,196,2.5,1282678633
383,53,4.5,1304711445
383,2,5.0,1440982690
383,15,5.0,1456960955
383,20,3.5,1523223123
383,301,5.0,1529489688
383,88,4.5,1542111938
383,42,5.0,1635997064
383,21,4.5,1637236792
383,239,4.5,1647609411
383,43,5.0,1647726080
383,9,5.0,1648200817
384,304,1.0,1268475802
384,11,5.0,1270360933
384,248,3.5,1280555463
384,313,2.5,1280900584
384,105,4.5,1292600641
384,93,3.0,1300944104
384,144,5.0,1302933440
384,69,0.5,1310506820
384,1,5.0,1315394655
384,21,3.5,1315494259
384,236,2.5,1329872079
384,235,0.5,1332118025
384,193,4.0,1334253545
384,34,4.0,1343566520
384,224,0.5,1347665632
384,32,4.0,1361711655
384,27,4.0,1384781456
384,37,4.5,1426956911
384,22,3.5,1430836365
384,50,5.0,1495033703
384,328,3.0,1496459586
384,15,4.0,1546033761
384,239,2.0,1562801098
384,57,3.0,1587054300
384,214,3.5,1593204943
384,26,4.0,1606253228
384,81,3.0,1611895084
384,143,5.0,1612476078
384,179,3.0,1618854783
384,68,2.0,1620163313
384,12,3.5,1633730813
384,5,5.0,1653479233
384,16,5.0,1655361550
385,10,5.0,1270974216
385,56,3.5,1272876340
385,270,3.0,1367876684
385,11,5.0,1378885838
385,1,5.0,1413983902
385,99,5.0,1434287414
385,157,5.0,1502715899
385,50,4.5,1546856509
385,290,4.0,1592242286
385,131,3.5,1607832969
386,21,3.5,1267250838
386,322,4.0,1268904465
386,56,4.5,1269469369
386,75,3.0,1273160854
386,302,3.5,1307269928
386,106,5.0,1360028633
386,34,5.0,1425058502
386,253,4.5,1475205629
386,65,4.0,1511846029
386,165,4.0,1553837347
386,136,3.0,1562326430
386,10,4.0,1571397308
386,15,4.5,1601118531
386,193,5.0,1631899940
386,3,5.0,1656507732
387,147,3.0,1291365421
387,321,2.5,1360380908
387,14,3.0,1367352730
387,15,4.0,1378106654
387,315,2.0,1399751557
387,48,3.0,1410740948
387,89,3.5,1435699633
387,191,2.0,1496729457
387,105,5.0,1496951433
387,32,4.5,1515205969
387,55,3.0,1524301421
387,97,1.5,1532866265
387,274,3.0,1660426629
388,187,3.0,1274534142
388,194,1.5,1298361489
388,14,4.0,1312925150
388,313,2.5,1321010210
388,209,4.0,1321826901
388,85,3.0,1344351538
388,62,3.5,1345954143
388,168,2.0,1363096039
388,154,2.5,1364113071
388,327,4.5,1374742039
388,56,4.5,1376083984
388,19,5.0,1380009001
388,305,4.0,1381967147
388,237,2.5,1390301377
388,158,2.5,1392731784
388,33,3.5,1394750062
388,321,3.0,1450871737
388,59,3.0,1472256846
388,90,3.5,1474144382
388,311,3.5,1486013952
388,331,2.5,1491097391
388,17,5.0,1491232817
388,312,2.5,1497741524
388,79,1.5,1501288109
388,224,2.5,1505083040
388,196,2.5,1505111787
388,291,5.0,1520708794
388,220,3.0,1524270279
388,86,5.0,1546851659
388,300,2.5,1552854030
388,60,2.5,1559942469
388,39,4.0,1562118973
388,21,4.0,1578388161
388,9,4.0,1583758211
388,68,4.5,1586014072
388,204,5.0,1602091736
388,82,3.0,1604881109
388,322,3.5,1617173239
388,27,5.0,1630853754
388,7,5.0,1659877780
389,46,4.5,1268566232
389,57,5.0,1303661421
389,34,4.5,1348425712
389,82,3.0,1353814003
389,321,4.0,1359352076
389,61,4.0,1367652157
389,60,2.5,1376442189
389,1,5.0,1392630458
389,22,5.0,1397482050
389,279,4.0,1427906760
389,4,5.0,1441944985
389,180,3.0,1444419071
389,86,4.5,1447051456
389,50,5.0,1451883056
389,6,5.0,1469848899
389,70,3.5,1470511624
389,98,5.0,1472100161
389,224,2.0,1512650993
389,13,5.0,1524733967
389,24,5.0,1544573349
389,92,3.5,1576246019
389,53,3.0,1599559276
389,11,5.0,1611473657
389,322,4.0,1626330379
389,113,2.0,1634407657
389,174,4.0,1634849886
389,67,3.5,1649654762
389,326,2.5,1654441662
389,17,3.5,1657897700
390,45,3.0,1289183503
390,108,2.5,1293287256
390,274,3.0,1307168605
390,327,3.5,1320774772
390,71,2.5,1334442388
390,331,3.0,1337297198
390,57,3.5,1338856745
390,49,1.5,1352029771
390,114,4.0,1372538641
390,30,3.0,1376019567
390,94,3.5,1387209522
390,231,3.5,1389797884
390,56,3.0,1391396209
390,74,3.0,1392299800
390,116,4.5,1392764948
390,18,4.0,1402219420
390,109,3.5,1404831257
390,20,2.5,1415870039
390,81,3.5,1448911795
390,9,4.0,1458433435
390,157,2.0,1477663299
390,63,2.0,1480400029
390,341,5.0,1515422206
390,88,2.5,1522826462
390,127,4.0,1524325665
390,300,2.0,1537837878
390,61,2.0,1598993661
390,229,2.0,1613104021
390,105,2.5,1631137537
390,19,3.5,1656016929
391,11,5.0,1265324695
391,21,4.5,1275295794
391,26,5.0,1291743282
391,32,4.0,1314724868
391,8,5.0,1324515788
391,1,5.0,1331293647
391,305,5.0,1340578437
391,159,1.0,1361349425
391,37,5.0,1366448710
391,201,1.0,1390677205
391,189,3.0,1406487804
391,74,4.5,1407475047
391,127,5.0,1407588504
391,12,5.0,1431911356
391,62,4.0,1439725233
391,87,3.0,1446561720
391,196,3.0,1452387065
391,131,3.0,1453633504
391,59,3.5,1457069500
391,133,3.5,1459244815
391,13,5.0,1460696005
391,2,5.0,1462297143
391,106,4.5,1477338412
391,192,3.0,1494174776
391,113,5.0,1494362718
391,158,4.0,1511946354
391,4,5.0,1514877721
391,88,4.5,1520405119
391,92,1.0,1530139302
391,300,3.0,1537767124
391,20,5.0,1545158535
391,10,5.0,1584842144
391,29,5.0,1591734677
391,70,4.5,1596799817
391,211,3.5,1608420346
391,304,0.5,1608426932
391,90,4.5,1636429736
391,136,5.0,1657012296
392,142,3.0,1263701111
392,59,5.0,1265287274
392,189,2.0,1265913775
392,17,4.0,1285164997
392,63,1.5,1285656861
392,250,2.5,1307231054
392,26,3.5,1309764433
392,49,4.5,1311843142
392,165,5.0,1315906403
392,134,3.0,1355533775
392,4,4.5,1358391426
392,239,4.0,1366462693
392,25,4.0,1372986071
392,33,5.0,1374927641
392,65,3.5,1379587492
392,10,5.0,1400800454
392,21,4.0,1403876161
392,302,5.0,1404412519
392,157,2.5,1407628058
392,194,0.5,1410672079
392,135,3.5,1412836797
392,159,2.0,1413165242
392,303,3.0,1413931770
392,249,5.0,1428367845
392,87,3.0,1431995504
392,237,3.5,1443440863
392,74,3.0,1444508490
392,56,5.0,1445181666
392,305,3.0,1448916895
392,73,2.0,1465607410
392,156,4.0,1507616530
392,7,3.5,1532071007
392,22,4.0,1539255016
392,291,2.5,1540071590
392,107,4.5,1541164830
392,309,3.5,1544367498
392,62,2.0,1545100874
392,89,4.5,1547514898
392,110,2.5,1562763886
392,322,4.5,1566529707
392,53,4.5,1572474330
392,247,5.0,1583924666
392,301,5.0,1586643108
392,185,2.0,1612918310
392,217,3.5,1615536361
392,161,3.0,1621402449
392,196,3.0,1637417891
392,60,4.0,1645489254
392,18,5.0,1649003605
392,58,4.0,1654417179
393,9,4.0,1280188176
393,239,3.5,1288381857
393,1,5.0,1304930508
393,186,2.0,1323897062
393,169,2.5,1338399616
393,4,5.0,1346875486
393,85,4.5,1404087463
393,327,3.0,1428822002
393,205,0.5,1435255274
393,236,3.5,1435778880
393,177,5.0,1445461440
393,104,5.0,1460720440
393,8,4.5,1491690518
393,111,5.0,1493602008
393,18,4.5,1533536252
393,19,5.0,1538786517
393,31,3.5,1544872869
393,30,4.5,1575698452
393,15,5.0,1584515665
393,285,1.5,1595908902
393,36,4.0,1605138743
393,70,5.0,1605893341
393,7,5.0,1614138776
393,59,2.5,1632333378
393,17,5.0,1643721812
393,170,4.5,1652485257
394,26,4.5,1268498508
394,303,1.0,1275305091
394,119,4.0,1297574375
394,189,3.5,1300438813
394,67,3.5,1307452791
394,237,0.5,1314196700
394,66,4.5,1330383810
394,330,3.5,1335111536
394,177,5.0,1348756693
394,23,4.0,1363364476
394,109,5.0,1370306646
394,13,5.0,1377192831
394,187,0.5,1383348289
394,88,3.5,1384046549
394,51,2.0,1386766375
394,2,5.0,1400845160
394,58,0.5,1434804417
394,214,2.5,1449991992
394,57,3.0,1456133724
394,266,4.0,1470947412
394,68,2.5,1471038010
394,16,5.0,1505002853
394,24,4.5,1521159634
394,105,3.5,1548158568
394,182,0.5,1559077837
394,174,4.5,1561190767
394,313,3.5,1562187945
394,73,2.5,1579777347
394,32,3.0,1588782661
394,21,4.0,1597203801
394,47,2.5,1600590744
394,93,4.0,1608475328
394,159,3.0,1613415231
394,301,2.5,1614900907
394,30,4.5,1619062976
394,99,5.0,1639779669
394,34,4.0,1649471421
394,48,2.0,1650718874
394,7,4.0,1650967872
394,239,4.0,1652680411
395,218,3.0,1262569054
395,57,4.5,1269839715
395,88,3.5,1274916244
395,154,1.5,1284150946
395,8,5.0,1284637855
395,280,2.5,1285531862
395,81,2.5,1290724384
395,46,3.0,1296973157
395,242,3.0,1298517331
395,222,3.0,1306132768
395,223,3.0,1311598858
395,183,2.5,1313420937
395,161,1.0,1318420878
395,300,3.5,1326934958
395,7,3.5,1348430252
395,139,2.0,1350210692
395,9,4.5,1356445863
395,61,2.0,1368709595
395,245,3.0,1377648016
395,296,3.5,1392819070
395,132,2.0,1413412081
395,31,5.0,1413878232
395,301,5.0,1420273491
395,99,2.0,1426735764
395,2,3.0,1430591731
395,4,4.5,1451749138
395,93,2.5,1452965108
395,196,2.0,1458169755
395,36,5.0,1479033183
395,104,2.0,1480870976
395,43,2.5,1481562411
395,108,2.0,1485270375
395,48,5.0,1498330602
395,258,2.0,1502467140
395,302,4.5,1503167946
395,180,1.5,1509471028
395,58,4.0,1515823302
395,33,5.0,1519333388
395,320,0.5,1519799003
395,237,4.0,1520163352
395,78,1.0,1536022973
395,119,3.5,1544383192
395,32,5.0,1546992579
395,60,3.5,1552165072
395,147,2.5,1563696632
395,111,2.5,1574493639
395,323,2.0,1618994925
395,41,4.0,1624241216
395,322,4.0,1626802906
395,97,0.5,1629549723
395,263,1.5,1630665343
395,35,5.0,1647676241
395,195,0.5,1661576776
396,22,3.5,1269266029
396,159,1.0,1281461497
396,54,5.0,1306037576
396,11,5.0,1315486739
396,110,2.5,1321469122
396,114,4.0,1321756192
396,196,2.0,1325060202
396,15,5.0,1326248119
396,45,5.0,1329411176
396,71,1.5,1350702538
396,339,5.0,1359433800
396,109,5.0,1365799717
396,4,4.5,1368767331
396,41,5.0,1370166104
396,129,4.0,1383368700
396,2,5.0,1383788122
396,57,4.0,1389085576
396,154,0.5,1407094905
396,33,5.0,1411960589
396,86,3.5,1429597036
396,59,2.5,1430248908
396,236,3.5,1437733463
396,6,5.0,1441938546
396,10,4.5,1452886737
396,50,5.0,1453677744
396,3,5.0,1460652490
396,320,2.0,1462252873
396,36,5.0,1465000326
396,23,4.0,1472542768
396,18,5.0,1479460073
396,300,3.0,1479976419
396,73,2.0,1482090730
396,302,3.0,1495565045
396,12,4.5,1505847873
396,74,3.0,1516042528
396,44,5.0,1518266017
396,53,4.5,1530975903
396,99,5.0,1538288487
396,70,3.0,1549464195
396,237,0.5,1564664760
396,295,3.0,1567312560
396,157,4.0,1574142796
396,340,5.0,1575536246
396,56,4.5,1576683665
396,165,4.0,1588014859
396,1,5.0,1604134727
396,67,2.5,1609444564
396,85,2.5,1610764006
396,136,4.0,1623254150
396,58,2.0,1629383360
396,260,4.5,1633518286
396,49,5.0,1635726021
396,13,5.0,1647523854
396,341,5.0,1651032060
396,42,5.0,1651355637
397,195,1.0,1286710112
397,112,4.0,1311954833
397,93,4.5,1315652387
397,89,3.5,1322885649
397,49,3.0,1324697585
397,82,4.0,1325943203
397,339,5.0,1325963140
397,95,2.5,1330242841
397,229,2.0,1349147844
397,278,2.5,1349787742
397,76,3.5,1361693879
397,115,4.0,1366523716
397,205,0.5,1383475898
397,231,2.5,1397677399
397,12,2.5,1407780519
397,136,3.5,1417745048
397,292,2.5,1422868827
397,44,3.0,1426285462
397,32,3.0,1428451358
397,151,3.0,1438647630
397,204,1.5,1442198382
397,88,3.0,1456585814
397,7,4.0,1465796456
397,135,3.5,1466813058
397,100,4.0,1469037402
397,218,3.5,1469457076
397,193,4.0,1476451052
397,47,2.5,1481352606
397,279,3.0,1482360983
397,214,3.5,1483070428
397,36,4.0,1495313071
397,340,5.0,1496612289
397,297,3.0,1500573893
397,39,4.5,1529330881
397,30,3.5,1561765201
397,57,3.5,1565738126
397,62,3.5,1581974942
397,329,4.5,1586831752
397,190,4.0,1600341488
397,56,2.0,1609923184
397,132,3.5,1611477812
397,325,4.0,1616078416
397,263,4.5,1634791342
397,42,3.5,1635253081
397,2,5.0,1643512513
398,243,0.5,1280189189
398,130,1.0,1288889270
398,89,3.5,1295786672
398,313,2.5,1297506788
398,322,4.0,1309569149
398,55,4.0,1315072939
398,272,3.0,1318395115
398,99,3.0,1342139182
398,94,3.0,1344307746
398,102,2.5,1357206269
398,54,5.0,1369726132
398,298,1.5,1374353904
398,220,2.0,1376315600
398,250,2.5,1382226642
398,26,3.5,1395996080
398,59,4.0,1399222930
398,310,2.0,1408426424
398,21,3.0,1411350723
398,7,3.0,1412762757
398,69,3.0,1412996743
398,28,3.5,1418208398
398,25,3.5,1427705969
398,19,3.5,1451590805
398,41,4.0,1452923630
398,50,4.0,1456128257
398,58,3.5,1467267526
398,67,3.5,1479954226
398,326,3.0,1483302736
398,31,3.5,1513262985
398,73,1.5,1520774942
398,24,2.0,1530189155
398,13,3.5,1532486958
398,124,2.5,1532861915
398,33,3.5,1533959677
398,4,3.5,1535867008
398,328,3.0,1540937640
398,1,3.5,1548209650
398,39,2.5,1572656772
398,165,5.0,1601223882
398,8,5.0,1605190703
398,87,2.5,1608060453
398,64,2.5,1615280896
398,327,3.5,1619884544
398,244,1.5,1632011434
398,11,2.5,1645006834
398,131,2.5,1645441698
399,301,2.5,1281402402
399,17,4.5,1285721331
399,53,2.5,1290898651
399,328,4.5,1299338834
399,118,4.5,1317308981
399,13,4.5,1338407325
399,85,2.5,1352822811
399,291,3.5,1380142012
399,320,4.0,1381079150
399,280,4.0,1383653931
399,19,4.5,1405892130
399,8,3.5,1420374182
399,173,4.0,1471729938
399,127,5.0,1475086932
399,89,4.0,1489204838
399,256,5.0,1543917541
399,196,2.5,1558757882
399,62,3.5,1589141493
399,135,4.5,1606195742
399,7,3.0,1615107751
399,72,4.0,1620224558
400,3,5.0,1278873739
400,67,3.5,1296957349
400,301,3.0,1355326406
400,62,3.0,1375498937
400,56,5.0,1414564613
400,99,4.5,1497023848
400,313,3.0,1514836910
400,24,5.0,1573541289
400,57,4.5,1603359639
400,9,5.0,1605168083
400,298,3.5,1608741158
400,325,2.5,1641377115
401,136,4.0,1280917552
401,193,4.0,1395881821
401,47,3.0,1419476049
401,11,5.0,1429435192
401,15,4.5,1451802055
401,339,5.0,1468270512
401,85,2.5,1505085532
401,68,1.0,1578818731
401,18,3.0,1618002198
401,13,4.0,1626534221
402,159,2.0,1283922402
402,158,4.0,1294064887
402,154,1.0,1301874183
402,1,5.0,1317574868
402,157,4.0,1323209209
402,77,2.5,1333117837
402,17,5.0,1374298604
402,23,3.5,1374563860
402,290,1.0,1380980552
402,78,3.0,1395229807
402,88,3.0,1395439501
402,165,2.5,1442542706
402,2,4.5,1447763712
402,18,4.0,1448275835
402,217,2.5,1479609438
402,303,2.0,1482288362
402,45,2.0,1489799913
402,7,5.0,1498727373
402,4,4.5,1501139608
402,148,3.0,1501782843
402,305,3.5,1503348149
402,320,2.5,1506453428
402,65,3.0,1520488004
402,48,2.0,1526996673
402,230,1.0,1539751781
402,15,4.0,1541772177
402,248,3.5,1545008071
402,55,3.0,1547436731
402,14,4.0,1559326786
402,44,2.0,1564231490
402,185,1.0,1575741046
402,144,4.5,1579843439
402,54,3.0,1583944567
402,126,2.5,1590967900
402,186,2.5,1601972824
402,326,2.5,1616801693
402,26,5.0,1621978812
402,12,5.0,1644900446
402,94,3.0,1655386989
402,83,4.5,1661078362
403,12,5.0,1272412954
403,241,2.5,1286989845
403,225,5.0,1292608320
403,158,4.5,1294466446
403,13,5.0,1300847323
403,20,5.0,1306565376
403,31,4.0,1334693925
403,233,3.0,1343347514
403,88,5.0,1368464064
403,81,4.5,1390033894
403,18,4.5,1410944954
403,86,5.0,1431424646
403,325,5.0,1438819996
403,17,5.0,1474712554
403,139,4.0,1475976476
403,24,5.0,1482488669
403,187,3.5,1509979902
403,284,3.0,1539942479
403,152,4.5,1546509428
403,56,4.5,1550837594
403,237,3.0,1566552904
403,236,2.0,1583392859
403,41,1.0,1599777903
403,71,5.0,1607660707
403,34,1.5,1608039104
403,322,4.0,1610301475
403,147,5.0,1618540457
403,151,5.0,1622974575
403,57,5.0,1627598622
403,99,3.5,1637086929
404,183,5.0,1262908299
404,18,5.0,1267134511
404,77,3.5,1275791183
404,47,4.0,1278448963
404,56,5.0,1288589265
404,200,3.5,1295771878
404,291,2.5,1310952667
404,35,5.0,1312740305
404,30,5.0,1316504766
404,17,5.0,1342648921
404,25,5.0,1347338048
404,165,5.0,1354517141
404,60,3.0,1357468122
404,12,5.0,1372477307
404,86,4.0,1376136058
404,6,5.0,1376315801
404,32,5.0,1383762320
404,158,5.0,1394089888
404,204,3.5,1396317886
404,8,5.0,1401769139
404,46,4.0,1411097086
404,37,5.0,1418762238
404,76,4.0,1423320941
404,300,4.0,1432479902
404,83,5.0,1434492339
404,1,5.0,1444146624
404,85,4.0,1450481097
404,94,4.5,1454307807
404,96,2.0,1481279778
404,328,3.5,1485787474
404,322,5.0,1490388397
404,29,5.0,1493041666
404,126,5.0,1497677041
404,33,5.0,1498245544
404,127,5.0,1511022947
404,31,5.0,1512711204
404,141,3.5,1515418260
404,244,4.0,1521050468
404,57,5.0,1542171894
404,231,5.0,1553540570
404,143,5.0,1555805289
404,7,5.0,1557947536
404,42,4.5,1574895380
404,59,5.0,1577797330
404,164,3.0,1580486936
404,68,4.0,1605386897
404,34,5.0,1624542915
404,23,4.5,1641636270
404,313,4.0,1655708735
404,321,4.0,1659835279
405,290,1.5,1270447588
405,201,3.0,1279553143
405,203,2.5,1306521404
405,74,2.5,1314684498
405,1,4.0,1370897283
405,193,3.0,1431696912
405,217,3.5,1431936287
405,180,2.5,1441174514
405,42,5.0,1441538153
405,287,0.5,1449375397
405,304,1.0,1465428325
405,324,1.0,1535779550
405,14,3.5,1547641413
405,21,3.0,1602767804
405,139,0.5,1609101435
405,11,5.0,1625380945
405,9,5.0,1649348366
405,192,3.5,1655998841
406,73,4.0,1274485071
406,183,4.0,1285824384
406,7,5.0,1303139633
406,93,4.5,1314874299
406,95,4.0,1338272531
406,1,5.0,1355416286
406,32,3.0,1366061656
406,59,1.5,1377631361
406,317,4.5,1387924219
406,231,3.5,1409838271
406,4,5.0,1424648482
406,304,4.5,1426785011
406,190,4.5,1433999862
406,21,5.0,1452598262
406,236,3.5,1453220246
406,15,5.0,1456442909
406,27,4.5,1467838734
406,9,4.5,1475533680
406,2,5.0,1511508011
406,331,4.5,1542192195
406,148,3.0,1575425959
406,57,4.5,1584449024
406,340,5.0,1595613860
406,18,5.0,1598390799
406,62,4.0,1605035217
406,43,2.0,1606830303
406,19,5.0,1611335868
406,16,5.0,1635217843
406,181,3.0,1650617120
406,303,1.0,1657321579
407,190,3.5,1267779793
407,159,5.0,1268943638
407,24,5.0,1272679684
407,164,1.0,1274903085
407,88,2.5,1293277516
407,87,4.0,1295691748
407,57,4.0,1300500953
407,196,2.5,1301938481
407,134,4.0,1302437857
407,218,2.0,1311025253
407,222,5.0,1328149357
407,11,5.0,1331075818
407,1,5.0,1346730095
407,62,4.0,1358182906
407,309,5.0,1361249924
407,199,2.0,1364840053
407,54,3.5,1370735560
407,143,4.5,1375377450
407,73,3.0,1378738214
407,321,2.0,1388074618
407,149,2.5,1397339938
407,30,3.5,1419175959
407,33,3.0,1421934820
407,6,4.5,1426249675
407,26,4.5,1431042016
407,55,1.5,1433689786
407,118,4.5,1437402114
407,17,4.0,1461083861
407,23,3.0,1469571992
407,206,1.5,1470377696
407,256,4.0,1475750209
407,341,5.0,1477739097
407,19,5.0,1480318106
407,177,4.5,1493032578
407,235,1.0,1503131964
407,129,5.0,1517784819
407,93,4.5,1542664420
407,188,5.0,1544737834
407,255,4.0,1560210192
407,339,5.0,1560264839
407,13,5.0,1568552392
407,16,5.0,1577173749
407,189,3.5,1585911700
407,112,3.5,1586198861
407,36,4.0,1591055799
407,80,3.0,1603058735
407,272,4.5,1605154450
407,281,5.0,1610726060
407,31,3.5,1618545894
407,18,4.0,1622617953
407,234,3.5,1633437563
407,102,4.5,1634481609
407,45,3.5,1653654886
408,158,2.5,1262950045
408,234,2.0,1266073000
408,236,2.5,1286100182
408,36,3.5,1337668757
408,322,1.5,1346588906
408,279,1.5,1352717909
408,5,5.0,1357265602
408,330,2.0,1364613331
408,217,2.5,1386358967
408,312,2.0,1389085326
408,41,2.0,1392038601
408,18,3.5,1415657402
408,34,2.5,1464514832
408,62,3.0,1484720345
408,23,3.5,1502332951
408,19,4.5,1506054976
408,13,3.5,1508796893
408,25,2.0,1509719256
408,151,1.5,1511013067
408,188,3.5,1518554909
408,152,0.5,1534232006
408,17,4.0,1551468175
408,321,1.5,1552534831
408,1,4.5,1592333066
408,246,1.5,1633239582
408,159,2.0,1658724347
409,321,4.0,1356571479
409,1,5.0,1378789345
409,40,5.0,1403700715
409,147,4.5,1410234714
409,311,5.0,1420911691
409,7,4.5,1438173910
409,55,3.5,1465918442
409,64,3.5,1471072223
409,302,5.0,1472940252
409,88,4.0,1487252503
409,75,4.5,1495744949
409,59,4.0,1519356636
409,245,4.5,1532540412
409,10,5.0,1569556350
409,20,4.0,1588250852
409,151,3.0,1626642637
410,10,3.5,1266687226
410,320,4.5,1268146833
410,1,4.0,1289405452
410,183,3.5,1299440490
410,158,5.0,1299991878
410,99,4.0,1303508865
410,328,2.5,1306011715
410,204,4.0,1333270332
410,168,2.0,1353900437
410,277,3.0,1356914919
410,291,4.5,1357390987
410,12,3.5,1360444613
410,175,4.5,1363660110
410,256,5.0,1365531320
410,156,5.0,1379417647
410,278,2.5,1381441783
410,250,2.5,1395851555
410,72,3.5,1418028667
410,56,2.5,1425892641
410,54,2.5,1427493771
410,325,4.5,1438838806
410,201,2.5,1443209115
410,327,3.5,1447548646
410,237,1.5,1451753327
410,179,3.0,1456109592
410,23,5.0,1457871356
410,19,5.0,1462136006
410,68,3.0,1463299661
410,246,2.0,1484490057
410,25,4.5,1491556217
410,17,5.0,1494062891
410,136,3.5,1498854785
410,253,2.5,1509742526
410,48,0.5,1516921444
410,161,3.0,1527609103
410,7,5.0,1528016304
410,58,2.0,1562882971
410,64,4.5,1570205157
410,14,3.0,1580316685
410,35,2.5,1610959280
410,62,5.0,1614018502
410,196,1.0,1618291448
410,49,1.0,1625015510
410,147,5.0,1644026204
410,200,3.0,1650152263
411,165,3.5,1280539025
411,237,1.0,1293705199
411,156,4.0,1301606359
411,10,3.0,1312486002
411,112,4.0,1321434730
411,81,4.0,1321798537
411,246,2.5,1345323936
411,234,4.0,1345411835
411,58,3.0,1346704563
411,222,4.5,1351787531
411,92,2.5,1361955618
411,17,5.0,1368676120
411,86,4.5,1386043735
411,66,2.5,1391481097
411,189,3.0,1395263661
411,106,2.0,1398625440
411,205,1.0,1399744631
411,12,4.5,1400878415
411,19,5.0,1402656050
411,111,4.0,1409728455
411,104,4.0,1420486726
411,74,3.5,1429158419
411,16,4.0,1429244984
411,55,1.5,1430766281
411,4,5.0,1462136415
411,25,4.0,1470358731
411,152,3.0,1481288595
411,7,4.5,1493820020
411,75,3.5,1496288476
411,11,4.0,1505965367
411,57,3.5,1512836415
411,135,4.0,1514474422
411,18,3.0,1517178809
411,182,2.5,1549056117
411,49,1.5,1553118193
411,324,3.0,1572690768
411,311,3.0,1574323860
411,99,3.5,1591532524
411,122,1.5,1629694141
411,21,3.0,1648221100
412,321,1.0,1321202856
412,188,2.5,1358111534
412,19,5.0,1410580706
412,8,2.5,1414331336
412,97,1.5,1463124979
412,207,2.5,1521461194
412,136,5.0,1561513247
412,7,5.0,1622041655
412,16,3.0,1628997870
412,13,5.0,1658799601
413,271,2.0,1268047519
413,237,1.0,1271083631
413,96,3.0,1278671153
413,54,5.0,1292417625
413,25,3.5,1303360230
413,81,2.5,1330255788
413,56,4.5,1379365790
413,50,5.0,1392520525
413,109,3.0,1417018240
413,36,4.0,1450145190
413,14,3.5,1491936353
413,2,4.5,1497400742
413,284,3.5,1540970118
413,107,1.5,1543041157
413,155,3.0,1580701384
413,9,4.0,1614518992
413,59,4.0,1647823131
414,321,5.0,1312179451
414,298,3.5,1326339547
414,74,4.0,1374196421
414,56,5.0,1396124636
414,94,5.0,1424947036
414,302,4.5,1433702054
414,309,5.0,1461744590
414,158,4.0,1467931178
414,26,5.0,1494076307
414,8,5.0,1571133393
414,224,2.5,1593461309
414,92,4.0,1610194260
415,314,3.5,1280387820
415,30,5.0,1285954117
415,8,5.0,1321781958
415,224,1.0,1336093951
415,322,5.0,1338418272
415,247,4.5,1341218018
415,165,5.0,1387307033
415,57,5.0,1433389987
415,36,5.0,1454445835
415,12,5.0,1473631091
415,59,5.0,1502027513
415,167,2.0,1503628699
415,10,5.0,1528103587
415,23,4.0,1567804259
415,88,5.0,1594906603
415,303,3.0,1605931517
415,24,5.0,1623292959
415,4,5.0,1639299924
415,223,4.0,1639415018
415,196,5.0,1652751744
416,239,5.0,1266110663
416,291,5.0,1270657219
416,195,2.0,1285773035
416,12,5.0,1289739529
416,314,5.0,1290309399
416,104,4.0,1291636326
416,243,2.5,1297399572
416,57,5.0,1302232193
416,128,2.5,1304954930
416,21,4.0,1306157150
416,154,4.0,1309676190
416,11,4.5,1348029887
416,88,4.5,1349897433
416,204,5.0,1361472732
416,162,3.5,1362336712
416,183,4.0,1363474651
416,76,4.0,1365758296
416,24,5.0,1373932842
416,65,5.0,1386707110
416,153,3.0,1389931558
416,18,5.0,1390916577
416,224,3.5,1398471421
416,284,2.5,1398610501
416,306,5.0,1406584928
416,54,5.0,1406939536
416,311,5.0,1407556037
416,136,4.5,1412228484
416,222,5.0,1418144839
416,61,4.5,1419606259
416,59,5.0,1426617687
416,64,4.5,1440064583
416,36,5.0,1456312149
416,89,5.0,1457007555
416,9,5.0,1466924235
416,19,5.0,1469905243
416,208,2.0,1483435813
416,300,4.5,1487306335
416,14,5.0,1494244093
416,13,5.0,1495401874
416,7,5.0,1501041433
416,280,3.5,1541071453
416,31,5.0,1546066835
416,27,4.5,1561990097
416,305,5.0,1562384979
416,43,3.5,1562629535
416,148,4.0,1565033470
416,165,5.0,1567669622
416,143,2.0,1571463355
416,45,4.0,1599826852
416,40,5.0,1603004440
416,1,5.0,1620631033
416,99,5.0,1625663174
416,160,4.5,1633995146
416,62,5.0,1635286688
416,72,5.0,1649072976
417,55,5.0,1267087978
417,97,3.5,1275898524
417,8,5.0,1277404935
417,187,5.0,1316322178
417,33,5.0,1330780694
417,12,5.0,1337312984
417,130,3.5,1337460428
417,67,4.0,1345798675
417,36,5.0,1349057952
417,28,5.0,1364709325
417,328,3.5,1365014169
417,308,3.0,1366967771
417,153,3.5,1370672427
417,6,4.0,1374118063
417,59,4.5,1376311709
417,301,5.0,1387139829
417,274,3.5,1391607748
417,31,5.0,1391893540
417,10,5.0,1393230159
417,314,3.0,1433739993
417,57,5.0,1441147960
417,78,3.5,1444792395
417,126,4.0,1448428552
417,35,5.0,1448484121
417,16,3.0,1455394051
417,66,3.0,1469467173
417,327,2.5,1473109897
417,109,3.0,1474671502
417,37,5.0,1478792733
417,14,5.0,1482436959
417,212,2.5,1486671287
417,326,3.5,1487687655
417,88,5.0,1494892818
417,50,5.0,1504269315
417,54,5.0,1506234948
417,322,5.0,1507022436
417,200,4.0,1514177365
417,18,5.0,1518916275
417,244,4.0,1519338074
417,99,2.5,1537405469
417,302,5.0,1538255629
417,192,3.5,1552298919
417,304,1.5,1553131369
417,63,3.5,1574289030
417,223,5.0,1585505029
417,19,5.0,1597152513
417,9,5.0,1605912161
417,90,4.0,1608062294
417,165,5.0,1610870033
417,95,4.0,1631786902
417,139,4.0,1635432402
417,151,2.0,1637039924
417,242,3.5,1637983879
417,44,4.5,1650161722
417,17,4.5,1651994555
417,156,5.0,1657168355
418,105,5.0,1292536884
418,97,0.5,1306986167
418,17,3.5,1321129659
418,33,5.0,1322938680
418,166,3.5,1324725716
418,54,4.5,1327552015
418,34,5.0,1336334005
418,220,2.0,1347439819
418,231,2.5,1355087926
418,59,3.5,1357328524
418,21,2.5,1393557450
418,91,2.5,1397952187
418,196,2.0,1398440552
418,51,0.5,1403336071
418,60,2.0,1417939564
418,25,5.0,1426864880
418,339,4.0,1446858465
418,165,4.0,1449562334
418,63,1.0,1450958864
418,311,2.0,1457962225
418,67,3.0,1459946553
418,303,1.0,1460221670
418,1,4.5,1470793868
418,61,2.5,1473027032
418,2,5.0,1475495152
418,164,2.0,1477387432
418,224,0.5,1478219216
418,178,4.5,1479454014
418,38,2.5,1481750368
418,143,5.0,1492005781
418,44,2.0,1512043851
418,16,4.0,1517420840
418,36,4.5,1525323229
418,9,5.0,1527963418
418,7,4.5,1545852295
418,158,2.0,1547307992
418,232,3.0,1551307239
418,109,3.5,1560028902
418,218,2.5,1582921404
418,147,2.5,1598715897
418,55,3.5,1607726774
418,94,3.0,1632546872
418,99,3.0,1636137660
418,18,5.0,1657081535
418,24,3.0,1660672792
419,4,5.0,1342493490
419,30,4.0,1374925957
419,27,3.5,1376525931
419,76,2.5,1396310773
419,109,3.5,1459260376
419,18,5.0,1509704922
419,86,3.5,1570975948
419,13,4.5,1575556402
419,9,5.0,1578617454
419,329,3.0,1605143248
419,35,3.0,1646822986
420,241,1.5,1283706952
420,20,5.0,1294722773
420,122,4.5,1311679943
420,9,4.0,1362958791
420,177,4.5,1371097097
420,311,2.5,1372948592
420,94,3.0,1421068111
420,109,4.0,1439622674
420,19,5.0,1458324827
420,56,3.5,1463785078
420,147,4.5,1477650817
420,141,1.5,1498548566
420,86,4.5,1507920555
420,38,1.5,1553394661
420,25,4.5,1580286341
420,30,3.0,1592116369
420,70,4.5,1595711791
420,13,4.5,1607750839
420,18,4.0,1613845576
420,88,3.5,1638340246
420,89,5.0,1652441546
421,17,5.0,1273869863
421,8,5.0,1279225223
421,68,5.0,1282394086
421,86,5.0,1285892066
421,190,5.0,1299213008
421,323,4.5,1307793532
421,18,5.0,1309724511
421,311,4.5,1312011685
421,55,3.0,1332475194
421,93,3.5,1355389513
421,302,3.5,1364429773
421,1,5.0,1365340015
421,12,5.0,1366815471
421,322,4.0,1400535561
421,200,3.0,1402836046
421,11,5.0,1419124560
421,291,5.0,1423289344
421,303,1.5,1438744544
421,66,4.5,1448421038
421,95,3.5,1451519475
421,21,4.0,1454891359
421,72,5.0,1460021043
421,309,5.0,1463788316
421,217,2.5,1471523603
421,23,5.0,1481292482
421,330,5.0,1487574267
421,13,5.0,1493227134
421,26,5.0,1518827095
421,310,3.5,1527122732
421,67,5.0,1528151545
421,129,4.0,1530394387
421,54,5.0,1534774967
421,224,3.5,1540305612
421,49,2.5,1553565130
421,7,5.0,1556048402
421,222,5.0,1580290401
421,4,5.0,1580781341
421,15,5.0,1640938848
421,25,5.0,1649800666
421,169,4.0,1657664198
422,237,2.0,1276504697
422,58,2.0,1281452670
422,4,5.0,1286584993
422,236,2.0,1286830149
422,300,1.5,1288804574
422,18,2.5,1296042778
422,21,3.5,1299706995
422,12,4.0,1302687465
422,44,2.0,1310227992
422,305,4.0,1310464434
422,214,4.5,1319366005
422,255,1.5,1327356396
422,152,2.0,1336310297
422,56,2.5,1338381237
422,218,2.0,1366590477
422,27,4.5,1370138115
422,5,4.0,1370224456
422,95,1.5,1384908139
422,302,2.5,1396214480
422,30,4.0,1412329646
422,22,2.0,1415943328
422,212,3.0,1433714271
422,20,5.0,1466058612
422,89,3.0,1478751473
422,57,4.0,1480435682
422,321,2.0,1488091248
422,8,3.5,1502791626
422,342,4.5,1519780988
422,66,4.0,1520294028
422,59,1.5,1537885607
422,298,3.5,1544351603
422,147,3.5,1547251141
422,303,2.0,1553602505
422,154,2.5,1562191066
422,232,3.5,1571514345
422,241,1.0,1575974344
422,320,1.5,1581481347
422,73,1.5,1582832063
422,91,3.5,1588761722
422,260,4.0,1591259207
422,170,2.5,1613450143
422,107,3.0,1629507490
422,33,3.5,1632189571
422,7,4.5,1637989695
422,51,1.5,1642339887
422,1,5.0,1652707083
422,14,3.5,1659939176
423,304,1.5,1266920669
423,59,3.0,1270201118
423,1,4.5,1281044095
423,231,2.0,1286294767
423,13,2.5,1324579010
423,85,3.0,1328749160
423,68,3.0,1329481969
423,132,4.0,1349386844
423,296,3.0,1350455105
423,328,2.0,1360429520
423,183,2.5,1360429975
423,4,3.5,1379315374
423,27,2.0,1380832303
423,165,2.0,1382546461
423,33,1.5,1393868305
423,70,2.0,1401275418
423,23,3.5,1401560372
423,14,1.5,1403206916
423,52,2.5,1413129761
423,285,1.5,1422621166
423,69,2.0,1426678494
423,278,1.5,1445244071
423,236,4.0,1456122873
423,106,2.5,1463432410
423,47,3.5,1467084725
423,308,4.0,1480814097
423,298,4.5,1487110205
423,58,1.5,1500878326
423,163,2.5,1513533341
423,190,3.0,1517655370
423,18,4.0,1520334742
423,3,3.5,1522282998
423,301,4.0,1525362903
423,97,3.5,1526011133
423,129,5.0,1533924348
423,50,4.5,1543777423
423,62,2.5,1545540321
423,299,0.5,1554475484
423,26,4.0,1555124224
423,250,1.5,1556293741
423,313,3.5,1565723738
423,226,2.0,1567128939
423,48,3.0,1568507693
423,327,2.5,1573394691
423,21,3.5,1573524390
423,153,0.5,1584531878
423,169,2.5,1603175429
423,55,1.5,1604129134
423,174,2.0,1606854247
423,8,4.0,1607951405
423,45,4.0,1617914415
423,188,4.5,1633960244
423,134,2.0,1639052869
423,86,3.5,1639146725
423,11,5.0,1645469846
423,326,0.5,1650364902
423,94,4.0,1660577082
424,9,4.5,1288840013
424,98,3.5,1291108553
424,31,4.0,1304205263
424,94,3.5,1305016910
424,57,4.0,1311864746
424,321,3.0,1320961474
424,41,5.0,1326691519
424,13,3.5,1372612059
424,12,4.0,1390295195
424,312,2.5,1403286193
424,91,3.0,1434732337
424,85,3.5,1435811245
424,267,5.0,1436483849
424,35,4.5,1441595920
424,224,0.5,1457623869
424,56,4.0,1469747241
424,1,5.0,1480989023
424,163,1.0,1489435103
424,55,2.5,1495069751
424,130,4.0,1510714429
424,26,4.5,1520027716
424,71,1.0,1531227488
424,143,5.0,1536003193
424,64,1.0,1542495349
424,158,3.0,1551909170
424,196,3.5,1555218333
424,54,4.5,1563038045
424,95,2.0,1563502452
424,222,3.0,1589791544
424,278,2.0,1595031884
424,22,4.0,1618454770
424,29,3.5,1627648496
424,217,3.5,1637252022
424,59,4.0,1654043848
424,72,1.5,1655576952
424,245,3.5,1656916469
425,327,5.0,1297594081
425,323,3.5,1302609721
425,10,3.0,1312005722
425,312,3.0,1338264158
425,200,2.5,1348752504
425,180,2.5,1365035876
425,8,3.5,1380145463
425,7,4.0,1400595919
425,34,2.0,1415683424
425,159,3.0,1480134922
425,16,5.0,1487755169
425,62,4.0,1495954772
425,28,3.0,1566009113
425,4,4.5,1589614998
425,169,4.0,1639060389
425,325,5.0,1643925066
426,274,1.5,1270485593
426,237,2.0,1327251491
426,33,4.5,1356288645
426,177,3.0,1360108591
426,2,2.5,1366950167
426,218,3.5,1372683724
426,59,3.5,1376167149
426,29,4.0,1440751192
426,165,4.0,1458300792
426,35,4.5,1465916672
426,94,2.5,1477178528
426,14,5.0,1478230566
426,8,4.0,1480944399
426,222,2.5,1483431855
426,60,2.5,1489557612
426,61,3.0,1522947838
426,287,1.0,1536859127
426,31,4.0,1537277126
426,217,1.5,1537773191
426,303,2.0,1541111357
426,343,3.0,1546349620
426,57,3.5,1548553357
426,12,3.5,1550072268
426,10,4.0,1566122524
426,277,1.5,1576322180
426,27,2.5,1576716061
426,1,2.0,1592232188
426,326,2.0,1602530166
426,330,1.5,1605534525
426,34,4.0,1609622009
426,42,4.0,1656338112
427,272,3.5,1265090498
427,113,2.0,1266423625
427,17,2.0,1276508857
427,23,3.0,1283278669
427,56,2.5,1285756638
427,189,3.5,1294336372
427,194,2.5,1295398124
427,185,1.0,1296167161
427,243,1.5,1298031838
427,133,2.5,1309799224
427,99,4.0,1310377224
427,195,2.0,1317754081
427,16,3.5,1320001292
427,313,3.5,1330638144
427,85,2.5,1337149500
427,207,2.0,1346958434
427,211,1.5,1362769133
427,10,2.0,1363255401
427,325,3.0,1364333330
427,224,0.5,1371738861
427,83,2.0,1376395709
427,95,2.5,1403021992
427,60,2.0,1404088911
427,24,4.0,1408017852
427,1,4.0,1413615184
427,196,3.0,1423931553
427,311,2.0,1433813117
427,324,1.5,1444926896
427,73,2.0,1448849652
427,50,3.0,1451848719
427,206,3.5,1457375048
427,18,3.5,1458441857
427,237,1.0,1466728083
427,4,2.5,1476220477
427,162,1.5,1486063725
427,329,3.0,1506538944
427,92,2.0,1525091023
427,57,3.0,1530828110
427,26,3.0,1538042633
427,71,2.5,1543264507
427,54,4.0,1557094164
427,82,2.5,1558035005
427,55,2.0,1564367148
427,59,2.0,1564538469
427,330,3.0,1579377329
427,43,2.5,1583585270
427,274,2.5,1589636924
427,316,2.5,1590807910
427,65,2.5,1600742709
427,290,1.5,1633639924
427,12,2.0,1661379271
428,59,4.5,1278679775
428,1,4.0,1282515856
428,90,3.0,1287226311
428,312,0.5,1320112898
428,17,3.0,1332024893
428,339,5.0,1375343986
428,115,4.5,1397278361
428,58,4.5,1413126806
428,237,3.5,1437081791
428,217,4.5,1442492705
428,322,5.0,1458244083
428,23,2.0,1464336222
428,8,5.0,1464773801
428,78,1.5,1496839213
428,157,3.0,1565472292
428,28,5.0,1592005174
428,52,4.5,1592381558
428,94,3.0,1603673888
428,55,4.0,1606135423
428,177,5.0,1646782795
429,327,4.5,1265979065
429,300,5.0,1299912609
429,129,5.0,1302871544
429,155,2.5,1303153016
429,10,5.0,1323925150
429,190,4.5,1326067328
429,272,5.0,1332268978
429,2,3.5,1361412503
429,165,4.0,1365017787
429,54,4.5,1373389794
429,94,4.5,1376620105
429,48,4.5,1382065110
429,13,4.5,1385840051
429,224,2.0,1398955412
429,67,3.0,1404291466
429,7,3.0,1414724614
429,18,4.5,1415710538
429,304,3.0,1427255466
429,36,5.0,1437999071
429,78,4.5,1441969214
429,85,3.5,1465313566
429,57,4.5,1466274649
429,212,0.5,1476038671
429,330,3.5,1478362517
429,186,2.5,1481935597
429,293,3.5,1482378984
429,298,5.0,1489058273
429,46,5.0,1500598378
429,61,3.0,1531217723
429,19,5.0,1533463020
429,132,4.0,1537489859
429,191,2.5,1541509136
429,294,2.0,1544580213
429,9,3.0,1545503011
429,4,4.0,1564182977
429,222,3.5,1592239329
429,245,3.5,1600420747
429,40,5.0,1600492263
429,255,4.0,1618369846
429,49,4.5,1622535546
429,31,3.5,1649598733
430,95,3.0,1266431442
430,72,3.5,1315700605
430,36,5.0,1321239429
430,104,4.0,1321808586
430,75,4.0,1437643460
430,21,3.5,1446746027
430,87,3.0,1451164647
430,24,3.5,1491263843
430,231,2.5,1524271365
430,4,4.0,1526698995
430,292,1.5,1563354015
430,190,3.0,1580241518
430,156,3.0,1604086629
430,1,5.0,1608673956
430,258,2.5,1622411652
430,334,3.0,1626904661
430,321,2.5,1644888844
431,97,4.5,1266261387
431,15,4.5,1269848790
431,300,2.5,1272730532
431,280,4.5,1281942670
431,13,4.5,1294449634
431,24,4.0,1294614754
431,64,2.0,1336094324
431,296,3.5,1350176861
431,254,2.0,1366759052
431,186,2.0,1377442079
431,91,2.5,1386448547
431,188,4.5,1398822088
431,174,3.0,1399832302
431,192,2.5,1480106628
431,222,3.5,1493463216
431,86,3.5,1540112743
431,242,1.5,1540720142
431,116,4.5,1542504399
431,22,3.0,1545307579
431,16,4.0,1549943612
431,49,2.5,1582812020
431,169,3.0,1596777454
431,96,4.0,1597331496
431,2,4.0,1610938735
431,143,4.0,1629659757
431,12,4.5,1657120185
432,190,4.0,1301582425
432,44,2.0,1305586529
432,61,3.5,1319345658
432,330,4.5,1324141730
432,217,4.0,1342720950
432,204,5.0,1349308243
432,21,3.5,1364065621
432,135,4.0,1364292684
432,17,4.0,1402741667
432,209,3.5,1428261531
432,152,3.0,1435993683
432,302,3.0,1449260273
432,58,2.0,1498191797
432,59,3.5,1530501497
432,224,3.0,1534630055
432,67,4.5,1545773570
432,236,0.5,1583119841
432,45,2.5,1606712923
432,50,2.0,1630423980
432,19,5.0,1636481463
432,186,3.0,1645565095
433,291,2.5,1263057980
433,132,3.5,1265613512
433,70,3.5,1298908933
433,272,5.0,1361031843
433,197,3.0,1387826481
433,105,4.0,1409371692
433,39,5.0,1411283620
433,18,3.5,1431578909
433,4,5.0,1449255874
433,13,5.0,1464618601
433,6,5.0,1476309449
433,327,4.5,1479821519
433,88,4.0,1480221341
433,21,4.5,1498213713
433,188,4.0,1534931402
433,109,5.0,1535604299
433,131,4.0,1584772477
433,311,3.5,1619791584
434,4,4.5,1313489572
434,75,3.5,1327669075
434,49,3.5,1329230948
434,128,3.5,1382884951
434,10,4.0,1383066722
434,48,4.0,1415438816
434,86,3.5,1416041168
434,22,3.0,1421071304
434,313,3.5,1450588637
434,20,3.5,1457622239
434,18,4.5,1459723076
434,97,2.0,1461285488
434,113,3.0,1491779552
434,11,5.0,1498159642
434,14,4.0,1580307213
434,290,2.0,1593170545
434,12,4.5,1598280039
435,44,4.0,1275233130
435,90,2.0,1279619254
435,34,4.0,1289908929
435,188,3.0,1302458890
435,14,3.5,1303934828
435,20,2.0,1313119570
435,109,3.5,1319048054
435,220,0.5,1344940582
435,135,3.5,1369964484
435,19,4.5,1375785519
435,45,4.5,1379860013
435,291,3.0,1382943877
435,2,4.5,1389712972
435,39,4.5,1400124196
435,9,4.0,1402776130
435,249,3.0,1409079863
435,50,5.0,1411211555
435,63,1.0,1434249474
435,27,2.0,1436029138
435,272,4.0,1439801388
435,6,4.0,1473826866
435,217,2.0,1491263824
435,149,2.0,1508003045
435,330,2.5,1509459078
435,147,3.5,1544005984
435,54,5.0,1557392464
435,56,4.0,1558788029
435,66,3.5,1562911731
435,22,3.5,1569034346
435,1,4.5,1573660614
435,25,2.5,1580029516
435,53,3.5,1585464479
435,200,1.5,1612068543
435,30,3.5,1632569188
435,106,2.5,1638851866
435,52,2.0,1645941687
435,237,1.5,1652857227
436,9,3.5,1312717021
436,160,2.0,1331058879
436,224,2.0,1350261897
436,214,4.5,1357262223
436,241,0.5,1357264671
436,2,3.5,1393032551
436,11,2.5,1396096738
436,130,2.0,1402693926
436,320,1.5,1402993419
436,330,2.0,1413099339
436,62,2.5,1433184346
436,47,1.0,1441414406
436,14,2.5,1457567430
436,10,2.5,1463137699
436,194,1.0,1520201036
436,165,3.0,1571480795
436,56,3.0,1587703476
436,303,1.5,1605312665
436,43,1.5,1630645331
437,61,2.5,1272410262
437,133,2.0,1274213768
437,329,3.5,1280416146
437,13,5.0,1287866474
437,85,3.5,1305863473
437,155,2.0,1309194056
437,183,3.0,1326526616
437,64,2.5,1333715564
437,4,5.0,1345656505
437,25,4.5,1357073047
437,12,4.0,1358125756
437,240,4.0,1368921412
437,1,5.0,1378669036
437,239,4.5,1381149720
437,66,2.0,1400753513
437,223,2.5,1408609269
437,206,1.5,1414506308
437,136,4.0,1461782385
437,19,5.0,1471806090
437,134,3.5,1475582659
437,15,3.5,1483035372
437,167,1.0,1492209608
437,24,4.5,1498467826
437,97,3.0,1504197472
437,7,4.0,1528070303
437,311,4.0,1529761373
437,305,3.0,1531765621
437,259,2.0,1539019954
437,45,4.0,1565028081
437,337,1.0,1565858871
437,31,3.5,1580164357
437,2,2.5,1584124565
437,327,5.0,1586714929
437,83,2.5,1591639026
437,312,5.0,1619969690
437,313,4.0,1622150739
438,60,3.0,1274909566
438,27,3.5,1276444345
438,248,2.0,1277505915
438,86,3.5,1290105485
438,82,1.5,1297542383
438,38,3.0,1299519197
438,320,2.0,1314090109
438,103,2.0,1334641076
438,40,3.5,1342463842
438,302,4.5,1350581777
438,305,3.5,1351334088
438,65,4.0,1357971331
438,183,3.0,1362641101
438,44,3.0,1364081794
438,224,1.5,1368217424
438,243,0.5,1411641981
438,92,0.5,1439152287
438,135,3.0,1447467570
438,66,3.0,1449122131
438,14,4.5,1484439296
438,117,2.0,1502319046
438,274,2.0,1511626165
438,325,2.5,1513289014
438,12,5.0,1514553218
438,8,5.0,1520667985
438,321,3.5,1529908505
438,35,5.0,1548592473
438,58,4.5,1553647333
438,93,3.0,1560865682
438,22,4.0,1568950188
438,127,2.5,1571609365
438,300,3.0,1576227755
438,144,3.5,1597565428
438,69,2.5,1598648511
438,10,5.0,1620430867
438,9,5.0,1637132216
438,152,2.0,1644475953
438,304,0.5,1654681370
439,56,4.0,1262409974
439,205,0.5,1333827379
439,8,4.0,1369046799
439,58,2.5,1374125530
439,130,4.0,1390003542
439,303,1.0,1391914170
439,35,3.0,1393513861
439,135,5.0,1398346302
439,15,5.0,1439256912
439,52,1.5,1439396327
439,77,2.5,1471918562
439,33,4.5,1476157594
439,7,5.0,1502269924
439,115,4.5,1518220489
439,338,2.0,1536441077
439,72,3.5,1539789369
439,323,4.5,1555516195
439,30,3.5,1577346946
439,63,3.5,1589451878
439,66,4.0,1648011254
439,279,1.0,1660923977
440,25,2.5,1279776570
440,32,2.0,1282537842
440,89,3.5,1284647182
440,149,3.5,1296315509
440,19,5.0,1307521514
440,43,3.0,1325765548
440,301,4.0,1418938604
440,50,3.5,1426214892
440,289,1.5,1433620179
440,22,3.0,1470172057
440,200,2.5,1486332025
440,87,3.5,1529302123
440,210,1.0,1536916139
440,303,1.5,1574650959
440,108,0.5,1607209378
440,161,3.0,1613235580
440,99,4.0,1616066490
440,46,4.0,1618993575
440,103,2.5,1631969066
440,156,3.0,1651881736
441,17,3.5,1272983000
441,73,2.0,1276676744
441,33,2.5,1293943640
441,44,4.5,1294383556
441,41,5.0,1296832985
441,93,3.5,1299493786
441,86,2.5,1305988776
441,43,4.5,1336216063
441,288,2.0,1344295344
441,204,2.0,1359656640
441,32,4.0,1366961276
441,298,3.5,1375111411
441,97,3.0,1392490960
441,48,4.0,1401690947
441,330,2.0,1413113272
441,6,3.0,1420124177
441,71,1.5,1421793398
441,109,3.5,1428254458
441,108,3.5,1433519953
441,7,3.0,1443267206
441,160,0.5,1446067342
441,29,3.5,1453641172
441,337,4.5,1465574591
441,45,3.0,1474649682
441,94,4.0,1494076674
441,103,1.5,1498187174
441,237,1.5,1523088586
441,170,2.5,1535839549
441,132,2.5,1543822393
441,12,3.5,1552308546
441,62,2.0,1558502978
441,23,2.5,1558542138
441,9,3.0,1567379961
441,22,3.0,1581641253
441,117,3.0,1585146494
441,40,4.5,1590051648
441,18,3.5,1591890628
441,11,4.5,1602913443
441,10,3.0,1609336161
441,56,3.0,1632164249
441,232,2.0,1633958620
441,2,3.5,1644035974
441,217,2.0,1652921696
442,105,5.0,1265830210
442,21,3.5,1267595721
442,114,4.5,1269757472
442,147,2.5,1276905285
442,116,5.0,1278261941
442,203,2.0,1280557553
442,46,3.0,1282046713
442,322,4.5,1283521765
442,58,3.5,1286699320
442,127,2.0,1289185152
442,27,4.0,1291349246
442,67,2.5,1296909825
442,82,2.5,1314755306
442,59,3.0,1316865284
442,341,5.0,1329089665
442,3,5.0,1340854616
442,106,3.5,1344784989
442,126,3.0,1346670071
442,9,5.0,1360465829
442,104,5.0,1388457481
442,186,3.0,1402187055
442,2,5.0,1408083275
442,61,3.0,1414742952
442,232,4.5,1439492773
442,189,2.0,1442988619
442,70,1.5,1455231230
442,321,2.5,1492028575
442,45,2.5,1499847363
442,264,5.0,1504305607
442,94,3.5,1506333815
442,115,5.0,1524704304
442,226,1.5,1527086551
442,96,2.5,1528969677
442,93,3.5,1537645992
442,222,4.0,1540961047
442,97,1.5,1541817997
442,22,4.5,1543570769
442,247,5.0,1556150744
442,44,3.0,1557471991
442,64,2.0,1561531668
442,291,1.5,1578825428
442,18,4.0,1583410776
442,14,5.0,1585368668
442,325,1.5,1588890569
442,60,2.5,1592163259
442,237,2.5,1609473206
442,197,2.0,1609716793
442,280,2.5,1610538440
442,117,4.5,1616958404
442,296,4.5,1617829481
442,63,2.5,1618533150
442,48,3.5,1634563836
442,165,4.5,1639883504
442,55,3.0,1650092272
443,218,4.5,1271047652
443,36,5.0,1272908309
443,310,4.5,1294840562
443,11,5.0,1307525883
443,5,5.0,1323576593
443,78,5.0,1347748754
443,116,5.0,1350184629
443,130,5.0,1359812606
443,39,5.0,1413422414
443,10,5.0,1424335849
443,289,0.5,1429608989
443,58,2.5,1436583345
443,56,4.0,1440555477
443,173,5.0,1447496949
443,194,4.5,1462119159
443,94,4.0,1463313664
443,297,5.0,1469773849
443,65,4.5,1473152660
443,219,4.0,1478830009
443,9,5.0,1479585861
443,6,5.0,1508079541
443,183,4.5,1516836365
443,236,5.0,1529586167
443,109,5.0,1531045393
443,135,5.0,1544873612
443,24,5.0,1555916101
443,242,2.0,1565003454
443,104,5.0,1573101583
443,57,5.0,1587855268
443,232,3.0,1607243916
443,112,5.0,1610786307
443,86,5.0,1614883094
443,18,5.0,1642150398
444,8,3.0,1274459828
444,231,3.5,1277018555
444,133,3.0,1308916680
444,2,4.0,1318349097
444,72,1.5,1320814098
444,113,4.5,1348266932
444,35,4.5,1402673907
444,86,3.0,1403029995
444,54,3.5,1403939876
444,147,2.5,1417527042
444,95,1.0,1446814381
444,97,1.0,1471753264
444,17,4.0,1479448190
444,4,3.5,1486414680
444,37,4.5,1497911405
444,256,3.5,1500462992
444,109,3.0,1529886094
444,10,4.5,1551184334
444,60,0.5,1553318929
444,322,2.0,1559552253
444,1,3.5,1563699548
444,295,2.0,1575520321
444,63,1.0,1599865982
444,9,4.5,1614669833
444,18,3.0,1616733895
444,272,2.5,1623749528
444,33,4.5,1625458192
444,56,4.0,1635077871
444,99,3.0,1650611484
445,339,5.0,1264299948
445,104,4.5,1264673627
445,112,5.0,1278110638
445,291,2.5,1290383682
445,83,5.0,1295537263
445,152,0.5,1305001480
445,196,1.0,1308193866
445,236,2.0,1308398602
445,325,2.5,1318874996
445,266,5.0,1321811827
445,74,3.5,1324668526
445,99,5.0,1339477385
445,91,4.5,1345013522
445,12,4.0,1354158235
445,62,3.0,1365017239
445,82,4.0,1370693079
445,131,4.5,1375370958
445,1,5.0,1394564974
445,2,5.0,1403329825
445,15,5.0,1408235177
445,21,3.5,1414729221
445,61,1.0,1415348632
445,4,5.0,1415850908
445,7,5.0,1432425777
445,123,5.0,1439395268
445,35,4.0,1492120614
445,247,5.0,1498937263
445,42,3.0,1508956326
445,178,5.0,1517208070
445,38,3.5,1527672585
445,109,5.0,1533166470
445,25,4.0,1541355667
445,17,5.0,1551953499
445,46,3.5,1574719401
445,39,5.0,1576466791
445,130,5.0,1581319570
445,5,5.0,1591420822
445,111,5.0,1595513869
445,22,4.0,1604847129
445,105,5.0,1610662802
445,256,5.0,1615763228
445,139,0.5,1622187954
445,78,3.5,1622618182
445,59,2.0,1623272160
445,126,4.0,1624757043
445,269,5.0,1634713241
445,94,3.0,1635006034
445,151,2.5,1646898414
445,11,5.0,1652269590
445,297,3.0,1658224208
446,10,3.0,1276120109
446,56,3.0,1277291232
446,50,3.0,1285780246
446,306,4.0,1295074128
446,27,5.0,1299129250
446,119,5.0,1299656520
446,178,4.5,1306734351
446,323,3.0,1309798184
446,4,4.0,1317814562
446,272,4.5,1319024639
446,135,4.0,1323489085
446,167,0.5,1330073774
446,13,5.0,1343477442
446,42,3.5,1349092269
446,195,0.5,1359217441
446,224,1.0,1360867293
446,324,1.5,1367904781
446,218,2.0,1370973215
446,139,3.5,1375265786
446,322,2.0,1387598986
446,93,4.0,1394726907
446,158,3.0,1400186965
446,151,3.0,1401329174
446,134,4.5,1421272212
446,18,3.5,1421456520
446,11,5.0,1435339237
446,66,3.0,1436679948
446,41,3.0,1455253244
446,291,3.5,1473476892
446,222,2.5,1489159081
446,54,3.5,1494396861
446,217,4.0,1495986083
446,209,2.0,1496963074
446,250,2.0,1510103654
446,104,5.0,1517311338
446,244,3.5,1534551193
446,176,4.0,1546949132
446,78,3.0,1548200646
446,226,2.0,1549350492
446,299,1.0,1551519932
446,25,4.0,1561686079
446,215,3.0,1572637488
446,31,3.5,1589849929
446,190,3.0,1618246233
446,15,5.0,1630431089
446,35,3.0,1651570426
446,92,2.0,1652155015
447,295,2.5,1269263211
447,65,2.5,1274570228
447,158,3.5,1291854656
447,48,3.0,1297024932
447,272,4.5,1303319238
447,97,4.0,1304425828
447,304,2.0,1304487238
447,132,4.5,1310311416
447,106,3.5,1311933478
447,58,1.5,1318911666
447,44,3.0,1319118633
447,317,2.5,1322242859
447,35,2.0,1322787770
447,140,2.0,1325874752
447,5,4.5,1347748936
447,187,0.5,1352442815
447,67,3.5,1355523580
447,296,3.0,1367248484
447,196,1.5,1374312351
447,327,3.5,1385239307
447,61,2.5,1395516670
447,94,4.5,1397797934
447,164,1.5,1425029787
447,57,4.0,1445527829
447,11,5.0,1446296583
447,73,2.5,1449087995
447,321,2.0,1449345024
447,136,3.5,1462984154
447,117,4.0,1475304372
447,251,2.5,1489680054
447,4,4.5,1490234932
447,311,3.0,1504214374
447,33,3.0,1510744396
447,174,3.5,1523339405
447,60,1.0,1523494270
447,194,2.0,1533318267
447,108,2.5,1540652779
447,180,2.0,1550613783
447,18,3.5,1551915730
447,159,4.0,1554146315
447,54,3.0,1567376091
447,213,2.5,1572925642
447,59,3.0,1579660428
447,9,4.0,1608079554
447,156,3.5,1619548571
447,161,2.0,1624420869
447,133,4.5,1633434287
447,95,3.5,1650714408
447,151,3.0,1651230008
447,185,0.5,1652142826
447,10,4.0,1654642727
447,30,4.0,1659273916
448,322,5.0,1265195272
448,19,4.5,1306700227
448,227,3.5,1332875625
448,87,3.0,1410260007
448,50,4.0,1450063995
448,189,2.5,1459778048
448,10,5.0,1476757057
448,165,4.5,1491699339
448,36,5.0,1539327520
448,15,4.0,1646280212
448,151,2.5,1652618848
448,301,4.5,1661153683
449,58,3.0,1268933446
449,338,2.5,1278215259
449,173,3.0,1304851808
449,288,2.5,1306818866
449,149,2.5,1323824002
449,48,5.0,1330011990
449,76,2.5,1330181723
449,52,5.0,1333014097
449,222,4.0,1339965441
449,41,5.0,1369702613
449,68,4.0,1387225410
449,59,3.5,1393936798
449,67,3.0,1396813678
449,72,4.0,1410490748
449,200,3.5,1420025353
449,13,3.5,1422291122
449,10,3.5,1438541465
449,36,5.0,1453906995
449,115,3.5,1460515515
449,54,4.5,1462210356
449,55,2.5,1479097718
449,98,2.5,1497069537
449,88,4.0,1502610742
449,37,5.0,1506994748
449,1,3.5,1518246996
449,57,4.0,1522471466
449,313,3.0,1528256370
449,267,3.5,1554326751
449,44,5.0,1557494841
449,190,4.0,1573936521
449,311,4.0,1585903631
449,21,3.0,1598005961
449,210,1.0,1613239881
449,45,5.0,1628541602
449,186,3.5,1630421250
449,211,2.5,1637127804
449,135,3.5,1644142077
449,30,4.0,1655024850
450,182,3.0,1274952111
450,306,4.0,1281028587
450,13,4.5,1301621174
450,18,4.5,1313639951
450,93,3.5,1313765585
450,204,4.5,1317787007
450,62,5.0,1348927758
450,329,4.0,1360526432
450,54,4.5,1364896153
450,27,4.5,1386978578
450,2,3.0,1397742051
450,63,2.0,1397831951
450,116,1.5,1414773212
450,94,2.5,1419258741
450,66,4.5,1429271238
450,312,4.0,1491863311
450,158,3.5,1536324591
450,247,3.0,1545040949
450,85,3.5,1552747720
450,105,4.0,1574156333
450,30,3.5,1575773179
450,126,3.0,1610861188
450,236,2.0,1612512137
450,258,2.5,1619812478
450,214,4.5,1631076194
451,314,3.5,1311410463
451,262,5.0,1328522038
451,214,5.0,1329039508
451,26,4.5,1416148635
451,346,5.0,1467459602
451,48,2.5,1468425390
451,139,3.5,1507059932
451,183,3.5,1534999725
451,210,2.5,1537915141
451,9,3.5,1540294166
451,298,2.5,1547442269
451,236,3.5,1553723136
451,313,3.5,1563228751
451,35,4.0,1566141670
451,178,5.0,1576666232
451,61,2.0,1577755848
451,28,3.0,1601218961
451,30,3.5,1606402896
451,331,3.5,1607183825
451,226,3.0,1607206060
451,4,5.0,1617750270
451,106,5.0,1624810852
451,17,5.0,1626439451
451,174,4.5,1652232408
451,56,4.0,1655107998
451,14,3.0,1657934266
452,34,3.5,1279198854
452,7,1.0,1323313017
452,97,2.0,1339565343
452,54,4.5,1341985828
452,196,2.5,1351992063
452,58,4.0,1353141006
452,36,4.0,1357092625
452,18,4.0,1360001193
452,265,0.5,1371163398
452,148,3.0,1392767563
452,53,2.5,1414854320
452,221,2.5,1445234081
452,50,2.0,1464078065
452,301,4.5,1476194053
452,237,4.0,1477055991
452,42,2.5,1533830776
452,192,1.5,1550645812
452,240,1.5,1578427626
452,68,2.0,1580632892
452,279,1.5,1585592733
452,28,2.5,1600664793
452,302,4.5,1603468715
452,55,4.0,1606558410
452,163,3.0,1647983980
453,24,3.5,1308444381
453,93,3.5,1318190805
453,77,2.5,1322680389
453,92,2.0,1323631934
453,97,4.0,1324299247
453,125,0.5,1348542885
453,189,1.5,1351246244
453,88,3.0,1354674658
453,40,4.5,1356925418
453,245,2.5,1358270879
453,9,4.5,1359226633
453,8,4.5,1368242258
453,280,3.0,1381906531
453,147,3.0,1385193897
453,196,2.5,1386758999
453,56,3.0,1390688481
453,10,3.0,1397551891
453,37,3.5,1404252208
453,33,2.0,1413584624
453,57,3.5,1416664552
453,44,4.0,1426537125
453,42,4.5,1426693188
453,153,2.0,1438246646
453,19,5.0,1441413003
453,302,4.0,1444429264
453,180,2.0,1451955866
453,190,4.0,1456848901
453,175,1.5,1466727063
453,313,4.0,1469635862
453,273,2.5,1471095795
453,71,2.0,1474608774
453,86,2.5,1482872689
453,6,1.5,1499349690
453,41,4.5,1503006699
453,47,5.0,1506777834
453,105,1.5,1512644983
453,55,3.5,1526901091
453,321,4.0,1533127665
453,149,3.0,1533140426
453,18,3.5,1537481687
453,277,3.5,1540253810
453,134,3.5,1553061314
453,4,4.0,1556648863
453,89,2.5,1556797375
453,104,2.5,1557551613
453,81,2.0,1570129595
453,26,3.5,1571397635
453,27,2.5,1592424045
453,159,2.5,1596159105
453,7,2.5,1603076999
453,283,2.5,1610257085
453,59,4.5,1630878252
453,289,2.0,1642254401
454,222,5.0,1270774570
454,301,4.5,1271826754
454,129,3.0,1275311089
454,311,3.0,1282593513
454,54,5.0,1283108152
454,207,2.0,1288088803
454,8,5.0,1292978683
454,64,4.0,1300887797
454,156,4.5,1323460395
454,49,2.0,1326827765
454,23,5.0,1343267609
454,105,5.0,1358240786
454,281,2.5,1395579799
454,190,5.0,1399068319
454,278,0.5,1400281254
454,4,5.0,1421263554
454,59,4.0,1443946145
454,180,2.0,1457871335
454,55,3.0,1460339399
454,179,2.5,1469067490
454,165,5.0,1480656005
454,99,5.0,1486774236
454,174,4.0,1493456491
454,200,2.5,1495065698
454,72,4.0,1497706251
454,108,3.0,1504079040
454,133,3.5,1520241481
454,13,5.0,1525534762
454,93,3.5,1527287458
454,27,5.0,1530495691
454,20,5.0,1531724276
454,32,4.5,1542056326
454,199,3.0,1550714983
454,14,5.0,1560405738
454,163,3.5,1570160041
454,34,5.0,1571932643
454,22,5.0,1582854524
454,104,5.0,1614159334
454,323,4.5,1616888311
454,109,4.0,1621245176
455,7,5.0,1263255429
455,85,4.5,1267172648
455,1,5.0,1268923165
455,91,5.0,1275228289
455,313,5.0,1278823048
455,287,0.5,1292914539
455,89,5.0,1292923689
455,64,4.5,1308772590
455,119,4.5,1310366369
455,105,4.0,1328340480
455,15,5.0,1339308109
455,82,5.0,1343027833
455,195,2.5,1357503050
455,136,5.0,1360811672
455,151,5.0,1362632866
455,272,4.5,1366113423
455,247,4.0,1378301790
455,56,4.0,1388565990
455,33,3.0,1396370026
455,280,4.0,1400018975
455,4,5.0,1413316722
455,41,2.0,1422077440
455,222,4.5,1440714331
455,152,4.0,1449533375
455,14,4.0,1452258337
455,23,5.0,1452569596
455,181,4.5,1469379955
455,323,5.0,1488183480
455,86,5.0,1496193802
455,61,2.5,1500996370
455,25,5.0,1503126879
455,183,4.0,1503529182
455,70,5.0,1509541692
455,13,5.0,1515907249
455,302,2.5,1528131182
455,231,4.0,1542117419
455,305,5.0,1544843953
455,176,5.0,1550762175
455,54,4.0,1551872281
455,22,4.5,1556839907
455,163,3.0,1558785300
455,333,3.5,1566736741
455,291,4.5,1567476653
455,18,4.0,1571102455
455,214,3.5,1580174104
455,230,2.0,1591349877
455,17,5.0,1591912467
455,159,3.0,1591967171
455,316,2.5,1599040786
455,204,4.0,1602756118
455,62,5.0,1608761311
455,236,4.5,1611713292
455,300,2.5,1624414348
455,244,4.0,1631402052
455,178,4.5,1652470526
456,213,3.5,1283069761
456,59,3.5,1286391552
456,2,5.0,1287529834
456,104,4.0,1297546695
456,50,3.5,1371108390
456,34,5.0,1387245315
456,58,2.5,1453854487
456,217,3.5,1454996621
456,340,5.0,1484454846
456,204,2.0,1492702606
456,165,4.0,1509165701
456,237,1.5,1516409218
456,161,2.5,1524896022
456,311,3.0,1528363106
456,13,4.5,1530950923
456,64,2.5,1582109749
456,66,3.5,1624030135
456,11,4.5,1630905648
456,54,3.5,1641282178
457,58,2.5,1268635410
457,194,4.0,1272271787
457,237,2.0,1304792035
457,4,5.0,1320752245
457,11,5.0,1356899241
457,155,2.0,1357379041
457,127,4.5,1362140079
457,23,5.0,1384272740
457,53,3.0,1390531880
457,275,4.0,1409150333
457,100,5.0,1419926908
457,86,5.0,1424224965
457,152,3.5,1435977386
457,326,1.5,1438389144
457,13,5.0,1441547140
457,10,4.0,1458780739
457,1,5.0,1487197077
457,88,5.0,1506337864
457,68,4.5,1512526811
457,196,3.5,1525273426
457,20,2.5,1549882145
457,334,2.0,1564945033
457,113,2.5,1573506706
457,2,5.0,1577728600
457,193,4.5,1584732219
457,165,4.5,1594940930
457,64,3.0,1599223970
457,288,2.5,1601566951
457,236,5.0,1607466728
457,302,4.5,1612673179
457,26,5.0,1612903841
457,66,3.0,1649774692
457,207,1.0,1654541646
457,6,5.0,1656860382
457,62,5.0,1659480425
458,92,3.0,1269111722
458,70,4.0,1270506697
458,25,4.0,1277854842
458,181,3.5,1294210613
458,227,2.0,1295119973
458,95,3.5,1302190649
458,64,3.0,1337506150
458,197,1.5,1352702075
458,320,3.0,1352767352
458,314,3.5,1353254194
458,167,2.5,1358028026
458,178,2.0,1363443454
458,63,2.0,1389213251
458,129,3.5,1404908302
458,50,2.0,1430298565
458,58,2.5,1435972972
458,62,4.0,1455719322
458,89,2.0,1474972241
458,13,3.0,1518869293
458,14,2.5,1533513050
458,294,3.0,1544466459
458,154,2.5,1553020862
458,141,2.5,1569984997
458,312,4.0,1571944279
458,326,3.0,1594782949
458,100,3.0,1604075657
458,87,2.5,1632871838
458,98,3.5,1633145191
458,8,2.5,1636692907
458,81,3.0,1651893741
458,75,3.0,1654036429
459,56,4.5,1282882595
459,193,3.0,1288915883
459,55,3.0,1293908991
459,170,5.0,1299268570
459,312,2.5,1308817783
459,50,4.0,1325609026
459,7,5.0,1333033540
459,31,4.5,1377755826
459,17,5.0,1399320113
459,64,5.0,1399597610
459,158,5.0,1425926810
459,3,5.0,1470283455
459,35,4.0,1481331761
459,16,4.5,1486645742
459,89,4.5,1498321021
459,183,3.5,1569053865
459,322,4.0,1585038190
459,186,3.0,1588294546
459,305,5.0,1590341763
459,12,5.0,1622050478
459,20,5.0,1625300354
460,135,4.0,1267145465
460,76,4.5,1270657562
460,46,4.0,1288170614
460,23,4.0,1296791380
460,11,5.0,1371146558
460,180,2.0,1402263947
460,78,3.0,1418693577
460,151,3.0,1463151099
460,14,4.0,1502568045
460,92,2.5,1603857026
460,9,5.0,1606721626
460,311,3.5,1627263201
460,132,4.0,1646431962
461,200,2.5,1273509026
461,257,0.5,1301463142
461,301,4.5,1311617232
461,21,3.0,1348648118
461,18,4.0,1358167580
461,36,5.0,1363261761
461,311,2.5,1374633985
461,96,2.0,1379908593
461,300,4.0,1388481595
461,59,4.0,1404523568
461,237,3.5,1421456589
461,148,1.5,1463022905
461,214,2.5,1502170379
461,86,3.5,1508885672
461,250,2.5,1519931202
461,54,5.0,1556120590
461,12,4.5,1558686006
461,239,3.5,1559049773
461,155,2.5,1567410281
461,8,5.0,1572950921
461,47,3.5,1573356774
461,329,0.5,1576084285
461,44,4.5,1584237758
461,136,2.5,1602927893
461,187,3.0,1606783227
461,43,4.5,1613291192
461,34,5.0,1623653600
461,11,3.5,1626672301
461,53,4.5,1636360965
461,38,3.5,1658207434
462,5,4.5,1306381236
462,322,4.0,1320626758
462,244,3.5,1346116181
462,300,4.0,1347818820
462,311,5.0,1382529232
462,188,4.0,1382992863
462,34,4.0,1397415474
462,28,5.0,1397940862
462,59,4.0,1428624411
462,130,4.5,1432240836
462,67,3.0,1463643542
462,15,4.5,1532879104
462,186,3.5,1534382687
462,13,4.5,1581926783
462,183,3.5,1584084197
462,60,3.5,1585584734
462,135,4.0,1618407182
462,41,4.5,1634164246
463,195,1.5,1267083155
463,91,3.0,1301949727
463,135,4.0,1315233583
463,42,3.5,1322749606
463,75,4.0,1330613052
463,129,4.0,1369743503
463,102,4.0,1369847106
463,272,4.5,1370062508
463,74,3.5,1380653366
463,22,4.5,1398889369
463,223,3.5,1406010176
463,46,3.5,1411287046
463,68,3.0,1432218654
463,6,3.0,1437082780
463,114,4.5,1457117503
463,298,3.5,1479180475
463,59,4.0,1482870986
463,44,4.0,1492223212
463,55,3.5,1494186106
463,56,4.0,1499097552
463,2,4.5,1515940941
463,14,4.5,1520808453
463,57,5.0,1529775140
463,302,3.0,1538231245
463,31,4.0,1538578479
463,97,3.5,1556943046
463,225,2.5,1580110101
463,71,2.5,1587318609
463,19,5.0,1602225223
463,3,5.0,1637627748
463,11,5.0,1657650856
464,23,4.0,1267494865
464,40,4.0,1270569164
464,49,2.0,1273622897
464,81,2.5,1281366674
464,324,1.0,1300641066
464,31,4.0,1303360647
464,8,5.0,1318672815
464,36,5.0,1323997655
464,192,2.5,1331709706
464,32,2.5,1335333170
464,249,2.0,1335921592
464,239,3.0,1349857743
464,1,4.5,1349902466
464,321,2.0,1361457525
464,55,2.0,1367506713
464,77,1.0,1384565793
464,18,4.5,1389468416
464,48,3.0,1406795861
464,6,4.0,1451356176
464,161,1.0,1469522258
464,322,3.5,1489124424
464,188,1.5,1496005353
464,25,3.5,1497246858
464,12,5.0,1529623270
464,189,2.0,1541968562
464,4,4.0,1556837864
464,277,2.0,1583517758
464,106,2.5,1602095951
464,35,3.0,1602298464
464,2,4.0,1606604773
464,316,1.0,1619824044
464,59,3.0,1639972598
464,9,5.0,1647932018
464,5,2.5,1652703355
464,127,3.5,1652750881
465,183,2.5,1281421920
465,57,4.5,1285152885
465,8,5.0,1292037023
465,313,3.0,1305874808
465,28,2.0,1317027081
465,278,2.5,1328950808
465,33,4.5,1374254779
465,99,4.0,1412145489
465,59,3.5,1427604426
465,2,4.5,1436029347
465,49,3.5,1488007599
465,7,3.0,1493216621
465,46,4.5,1499841650
465,188,4.0,1528407105
465,22,4.0,1531081716
465,53,3.0,1570066809
465,13,3.5,1584046277
465,312,2.0,1605844422
465,54,5.0,1646316338
466,85,4.5,1326430525
466,89,3.5,1349010947
466,76,4.0,1388792931
466,303,3.0,1420640865
466,186,3.0,1426436417
466,8,3.5,1440490677
466,322,3.5,1455585747
466,63,3.5,1468609479
466,86,5.0,1619083826
466,30,3.0,1651996569
467,89,5.0,1277638904
467,160,1.5,1314114291
467,4,5.0,1327421182
467,214,4.0,1329876881
467,9,5.0,1353307148
467,88,5.0,1394850701
467,13,5.0,1405859900
467,19,5.0,1406146136
467,18,5.0,1411389450
467,33,5.0,1447365411
467,56,5.0,1461420951
467,2,5.0,1464379907
467,151,2.5,1469723528
467,61,3.0,1483179542
467,31,5.0,1501070266
467,272,4.5,1524101361
467,12,5.0,1534225547
467,126,3.0,1550651563
467,322,5.0,1579573483
467,16,4.5,1586125009
467,6,4.5,1616286969
467,165,5.0,1624865665
467,53,5.0,1640134838
468,207,2.5,1280225961
468,130,4.5,1301675723
468,188,3.0,1304839842
468,63,3.5,1316280963
468,12,3.5,1327899113
468,11,3.5,1332189388
468,56,2.0,1336267041
468,210,2.0,1342253455
468,60,1.0,1349432729
468,222,3.5,1349666553
468,31,4.0,1365704298
468,213,4.0,1367661542
468,310,2.5,1384105588
468,91,4.0,1390795417
468,82,4.0,1432716470
468,51,1.5,1447094934
468,282,2.0,1447165000
468,330,4.0,1458609887
468,1,5.0,1476581955
468,256,4.5,1489417982
468,62,5.0,1511273326
468,128,3.5,1527540234
468,68,3.0,1537914253
468,327,3.0,1545354820
468,18,3.5,1586471555
468,236,3.5,1591762824
468,250,3.0,1601395073
468,224,1.5,1603490859
468,17,5.0,1605489977
468,118,5.0,1623563807
468,315,1.5,1660158395
469,30,4.5,1306727884
469,99,3.5,1309757993
469,1,4.0,1331419249
469,29,3.5,1346932675
469,8,4.5,1388262011
469,298,2.0,1417537377
469,169,2.5,1425542707
469,24,3.0,1428168146
469,18,4.5,1439003668
469,297,2.5,1487012806
469,239,3.0,1496904805
469,218,3.0,1501483218
469,9,5.0,1518623096
469,31,4.0,1539191989
469,236,2.0,1598154218
469,25,2.5,1610907122
469,49,2.0,1626571320
469,159,1.5,1630070345
469,58,3.5,1641699178
470,68,3.5,1262433154
470,324,3.0,1276984903
470,211,4.0,1280004797
470,58,2.5,1291485299
470,220,3.5,1293077434
470,305,5.0,1294311309
470,298,2.0,1305213935
470,116,4.5,1355582270
470,184,3.0,1356185005
470,12,5.0,1365623461
470,205,3.0,1373949295
470,104,5.0,1375982189
470,33,3.0,1376009989
470,119,3.5,1390181333
470,272,4.0,1392440051
470,188,2.0,1416421912
470,73,2.0,1420834375
470,134,5.0,1426361507
470,190,4.5,1443944350
470,304,1.5,1449321761
470,46,2.5,1466905813
470,96,1.5,1480690791
470,236,2.0,1480879770
470,71,3.0,1486122677
470,17,5.0,1492245771
470,95,1.0,1501094101
470,53,2.0,1504390029
470,302,3.0,1516585436
470,265,4.5,1520620778
470,105,4.0,1520724236
470,223,3.0,1520754332
470,136,5.0,1533397133
470,27,5.0,1544756174
470,22,2.5,1553520601
470,29,5.0,1558293843
470,328,2.5,1564261164
470,291,4.5,1569888394
470,177,4.5,1575396470
470,330,4.0,1613356547
470,13,3.5,1621749319
470,164,3.5,1636970238
470,64,3.5,1638170924
471,29,2.5,1293471639
471,277,3.5,1342733589
471,280,3.0,1359345803
471,25,2.5,1390011490
471,196,3.0,1405202558
471,61,2.0,1425159135
471,42,5.0,1433504548
471,18,4.0,1433829427
471,30,5.0,1469537707
471,21,2.5,1470159717
471,282,0.5,1470403008
471,285,3.0,1484054034
471,154,2.5,1497473736
471,220,1.5,1504123407
471,46,5.0,1527360457
471,56,4.0,1529722997
471,240,4.0,1547211824
471,109,2.5,1548889679
471,249,4.0,1555610891
471,26,3.0,1566908124
471,287,2.5,1614007894
471,4,2.5,1620450962
471,8,3.5,1645893179
471,300,3.0,1656409500
472,169,3.0,1272970065
472,181,3.0,1284715930
472,218,2.5,1293842170
472,131,2.5,1311571634
472,291,3.0,1314871060
472,57,5.0,1330991484
472,279,2.0,1334529633
472,275,2.5,1344334923
472,8,4.5,1351803072
472,327,4.0,1362770290
472,60,4.5,1363690161
472,45,4.0,1363805131
472,324,2.5,1382264318
472,30,3.5,1382616868
472,155,2.5,1382701630
472,23,3.0,1414090744
472,68,3.5,1437887082
472,304,2.5,1445920529
472,94,2.5,1449470338
472,326,3.5,1460025542
472,55,3.5,1473577179
472,325,4.5,1487862657
472,244,2.0,1490573344
472,98,1.5,1496563571
472,49,3.5,1504717401
472,12,5.0,1507461833
472,14,4.0,1509348378
472,239,4.0,1509775771
472,56,5.0,1514277988
472,190,3.0,1519527995
472,43,4.0,1525519715
472,16,2.0,1552408508
472,65,4.0,1555227796
472,93,3.5,1565178078
472,195,1.5,1576420370
472,240,1.5,1584994692
472,35,4.0,1587986647
472,222,4.0,1615246960
472,18,4.5,1627699250
472,183,3.0,1629192911
472,17,3.0,1635846590
472,322,5.0,1638904401
472,189,2.5,1647131848
472,36,4.5,1649473320
472,89,4.5,1659977743
473,10,4.5,1263347737
473,62,5.0,1265955503
473,85,4.0,1271306593
473,177,3.0,1278699896
473,69,3.5,1284041392
473,127,4.5,1288619538
473,70,4.0,1295353348
473,327,4.5,1302269340
473,245,2.0,1320738409
473,60,2.5,1324959154
473,53,3.0,1352257367
473,95,4.5,1361339934
473,36,5.0,1361600585
473,204,3.5,1373413965
473,12,5.0,1374226433
473,55,3.5,1374465773
473,285,1.5,1379822168
473,158,4.5,1401236400
473,6,3.5,1407570077
473,129,5.0,1430800632
473,183,4.0,1436928302
473,321,3.0,1440497554
473,97,5.0,1440623418
473,15,5.0,1441093731
473,304,2.5,1442737347
473,4,5.0,1445857410
473,17,4.0,1465764548
473,255,4.0,1480189290
473,2,4.0,1481516832
473,47,3.5,1484099246
473,56,4.5,1484116227
473,179,3.5,1497606321
473,18,5.0,1525749375
473,63,2.5,1527023517
473,319,4.5,1531420294
473,5,2.0,1539202275
473,237,2.0,1543647406
473,25,4.0,1553771333
473,211,1.5,1554044955
473,46,5.0,1556183219
473,98,5.0,1565019026
473,88,5.0,1567447769
473,313,5.0,1579601458
473,206,1.0,1580226794
473,83,2.0,1581247269
473,296,4.0,1589795674
473,57,5.0,1591053092
473,176,3.5,1593286242
473,195,1.5,1601516124
473,13,5.0,1609260248
473,1,5.0,1609507406
473,11,5.0,1610720203
473,138,5.0,1613741201
473,317,4.5,1636196522
473,277,4.0,1639726386
473,26,4.5,1649266889
474,319,3.0,1274155688
474,9,5.0,1287866390
474,33,5.0,1297316012
474,41,3.5,1298109865
474,68,4.5,1302898380
474,60,4.5,1304401401
474,204,3.0,1306103644
474,12,5.0,1308290201
474,67,4.5,1327757183
474,296,4.0,1334983110
474,323,3.5,1339604493
474,11,5.0,1341284422
474,327,4.0,1354191227
474,239,3.5,1357203644
474,37,5.0,1373174957
474,63,2.5,1381767863
474,95,3.5,1387940682
474,30,5.0,1398066236
474,27,5.0,1400836175
474,245,3.5,1401538572
474,237,4.0,1401975895
474,46,3.5,1403528354
474,10,5.0,1405819192
474,105,4.5,1407355097
474,49,3.5,1414876945
474,103,1.5,1428568358
474,54,5.0,1444330325
474,21,4.5,1463274443
474,19,5.0,1467901671
474,85,3.5,1471797674
474,180,2.0,1475874264
474,34,5.0,1492555207
474,38,3.5,1498047920
474,126,3.5,1499851988
474,189,3.0,1510080841
474,2,4.5,1520688912
474,224,2.5,1523403342
474,3,5.0,1543911811
474,311,5.0,1567171288
474,132,2.5,1576961513
474,231,3.5,1585342689
474,4,5.0,1590602267
474,55,4.5,1624456329
474,88,4.5,1633846643
474,304,1.5,1634525358
474,322,5.0,1637834731
474,61,3.0,1640085879
474,56,5.0,1641339055
474,28,4.5,1644541165
474,29,5.0,1650121224
475,15,4.5,1263480920
475,45,3.0,1266098257
475,281,5.0,1282537391
475,81,3.0,1284837713
475,88,3.0,1287643186
475,102,3.5,1291296422
475,57,3.5,1298127370
475,198,2.0,1301333768
475,51,4.0,1301585710
475,96,4.0,1305558238
475,195,1.5,1333776685
475,8,3.0,1348135077
475,11,5.0,1360479283
475,7,4.0,1372232380
475,56,3.0,1374866942
475,243,3.5,1376095586
475,237,1.5,1376626465
475,78,3.5,1391336837
475,297,3.5,1395172056
475,29,2.5,1395514115
475,309,5.0,1415903408
475,13,4.5,1416449955
475,82,3.0,1426864242
475,18,5.0,1429642115
475,163,3.0,1437369353
475,330,2.5,1487449029
475,100,5.0,1497319484
475,49,3.5,1498328964
475,325,3.5,1503614997
475,85,3.5,1513449630
475,4,4.5,1516492648
475,44,3.0,1523167888
475,19,5.0,1524342296
475,55,2.5,1529517069
475,22,3.0,1529858149
475,53,3.0,1540671088
475,226,2.0,1544394458
475,12,3.5,1562306358
475,312,3.5,1562627792
475,192,3.0,1563524614
475,65,3.5,1565698599
475,59,2.5,1572923794
475,23,3.5,1579827882
475,159,3.5,1588831050
475,94,5.0,1596810292
475,242,3.0,1606333104
475,200,2.5,1610813634
475,10,4.0,1614247583
475,41,2.0,1614655072
475,40,4.5,1623443781
475,165,3.0,1625757197
475,311,3.0,1627772130
475,67,3.0,1629746920
475,183,2.5,1642760169
475,184,2.0,1643700672
475,74,3.5,1644343980
475,89,3.0,1656250609
476,90,1.0,1264160853
476,3,4.5,1286211393
476,159,3.5,1299096582
476,94,4.0,1304136172
476,27,2.5,1305844204
476,236,4.5,1309163692
476,48,2.0,1315721191
476,108,4.0,1329011232
476,23,3.5,1355208366
476,24,3.0,1359848332
476,335,4.5,1362104036
476,300,2.5,1369196266
476,250,1.5,1375850380
476,298,3.0,1397614706
476,174,4.0,1404904745
476,15,5.0,1411693264
476,2,5.0,1418609264
476,259,3.5,1427523553
476,114,4.0,1436433699
476,156,2.5,1449792716
476,158,4.0,1450761573
476,181,1.5,1454655654
476,96,2.5,1454894877
476,213,4.0,1471977102
476,35,3.0,1484738970
476,86,3.5,1490891011
476,28,2.5,1496685395
476,68,2.5,1496804510
476,45,2.5,1507424070
476,34,4.0,1512659528
476,70,2.5,1512764195
476,190,3.0,1520672045
476,18,3.5,1524626677
476,212,1.0,1538607894
476,22,3.0,1539950741
476,127,4.0,1549452333
476,44,2.5,1560112282
476,76,2.0,1566137552
476,246,2.0,1567402152
476,217,3.0,1572726411
476,31,3.0,1573353825
476,102,3.0,1586674450
476,54,2.0,1589583235
476,41,3.5,1595943210
476,132,3.5,1600964009
476,33,4.0,1615514888
476,280,4.5,1622406522
476,78,3.5,1623268179
476,56,2.0,1625123128
476,320,2.5,1629098688
476,25,3.5,1632302716
476,343,5.0,1646351422
476,331,3.5,1659609952
476,345,5.0,1660533555
477,304,3.0,1274556217
477,7,4.0,1283927407
477,136,4.5,1289858999
477,17,4.0,1307713243
477,6,5.0,1322527543
477,325,4.5,1329210632
477,16,5.0,1337392329
477,247,4.5,1346879312
477,277,3.5,1350050039
477,88,4.5,1368830484
477,43,4.0,1371942301
477,3,5.0,1386186702
477,214,3.0,1386657859
477,99,5.0,1389929515
477,26,5.0,1414542436
477,68,3.5,1454694914
477,97,3.5,1455201928
477,57,5.0,1455465243
477,81,2.5,1471803991
477,33,3.0,1491687548
477,129,4.0,1525714814
477,193,2.5,1558413014
477,48,3.0,1569044711
477,60,2.5,1581843809
477,51,1.5,1594898939
477,20,3.5,1600559624
477,253,5.0,1601495374
477,1,4.5,1616713741
477,189,4.0,1617616904
477,45,4.0,1660765459
478,50,3.5,1289175994
478,129,2.5,1333512504
478,26,3.5,1399723097
478,67,2.5,1400229045
478,65,3.0,1419970772
478,97,1.5,1425738855
478,82,2.5,1446934656
478,60,2.5,1481872876
478,12,5.0,1496756606
478,7,4.0,1513706388
478,93,3.5,1516294949
478,165,4.5,1534984146
478,143,5.0,1563899713
478,321,2.5,1568590015
478,312,1.0,1574292926
478,11,4.0,1594078222
478,77,2.0,1616333646
478,109,4.5,1618320483
478,21,3.5,1635231119
478,57,4.0,1639175976
478,237,3.0,1648217537
478,8,5.0,1657371037
479,22,3.0,1268294061
479,207,1.0,1270845903
479,298,2.5,1279333549
479,33,1.0,1284594649
479,59,3.0,1294859515
479,24,5.0,1303067407
479,94,4.5,1316041060
479,320,3.0,1328127444
479,183,2.5,1335471246
479,2,3.5,1339938740
479,173,1.5,1341334415
479,45,4.0,1343192296
479,293,2.5,1343246483
479,184,2.0,1347282423
479,143,2.0,1348529505
479,188,3.5,1351557366
479,40,4.5,1359593946
479,8,3.5,1382719389
479,328,3.0,1383610080
479,291,3.5,1384215544
479,16,2.5,1388879618
479,221,0.5,1407151241
479,146,1.0,1423340982
479,288,1.0,1431764162
479,103,2.0,1432411535
479,206,1.0,1435227110
479,165,3.0,1446327455
479,67,4.0,1446400950
479,10,3.5,1450360543
479,68,4.0,1451362646
479,44,3.5,1459240207
479,275,2.5,1487631386
479,86,4.0,1495380736
479,250,1.0,1499536585
479,26,4.0,1504352006
479,53,1.5,1505118926
479,278,2.5,1509618416
479,11,5.0,1513838769
479,23,4.5,1519233962
479,180,1.5,1522770947
479,1,5.0,1528797144
479,327,4.5,1537668300
479,92,3.0,1542131339
479,50,3.0,1557656071
479,321,2.5,1566853400
479,18,4.5,1577793120
479,7,3.0,1581784199
479,19,5.0,1582320559
479,29,3.0,1591625094
479,4,5.0,1597646610
479,17,3.0,1610518784
479,308,5.0,1624724467
479,36,2.0,1642919881
479,133,3.0,1644890737
479,14,3.5,1646203876
479,325,4.5,1657715560
479,305,3.0,1660911674
480,7,5.0,1269325257
480,113,5.0,1269464420
480,20,5.0,1292585487
480,112,5.0,1298539148
480,26,5.0,1322787401
480,300,3.0,1345757765
480,156,5.0,1390495526
480,194,1.5,1393845356
480,36,3.5,1417916482
480,1,5.0,1424995269
480,87,4.0,1431880471
480,3,5.0,1437196736
480,5,5.0,1439727982
480,18,4.0,1442907749
480,11,5.0,1443072531
480,105,5.0,1448102329
480,63,4.0,1451695563
480,160,2.0,1454124284
480,28,3.5,1460961259
480,91,5.0,1497476541
480,45,2.0,1538879241
480,101,2.0,1557112796
480,158,5.0,1585596949
480,118,5.0,1588616819
480,151,3.5,1589600649
480,4,5.0,1592044144
480,89,3.5,1592907913
480,2,5.0,1596790686
480,23,5.0,1600582060
480,88,3.5,1602441908
480,203,3.5,1632516371
480,290,0.5,1639459613
480,17,5.0,1644259292
480,37,3.5,1650841157
480,32,4.5,1651129581
480,284,4.0,1653008406
480,272,3.5,1657900972
481,50,2.0,1268029349
481,135,3.5,1304378782
481,327,3.0,1346954477
481,99,3.5,1361445078
481,165,2.0,1363009408
481,64,2.0,1373311326
481,17,4.5,1381924030
481,311,1.5,1383809345
481,40,3.0,1385322934
481,136,4.0,1386446704
481,333,1.0,1388385667
481,12,3.5,1396308857
481,69,3.0,1401747831
481,25,3.0,1405935796
481,312,2.0,1406184440
481,56,3.5,1408608180
481,291,4.0,1454745731
481,91,3.5,1465920277
481,305,3.0,1492118415
481,176,2.0,1531444861
481,9,2.0,1536083200
481,14,2.0,1565092895
481,93,1.5,1576003218
481,89,3.5,1597913393
481,177,2.0,1615128261
481,211,3.0,1617542801
481,57,3.0,1621341350
481,154,3.0,1630550429
481,279,0.5,1661658143
482,106,3.5,1270797712
482,11,3.5,1282544802
482,147,4.5,1290579186
482,280,2.0,1290601512
482,301,3.0,1305036613
482,250,2.0,1313646790
482,110,3.0,1323288977
482,338,3.5,1328707573
482,8,4.5,1331158614
482,34,5.0,1344744218
482,232,3.0,1350390690
482,55,1.5,1361054075
482,1,5.0,1365990767
482,53,2.0,1376243262
482,12,4.5,1380208471
482,6,3.0,1383460931
482,341,4.0,1391462403
482,253,3.5,1416101438
482,61,1.5,1425533806
482,4,5.0,1428953893
482,78,2.0,1439004343
482,25,4.0,1450737365
482,316,1.5,1460792401
482,100,4.0,1474117249
482,96,0.5,1487860792
482,57,2.5,1490106422
482,282,0.5,1492605236
482,33,4.0,1498985851
482,151,3.5,1534188177
482,115,5.0,1550192051
482,167,1.0,1557951416
482,275,0.5,1558777987
482,3,5.0,1566148934
482,26,5.0,1569806388
482,124,4.0,1573808473
482,120,4.5,1587629425
482,256,3.5,1595255661
482,118,4.0,1598015733
482,342,4.5,1601650719
482,93,3.0,1606994190
482,90,4.0,1614628170
482,67,1.5,1626661835
482,234,4.0,1626843906
482,27,3.0,1630343781
482,7,5.0,1636643471
483,55,2.0,1280200964
483,145,3.0,1286451865
483,85,3.5,1291451832
483,154,0.5,1296904902
483,91,4.5,1353266695
483,1,5.0,1402025932
483,19,5.0,1424721204
483,4,4.5,1464756222
483,237,2.0,1472748587
483,62,4.0,1478621590
483,129,3.0,1526592186
483,89,4.0,1558256785
483,20,4.0,1582825044
483,305,4.5,1583158566
483,165,4.0,1590685001
483,281,2.5,1649561126
483,300,3.0,1654788760
484,129,3.0,1286005729
484,311,4.5,1301610544
484,177,3.0,1319970385
484,1,4.5,1322405576
484,56,5.0,1333670137
484,300,3.0,1339921628
484,55,3.0,1357286766
484,224,1.0,1364105887
484,50,4.5,1372569429
484,19,5.0,1382415018
484,237,2.0,1392313627
484,8,5.0,1412852293
484,25,4.0,1471127056
484,62,3.5,1479969833
484,231,2.5,1492179870
484,34,5.0,1498288834
484,72,2.0,1502198511
484,30,5.0,1519183161
484,11,4.0,1534197486
484,225,2.0,1541982355
484,24,4.0,1558780018
484,190,3.0,1561539163
484,36,5.0,1572602141
484,13,3.5,1589958485
484,88,3.5,1592450173
484,161,3.0,1628698834
484,222,4.5,1649942806
484,165,5.0,1651794366
484,7,4.5,1661429104
485,301,3.5,1275671765
485,43,2.5,1283121508
485,7,5.0,1300732663
485,85,3.5,1304387579
485,300,2.5,1320442390
485,36,5.0,1325893766
485,12,5.0,1328044252
485,164,2.0,1350502530
485,224,1.5,1361674418
485,73,1.5,1362765488
485,58,2.5,1375354043
485,197,1.0,1377068580
485,155,2.0,1377388127
485,323,5.0,1379927215
485,18,5.0,1390652186
485,2,5.0,1401708464
485,19,5.0,1402263541
485,161,3.0,1403226919
485,72,5.0,1403267833
485,183,4.0,1410909738
485,63,1.5,1415164615
485,104,5.0,1416193312
485,10,5.0,1424929205
485,14,5.0,1429703291
485,27,5.0,1429994300
485,20,5.0,1447547270
485,57,5.0,1460996563
485,93,4.0,1477649436
485,204,5.0,1487318314
485,26,5.0,1515564311
485,4,5.0,1517632576
485,90,5.0,1532652818
485,112,3.5,1545959785
485,34,4.5,1552129374
485,302,3.5,1561100088
485,45,3.5,1567007270
485,154,2.5,1579134505
485,40,5.0,1621984186
485,46,3.5,1627444423
485,65,3.0,1640937884
485,133,3.0,1642772216
485,86,5.0,1652175315
485,244,1.5,1655257100
486,1,4.5,1265615219
486,18,4.5,1266160478
486,337,3.5,1274272671
486,190,2.5,1278392733
486,205,0.5,1281357605
486,159,1.5,1283480810
486,165,4.5,1287661859
486,295,3.0,1288485060
486,55,2.5,1289264402
486,131,4.0,1291790357
486,74,3.0,1293336674
486,89,3.5,1308863726
486,99,4.0,1333127780
486,180,2.5,1342029212
486,302,3.0,1342876580
486,288,1.5,1355474918
486,46,3.5,1356266877
486,41,4.5,1372464303
486,204,1.0,1381197869
486,20,2.0,1385827627
486,112,4.0,1394593555
486,54,5.0,1420268641
486,34,4.0,1421895911
486,188,2.5,1451386743
486,30,5.0,1479976163
486,11,5.0,1484406151
486,121,2.5,1490097049
486,2,4.0,1495960275
486,247,3.0,1523668568
486,98,3.0,1528581389
486,259,3.5,1548541584
486,12,4.0,1559370578
486,22,3.0,1561858541
486,292,1.0,1565856634
486,6,5.0,1571740864
486,44,5.0,1576310199
486,178,4.0,1579143476
486,15,4.5,1585564645
486,40,5.0,1597770596
486,97,2.5,1604144003
486,107,3.5,1621257602
486,9,4.0,1629483830
486,88,3.5,1633484156
486,48,5.0,1642245897
486,76,3.0,1658840402
486,301,4.0,1660413990
486,130,3.0,1660479719
487,288,1.5,1262619315
487,88,4.5,1263561708
487,70,4.5,1266582346
487,292,2.5,1276087445
487,319,4.0,1277095353
487,182,2.5,1279290888
487,200,2.5,1285700955
487,256,5.0,1305857105
487,29,2.5,1312372423
487,47,2.5,1314139418
487,304,2.5,1329083788
487,214,4.0,1349401296
487,184,2.0,1349432472
487,114,3.0,1349493225
487,138,4.0,1363592328
487,131,3.0,1373028089
487,325,4.5,1389438538
487,161,3.5,1392966219
487,60,1.0,1395294936
487,54,4.0,1410083481
487,10,2.5,1423767949
487,83,4.0,1427979666
487,81,4.0,1443547427
487,187,2.0,1450354581
487,346,2.0,1459854656
487,7,5.0,1471808800
487,112,3.0,1476397711
487,206,2.5,1478706732
487,22,3.0,1483840356
487,89,4.0,1486859480
487,152,3.0,1490038901
487,344,4.5,1494652957
487,224,1.5,1497350571
487,237,1.5,1502975105
487,23,5.0,1504240248
487,9,2.5,1505331581
487,102,4.0,1505883398
487,111,3.5,1513220409
487,64,2.5,1525280159
487,13,5.0,1540167717
487,154,2.5,1554236920
487,38,2.0,1557711761
487,165,2.5,1578158045
487,30,3.0,1588737308
487,239,4.0,1595259948
487,157,4.0,1595797275
487,181,3.5,1617131710
487,275,3.0,1620601193
487,103,2.5,1659878141
488,106,3.0,1269665418
488,70,2.5,1276924295
488,172,4.0,1296959256
488,87,3.0,1299668163
488,11,4.5,1304629405
488,114,4.0,1306393584
488,88,3.0,1328410457
488,178,5.0,1346849994
488,104,4.0,1348213557
488,186,0.5,1351496801
488,250,2.0,1379968135
488,236,3.0,1383366242
488,275,2.0,1406742932
488,10,3.0,1415826548
488,239,2.5,1416545081
488,203,2.5,1425840049
488,99,4.5,1432340422
488,47,2.0,1432801136
488,222,2.0,1434482073
488,29,2.5,1461839596
488,74,2.5,1462292899
488,149,0.5,1463387803
488,68,2.0,1479746077
488,2,5.0,1488747421
488,107,2.0,1542159034
488,1,5.0,1551663143
488,9,3.5,1554572469
488,267,4.0,1568493375
488,197,3.0,1571012493
488,12,2.5,1572187161
488,208,0.5,1575666199
488,73,2.5,1612166159
488,161,2.0,1612368356
488,140,0.5,1613702946
488,207,1.0,1624073756
488,5,5.0,1626227448
488,326,0.5,1632279980
488,302,0.5,1643999770
488,199,2.5,1651885792
488,31,2.5,1652087965
488,190,3.0,1660276630
489,295,4.0,1273279566
489,59,3.5,1279386082
489,83,2.5,1293021504
489,62,3.0,1307623015
489,239,4.0,1309744394
489,47,3.0,1352814087
489,94,3.0,1360448398
489,44,3.5,1376910788
489,18,3.5,1381762899
489,23,2.5,1393343569
489,201,2.5,1394430193
489,296,4.0,1396912618
489,194,2.5,1404649997
489,22,3.5,1411379073
489,328,1.5,1417949479
489,70,2.5,1419739187
489,133,3.0,1433027424
489,4,3.5,1438295668
489,54,4.0,1441633679
489,2,3.5,1449794884
489,152,1.0,1461354943
489,305,2.5,1465701847
489,45,4.0,1477950015
489,269,2.5,1479094860
489,324,1.5,1482644133
489,37,3.0,1486345494
489,190,3.0,1490849613
489,208,0.5,1491717469
489,98,4.5,1498579232
489,43,3.5,1508054345
489,311,4.0,1519906250
489,53,2.0,1526321025
489,322,3.0,1535746241
489,329,2.0,1552820069
489,151,2.5,1579256586
489,321,3.5,1584326169
489,12,4.0,1597976273
489,155,2.5,1613553687
489,116,3.5,1622322966
489,276,2.0,1625635513
489,96,4.0,1642792818
489,7,2.5,1646033637
489,289,2.0,1648250081
489,126,1.5,1653303088
489,302,2.5,1654308683
490,18,4.5,1265240529
490,300,3.0,1268222927
490,40,5.0,1280622225
490,91,4.5,1298187582
490,60,2.0,1333198541
490,152,4.5,1334523226
490,71,2.5,1343435210
490,72,4.0,1344715212
490,51,2.5,1346687236
490,243,3.5,1348198503
490,30,3.5,1351442325
490,65,3.5,1362735682
490,23,5.0,1375059489
490,42,4.5,1380043521
490,45,4.0,1390023642
490,276,2.5,1392035689
490,78,4.0,1392140965
490,88,5.0,1399623115
490,13,5.0,1404209927
490,10,4.0,1408107494
490,297,3.5,1464844039
490,209,1.0,1495083288
490,36,4.5,1552314081
490,4,5.0,1553468005
490,154,1.0,1555794823
490,322,4.5,1559121057
490,12,5.0,1572423516
490,55,3.0,1586192716
490,158,5.0,1617799856
490,329,4.0,1629794888
490,76,4.0,1632643857
490,17,5.0,1658008271
490,135,4.5,1658194763
491,98,1.5,1263588751
491,132,2.0,1270473189
491,46,3.5,1282819358
491,161,4.0,1307256454
491,50,4.0,1307749994
491,58,3.5,1384743335
491,54,5.0,1397240001
491,97,2.0,1407901900
491,18,5.0,1422340888
491,226,3.0,1452012940
491,127,4.5,1463248351
491,10,4.5,1491452234
491,40,5.0,1513129415
491,60,4.0,1516294529
491,67,4.5,1524795826
491,24,4.0,1525271116
491,19,4.5,1530557041
491,111,3.0,1533388066
491,12,5.0,1599183195
491,34,5.0,1601616694
491,29,4.5,1602769238
491,85,2.5,1613971882
491,83,3.5,1618512895
491,321,3.5,1642178686
491,14,4.5,1658998296
491,152,1.5,1659315049
492,11,5.0,1308339346
492,94,4.0,1310975009
492,92,4.5,1394735704
492,29,4.0,1407422747
492,188,3.5,1410575688
492,153,1.5,1472810656
492,206,2.0,1480542543
492,2,5.0,1485414294
492,247,5.0,1493352134
492,45,3.0,1497499399
492,43,3.5,1565996742
492,322,3.0,1569516194
492,59,3.5,1591615759
492,314,4.5,1604095410
492,38,3.5,1614242781
492,135,4.0,1622058172
493,26,5.0,1288013133
493,152,5.0,1318235941
493,30,5.0,1337631952
493,32,5.0,1345440451
493,165,3.5,1356948070
493,63,4.5,1366248128
493,64,4.5,1381157136
493,169,2.5,1392023810
493,151,4.5,1400917333
493,130,5.0,1402867591
493,220,3.0,1406972234
493,103,2.0,1408902235
493,72,4.0,1444043953
493,331,1.5,1445587035
493,273,2.0,1457396840
493,104,5.0,1473711871
493,3,5.0,1478622860
493,62,5.0,1483790658
493,139,3.0,1486347324
493,12,5.0,1491144928
493,149,2.0,1498879603
493,158,5.0,1531725051
493,4,5.0,1537586482
493,190,5.0,1552635787
493,157,5.0,1572458314
493,182,3.0,1575846189
493,17,5.0,1608559721
493,11,5.0,1618769793
493,57,4.5,1647119220
493,23,5.0,1649131782
494,88,3.5,1314919501
494,37,5.0,1317433355
494,7,2.5,1323522274
494,4,4.0,1330895126
494,10,4.0,1333072399
494,177,3.5,1335674091
494,215,0.5,1340159105
494,204,2.0,1347176710
494,89,4.0,1350304354
494,74,3.5,1355092818
494,311,3.0,1356143086
494,38,5.0,1357883915
494,130,4.0,1398178462
494,252,2.5,1399504635
494,23,3.0,1406995221
494,30,5.0,1431495467
494,56,5.0,1452178421
494,179,4.0,1477159689
494,98,2.5,1478154741
494,48,4.5,1483086701
494,81,2.0,1513645627
494,288,2.5,1529030348
494,49,5.0,1539002444
494,114,1.5,1543150079
494,40,5.0,1544330844
494,59,3.0,1569427522
494,50,5.0,1571824202
494,187,2.0,1580462616
494,167,1.5,1587413671
494,237,2.0,1601473765
494,214,1.5,1613878428
494,52,4.5,1616267984
494,99,4.5,1619758375
494,93,3.5,1636524581
494,43,5.0,1650268485
494,9,4.5,1657328634
495,197,1.5,1262729243
495,127,2.0,1265839312
495,11,3.5,1278162148
495,72,1.0,1280978233
495,165,4.5,1286674989
495,34,5.0,1341512999
495,57,3.5,1342152251
495,53,2.5,1342466673
495,301,4.5,1353754498
495,112,4.0,1355130010
495,22,4.0,1361818063
495,28,3.0,1371329696
495,18,2.5,1375534751
495,236,1.0,1378110537
495,69,1.5,1400018061
495,311,2.5,1401834522
495,54,3.5,1404599079
495,149,1.0,1407129306
495,106,2.5,1409194685
495,117,4.0,1418327033
495,288,0.5,1421233710
495,36,5.0,1423056024
495,32,5.0,1424689271
495,33,5.0,1424739041
495,272,1.0,1425388217
495,102,2.5,1433336861
495,30,4.5,1434944384
495,59,2.5,1437964040
495,35,4.5,1443001026
495,10,4.5,1443577760
495,4,2.5,1451724471
495,189,1.0,1466937975
495,14,4.0,1467897667
495,231,3.0,1473280222
495,9,5.0,1481517836
495,326,2.0,1504759754
495,105,4.0,1513936600
495,114,3.5,1514568982
495,103,1.0,1523737066
495,66,3.0,1529707408
495,297,3.0,1530012285
495,8,5.0,1532263229
495,182,1.5,1540132317
495,19,2.5,1550137232
495,55,3.0,1556010278
495,319,1.5,1564998949
495,31,4.5,1567267337
495,23,2.0,1579354154
495,225,2.0,1596719851
495,24,1.5,1608504861
495,322,3.5,1611223880
495,12,4.0,1615008478
495,295,2.0,1627940755
495,50,3.0,1639743309
495,188,2.0,1648822808
496,287,1.0,1263780866
496,113,5.0,1264734002
496,14,2.5,1268761478
496,8,3.5,1309226119
496,64,3.0,1314224608
496,10,3.0,1315249315
496,177,4.0,1328386870
496,329,1.5,1353662201
496,179,2.0,1359113486
496,134,5.0,1363689398
496,13,4.5,1383613609
496,151,2.5,1384282922
496,2,5.0,1385089911
496,19,5.0,1387973678
496,236,2.0,1397061398
496,321,1.5,1409257627
496,237,0.5,1436347768
496,299,1.0,1443322613
496,44,2.0,1444560293
496,153,0.5,1447687033
496,325,3.0,1448673165
496,7,5.0,1451042381
496,217,4.5,1457807579
496,320,1.0,1462392659
496,212,3.0,1466299062
496,25,3.0,1480942817
496,235,0.5,1490749615
496,18,2.5,1494464178
496,36,4.0,1511778596
496,67,2.0,1517498725
496,156,4.0,1519786817
496,291,4.0,1536942457
496,93,2.5,1543428647
496,247,4.0,1552017205
496,191,1.0,1553145141
496,112,5.0,1553210515
496,232,2.5,1566944222
496,302,2.5,1570716954
496,326,1.5,1574267341
496,300,2.5,1576028989
496,20,5.0,1590408588
496,143,4.5,1595385805
496,62,3.0,1600991262
496,1,4.0,1619629956
496,65,0.5,1621682959
496,4,4.5,1625307825
496,306,2.0,1633625948
496,231,4.5,1634688508
496,30,3.5,1636765303
496,86,4.0,1644988636
496,23,3.5,1646155415
496,327,2.0,1646632254
496,15,4.5,1651922032
497,19,5.0,1291811578
497,301,5.0,1308089411
497,74,3.5,1342992551
497,43,4.5,1383490356
497,29,3.0,1391192125
497,152,2.0,1397836585
497,20,2.0,1415164996
497,73,2.0,1424370355
497,246,2.0,1441857827
497,2,3.5,1472450340
497,302,2.0,1551940241
497,42,5.0,1574978611
497,36,5.0,1578862365
497,90,3.0,1625988529
497,45,5.0,1631969968
498,267,3.5,1264636043
498,187,1.5,1304347692
498,23,5.0,1346106232
498,165,3.0,1385181645
498,220,1.0,1397522094
498,127,4.0,1430538579
498,330,2.5,1483207229
498,7,5.0,1500355901
498,158,4.0,1524402938
498,64,3.0,1553819802
498,43,3.5,1556079936
498,75,4.0,1606215567
498,19,4.5,1622986904
499,65,2.0,1281720945
499,305,3.0,1290540276
499,238,0.5,1294860812
499,19,4.0,1305199493
499,111,4.0,1312695029
499,340,5.0,1333532794
499,278,0.5,1345757064
499,211,2.0,1356272504
499,38,3.0,1356780347
499,4,3.0,1357864558
499,134,4.0,1365530547
499,30,5.0,1377226651
499,8,4.0,1391491548
499,20,4.5,1396485360
499,112,5.0,1403098616
499,43,1.5,1414444727
499,34,4.0,1427294087
499,99,3.5,1431975828
499,342,5.0,1455109733
499,18,3.5,1456048093
499,62,2.0,1456705111
499,66,3.0,1473381652
499,48,2.0,1479932273
499,31,4.5,1488924027
499,214,4.5,1507086344
499,37,3.0,1509856968
499,232,2.5,1512827705
499,314,2.0,1522396168
499,12,3.5,1526995114
499,291,2.5,1580586569
499,183,2.0,1595856359
499,117,5.0,1610351630
499,68,1.5,1611799130
499,13,4.5,1613191597
499,1,4.5,1613962982
499,248,4.5,1614583511
499,55,1.0,1614990342
499,105,5.0,1624010452
499,187,1.0,1633388406
499,87,2.5,1643737632
499,346,5.0,1649130229
499,341,5.0,1651940765
499,17,4.5,1656886543
500,89,4.5,1339254274
500,24,5.0,1343959470
500,184,4.0,1374361348
500,13,4.5,1384046890
500,153,1.5,1394097284
500,151,3.5,1414900983
500,94,4.0,1432557597
500,309,5.0,1439691332
500,11,4.5,1449291297
500,7,4.0,1449840439
500,6,5.0,1485692593
500,239,4.0,1499543600
500,344,2.5,1521976614
500,57,4.0,1522912090
500,22,4.0,1551152576
500,72,4.5,1589199990
500,147,4.5,1657568843
501,255,2.0,1270301783
501,18,5.0,1298304507
501,237,4.0,1306642564
501,56,4.5,1315558480
501,124,5.0,1334217171
501,37,5.0,1335269630
501,7,3.5,1348733931
501,12,4.5,1376030315
501,81,3.5,1407317800
501,279,3.0,1412092299
501,9,5.0,1413135457
501,220,2.5,1515609349
501,35,5.0,1555574997
501,159,2.5,1555906064
501,165,5.0,1569073119
501,324,2.5,1587432884
501,65,4.0,1622685515
501,87,3.0,1653205800
501,93,5.0,1661372011
502,1,5.0,1276460870
502,47,4.0,1278676057
502,345,3.0,1288467140
502,18,4.0,1298036458
502,274,3.5,1309934965
502,246,3.0,1312406313
502,81,2.5,1315735164
502,83,3.5,1316334451
502,48,3.0,1325367664
502,200,2.0,1336293177
502,42,3.5,1343552862
502,212,0.5,1364069757
502,57,3.5,1380671351
502,301,4.0,1381901874
502,249,4.0,1406704399
502,204,1.5,1409398352
502,49,4.0,1411859997
502,68,2.5,1429489500
502,209,1.5,1441303154
502,35,2.5,1448378743
502,323,2.0,1468628778
502,72,2.5,1485145758
502,19,5.0,1494034035
502,313,4.5,1503023752
502,151,2.5,1506078286
502,27,2.5,1508981011
502,2,5.0,1517259939
502,133,3.0,1521535933
502,64,1.0,1521554470
502,7,4.5,1526763333
502,218,2.0,1548100543
502,285,3.5,1553214935
502,338,2.5,1559230312
502,56,3.0,1559605681
502,289,1.0,1562944362
502,51,2.5,1566664965
502,291,3.5,1567993204
502,25,3.5,1570181678
502,197,2.0,1571397514
502,277,3.0,1572644016
502,11,5.0,1584176052
502,312,3.5,1598917832
502,321,2.5,1603802362
502,75,4.5,1610799722
502,300,4.0,1622167325
502,9,4.0,1629983360
502,159,2.5,1631218975
502,3,4.5,1647198965
502,236,3.5,1650614122
502,136,3.5,1655332580
503,58,4.0,1271047984
503,321,4.5,1303312828
503,116,4.5,1320123044
503,330,3.0,1343082889
503,237,4.0,1346753024
503,239,3.5,1353418697
503,194,0.5,1354320432
503,290,1.0,1361107669
503,70,1.5,1362891357
503,302,5.0,1363998587
503,328,1.5,1366536582
503,88,4.5,1383975992
503,300,4.5,1385357342
503,143,5.0,1387021551
503,17,3.5,1389125791
503,56,5.0,1396147657
503,32,5.0,1400172339
503,211,0.5,1433453437
503,43,4.0,1447636896
503,94,3.5,1458780729
503,177,5.0,1470195850
503,252,3.0,1476097614
503,16,3.0,1483009244
503,4,4.5,1489510856
503,329,2.0,1499147121
503,109,4.0,1508494142
503,178,4.0,1521178093
503,8,5.0,1524094682
503,85,1.5,1525865678
503,18,4.0,1527265036
503,245,3.5,1535728323
503,6,4.5,1541220830
503,5,3.5,1550085839
503,222,3.5,1552345542
503,12,5.0,1569146316
503,322,5.0,1575216110
503,30,5.0,1591819370
503,51,3.5,1597827093
503,37,5.0,1625447070
503,52,3.0,1654452556
503,295,3.5,1659447981
504,17,5.0,1278426432
504,51,0.5,1279251010
504,91,4.0,1281049158
504,189,2.5,1297002986
504,55,2.0,1319086522
504,113,5.0,1346108725
504,158,3.0,1374822568
504,209,2.0,1402741182
504,44,1.5,1403224894
504,218,1.0,1412704256
504,75,4.0,1418586540
504,236,2.0,1427077401
504,19,5.0,1433399744
504,12,4.5,1450246723
504,311,2.0,1471626971
504,182,3.0,1476889890
504,217,4.5,1505863674
504,150,1.5,1525484498
504,231,4.0,1526900283
504,96,1.0,1527240979
504,29,4.5,1527243879
504,67,2.0,1537932386
504,68,2.5,1553299915
504,237,1.5,1556251050
504,59,2.0,1557435398
504,226,0.5,1563311112
504,11,4.5,1565678476
504,344,5.0,1578686735
504,3,4.5,1586706407
504,121,5.0,1587988799
504,20,5.0,1622712489
504,69,2.5,1627339139
504,62,4.0,1630346564
504,183,3.5,1639905330
504,306,3.0,1646954380
504,8,3.5,1661477480
505,21,4.5,1266070892
505,162,0.5,1271836734
505,311,4.0,1281067002
505,43,4.5,1303674628
505,11,5.0,1305195151
505,148,2.5,1312554719
505,273,0.5,1315582714
505,249,5.0,1316937026
505,62,3.0,1320615499
505,187,3.0,1328975068
505,141,3.5,1342182284
505,32,5.0,1343813558
505,247,5.0,1358282243
505,109,4.0,1364766662
505,220,2.5,1384370459
505,197,2.0,1396063764
505,4,4.5,1396513644
505,165,5.0,1411289935
505,272,3.0,1419561129
505,91,3.5,1425276663
505,143,5.0,1429606471
505,126,3.5,1434351494
505,239,3.0,1435140668
505,153,2.5,1447031433
505,33,5.0,1447945812
505,237,4.5,1458815452
505,34,5.0,1470308953
505,133,4.5,1472412848
505,50,5.0,1475766801
505,7,5.0,1486232968
505,60,3.0,1496289759
505,40,5.0,1520104052
505,58,4.5,1521673694
505,16,5.0,1523769672
505,46,4.0,1537495935
505,51,3.0,1573786887
505,277,4.0,1575720117
505,183,4.5,1578524438
505,31,5.0,1602200847
505,174,4.5,1602996423
505,30,5.0,1605339096
505,160,3.0,1613372525
505,139,3.5,1619068669
505,88,5.0,1621368180
505,10,5.0,1626637018
505,53,3.0,1631606179
505,322,5.0,1645723267
505,169,2.5,1651366534
505,191,3.0,1659233727
505,108,4.0,1660513177
506,135,3.5,1277975590
506,281,2.5,1294512539
506,23,3.0,1296084094
506,106,2.0,1296530886
506,296,3.5,1306658469
506,109,2.5,1307359503
506,196,4.0,1311056655
506,13,3.5,1311151759
506,322,5.0,1331303652
506,9,4.5,1345475199
506,180,3.5,1350130346
506,99,4.5,1363869588
506,2,3.0,1366915390
506,52,4.0,1372735930
506,280,3.0,1378160923
506,259,3.5,1385365250
506,22,4.5,1385531002
506,17,3.5,1390351875
506,187,3.0,1392006776
506,239,4.5,1395796936
506,44,5.0,1408071444
506,223,4.5,1466697027
506,47,5.0,1477031865
506,56,4.5,1497911359
506,165,5.0,1503175239
506,227,2.5,1506199063
506,45,5.0,1530843756
506,46,5.0,1536700729
506,20,2.0,1544156498
506,18,5.0,1544928560
506,4,3.5,1548219054
506,134,3.0,1555211242
506,8,5.0,1556339077
506,41,5.0,1576886152
506,102,3.5,1626743265
507,28,3.5,1264370743
507,171,1.5,1287717166
507,302,5.0,1287739933
507,330,2.5,1295787241
507,14,5.0,1300324997
507,247,5.0,1308894381
507,134,2.5,1321719655
507,31,5.0,1323598467
507,165,5.0,1335239741
507,13,4.0,1336162866
507,300,4.5,1346677975
507,65,3.0,1359558879
507,183,3.5,1370728082
507,234,2.5,1371534877
507,35,4.5,1371814954
507,305,4.0,1376337291
507,59,5.0,1378369780
507,1,4.5,1382013394
507,56,5.0,1383244860
507,237,4.0,1400037327
507,218,3.0,1404293005
507,200,2.5,1405467256
507,37,5.0,1415606059
507,239,4.0,1416808052
507,76,3.5,1418763866
507,58,4.0,1420334659
507,154,1.5,1420799870
507,34,5.0,1432078127
507,86,3.0,1435725569
507,283,2.5,1442335061
507,174,3.5,1445514115
507,78,2.5,1458578247
507,5,4.5,1461196378
507,7,5.0,1461909930
507,102,3.5,1465463862
507,18,5.0,1469543769
507,36,5.0,1473643973
507,100,4.0,1487435744
507,135,3.5,1496898550
507,178,4.0,1508085457
507,8,5.0,1511005892
507,249,3.5,1516907771
507,54,5.0,1529785353
507,272,4.0,1534913299
507,150,1.0,1540251096
507,64,3.0,1589926466
507,231,4.0,1597891413
507,312,2.5,1609569580
507,55,4.0,1610472399
507,3,5.0,1610870418
507,224,1.5,1618286311
507,51,3.5,1619969872
507,9,5.0,1620018079
507,242,4.5,1649607338
507,50,5.0,1650811918
508,6,4.5,1275293267
508,300,4.5,1278751586
508,311,5.0,1280361007
508,9,5.0,1286329344
508,72,4.0,1296292725
508,85,4.5,1313718341
508,87,5.0,1319219307
508,88,4.5,1327851734
508,330,4.0,1332639576
508,24,5.0,1342643544
508,204,3.5,1355040482
508,52,2.0,1370347955
508,48,3.5,1377565910
508,169,3.5,1380795856
508,43,4.0,1386108973
508,211,4.5,1393169130
508,19,5.0,1412935265
508,59,4.5,1416769807
508,93,3.5,1443716441
508,154,3.0,1448161611
508,134,4.5,1458982263
508,44,4.0,1461465099
508,321,5.0,1467404138
508,64,5.0,1467802389
508,74,5.0,1469630765
508,35,4.5,1473221833
508,161,5.0,1485969891
508,61,4.5,1492258387
508,45,3.5,1500616602
508,177,5.0,1508586738
508,50,3.0,1509785252
508,4,5.0,1553451306
508,25,5.0,1558115342
508,323,5.0,1584937577
508,151,4.5,1592935504
508,75,4.5,1603152078
508,18,5.0,1603991555
508,329,3.5,1629504289
508,41,3.5,1644928576
508,133,4.5,1651638113
508,28,5.0,1657559273
509,119,5.0,1266740970
509,89,4.0,1370656565
509,12,4.0,1383421142
509,165,3.0,1409341105
509,302,3.0,1426917099
509,22,4.0,1451595247
509,244,4.5,1476183830
509,44,5.0,1484555212
509,7,4.5,1485380366
509,17,4.5,1532081401
509,55,1.0,1558381403
509,50,5.0,1593834254
510,282,0.5,1295134905
510,70,5.0,1295707165
510,139,5.0,1297480971
510,97,1.5,1299769377
510,78,3.0,1300289037
510,211,3.5,1328051733
510,322,5.0,1337158153
510,201,0.5,1342742127
510,18,5.0,1358727694
510,150,2.5,1360119924
510,307,5.0,1367469450
510,13,5.0,1369238588
510,302,4.0,1371660620
510,190,4.0,1394875764
510,214,5.0,1396980354
510,88,4.5,1405284040
510,34,3.5,1435683864
510,86,5.0,1437106103
510,164,2.5,1439397214
510,25,5.0,1455968806
510,24,4.0,1459492995
510,12,5.0,1460751119
510,182,2.0,1462754397
510,204,5.0,1481100507
510,11,4.0,1491042733
510,89,4.5,1499054338
510,323,5.0,1504488535
510,68,4.5,1505498354
510,39,4.0,1516502440
510,313,4.5,1526944397
510,127,4.0,1528539716
510,66,3.0,1535170458
510,162,3.0,1546298743
510,72,5.0,1550615545
510,98,2.0,1552401901
510,55,2.5,1559463488
510,222,4.5,1569353528
510,304,2.5,1572043257
510,234,3.0,1576927017
510,325,5.0,1587006460
510,256,5.0,1587116792
510,119,1.0,1593675080
510,274,4.0,1600231598
510,161,3.5,1601753949
510,93,3.0,1605360111
510,259,2.0,1607107815
510,59,3.5,1626297199
510,328,3.5,1639891630
510,95,3.0,1640028025
510,203,1.5,1641298069
510,237,2.0,1642997366
510,26,4.0,1644575844
510,92,2.5,1651719928
510,7,5.0,1657822011
511,189,2.5,1350648598
511,191,2.5,1366306192
511,14,5.0,1387044433
511,62,3.0,1398690916
511,115,5.0,1424661462
511,24,3.0,1469980326
511,174,3.0,1506798146
511,34,4.5,1512428897
511,302,3.0,1518217515
511,1,4.5,1547760463
511,35,4.5,1549341992
511,21,3.5,1596066201
511,29,5.0,1601429777
511,58,3.5,1653859579
512,49,4.5,1263673252
512,71,1.0,1265658451
512,2,4.5,1323077248
512,98,4.0,1365461013
512,93,3.0,1397139150
512,44,4.5,1428494786
512,247,5.0,1435836824
512,87,4.5,1490665019
512,47,4.0,1497515907
512,38,5.0,1499571705
512,291,2.5,1501346723
512,322,3.5,1503974878
512,60,1.5,1512472725
512,272,3.5,1513884571
512,165,4.0,1538624421
512,30,5.0,1551780554
512,42,5.0,1552793833
512,16,5.0,1596988121
512,99,5.0,1601298689
513,169,3.0,1270572482
513,21,3.0,1275520958
513,192,2.5,1284897358
513,92,2.5,1294798498
513,99,4.0,1307379152
513,237,1.0,1308582740
513,90,3.0,1324126440
513,162,0.5,1327359356
513,222,4.0,1335867469
513,44,3.5,1346469221
513,47,4.0,1381639207
513,242,3.0,1383204756
513,293,3.0,1386836107
513,149,2.0,1387146929
513,12,5.0,1388806025
513,325,3.5,1392857873
513,15,3.0,1401128618
513,88,3.5,1403762480
513,4,4.0,1416052558
513,72,3.0,1421019999
513,155,2.0,1426124740
513,18,4.5,1431237913
513,45,5.0,1437734757
513,28,2.0,1446448705
513,132,3.0,1451433824
513,62,3.5,1471420881
513,87,3.5,1486594411
513,272,5.0,1491789301
513,178,2.0,1500660540
513,129,4.0,1503610960
513,68,3.0,1505427068
513,10,3.5,1506771768
513,221,0.5,1520273559
513,327,4.0,1520520447
513,38,2.5,1522798100
513,74,3.5,1523413343
513,54,4.0,1545611210
513,187,0.5,1545652251
513,14,3.0,1557994068
513,151,2.5,1560251686
513,31,2.5,1563219422
513,76,3.5,1565659113
513,34,2.0,1571298693
513,186,2.0,1581528616
513,304,0.5,1602014909
513,23,4.0,1616714449
513,114,0.5,1619532087
513,97,4.0,1627053317
513,95,4.0,1639048202
513,313,5.0,1639922776
513,2,3.0,1642206357
513,274,4.0,1649658325
513,156,4.0,1649811474
513,19,5.0,1651167974
514,278,2.5,1309703886
514,11,5.0,1332965633
514,86,3.5,1345144801
514,68,3.5,1346920478
514,303,4.0,1347513037
514,18,5.0,1352316413
514,31,4.0,1355747906
514,334,1.5,1378029791
514,8,5.0,1380740134
514,14,5.0,1386657531
514,65,4.5,1395368985
514,328,3.0,1401616955
514,153,3.0,1403853631
514,296,4.5,1416918356
514,139,3.0,1419792812
514,154,2.0,1424306291
514,1,4.0,1425662369
514,239,4.5,1445165610
514,25,4.0,1451181185
514,76,3.5,1454016710
514,222,4.0,1490862029
514,291,3.0,1502864163
514,74,3.5,1503776478
514,257,3.0,1520381588
514,156,5.0,1525656557
514,58,4.5,1532083291
514,45,3.5,1539568946
514,48,4.5,1548756496
514,26,5.0,1559108540
514,56,5.0,1565603930
514,289,1.0,1583528363
514,2,4.5,1592003596
514,7,4.5,1598321173
514,301,4.0,1600364261
514,245,4.0,1602457556
514,237,4.0,1607463451
514,186,4.0,1608634377
514,217,4.0,1612769019
514,92,2.5,1613922606
514,320,2.5,1625641767
514,149,3.0,1632013909
514,177,4.0,1635335027
514,105,3.5,1638714048
514,38,4.0,1640038638
514,322,5.0,1642682215
515,59,3.5,1265118589
515,105,4.0,1267527637
515,217,3.5,1267776331
515,88,3.0,1282573434
515,90,3.0,1288894529
515,15,3.5,1311302533
515,130,2.0,1311655098
515,99,2.5,1312807905
515,9,5.0,1314890587
515,8,5.0,1321568064
515,107,1.0,1324401611
515,61,3.0,1332612165
515,57,4.5,1338403838
515,275,2.0,1353841870
515,113,1.0,1360281766
515,28,4.0,1366277280
515,50,2.5,1372466859
515,111,3.5,1377648730
515,128,2.5,1397856815
515,67,3.0,1417055020
515,25,2.5,1436187108
515,224,2.5,1443243364
515,303,4.0,1458752151
515,13,2.5,1459432959
515,41,3.0,1461098999
515,237,4.0,1469780458
515,40,3.0,1480140829
515,102,3.0,1498051975
515,30,3.0,1513044177
515,34,4.0,1515685057
515,188,2.0,1516424783
515,174,2.0,1522058156
515,70,2.5,1547200959
515,323,3.0,1564958391
515,56,4.0,1565454000
515,321,3.0,1566435484
515,304,2.0,1572135716
515,10,5.0,1580737127
515,58,4.5,1583125008
515,100,1.5,1599964998
515,4,4.0,1623523001
515,330,2.5,1641187343
516,162,1.5,1267560289
516,301,4.5,1268992189
516,89,3.5,1276840194
516,30,4.5,1310425429
516,49,4.0,1311494330
516,70,3.5,1319855281
516,277,4.5,1336746149
516,239,5.0,1359169216
516,36,4.5,1362149017
516,34,5.0,1365527945
516,74,4.0,1373482301
516,15,4.0,1386715167
516,255,3.0,1390851790
516,321,4.5,1395798684
516,17,4.5,1398461641
516,90,3.5,1400696592
516,60,3.5,1402182832
516,311,5.0,1410356102
516,54,5.0,1450032082
516,55,3.5,1461337894
516,237,4.0,1463643547
516,14,4.0,1478672801
516,151,3.5,1503904341
516,329,3.0,1504942729
516,314,4.0,1523955962
516,211,3.0,1528273725
516,183,4.0,1528788340
516,62,3.5,1539872488
516,59,5.0,1567010356
516,303,3.5,1573487736
516,8,4.5,1577239217
516,236,2.5,1589195151
516,63,3.5,1594881698
516,165,5.0,1595823830
516,75,3.5,1599998013
516,258,3.5,1609739286
516,11,5.0,1615039046
516,13,4.5,1621989173
516,206,2.0,1622825525
516,326,3.0,1624595149
516,40,5.0,1644494437
516,160,2.5,1650528344
516,65,4.5,1657330062
516,313,5.0,1657538192
516,104,4.0,1659325807
517,14,5.0,1282407173
517,212,2.0,1287623006
517,22,4.0,1290762915
517,56,5.0,1294765523
517,327,2.5,1298573923
517,58,5.0,1322349268
517,59,5.0,1332240118
517,9,5.0,1336787930
517,275,1.5,1337714332
517,134,2.5,1343016987
517,57,5.0,1347573101
517,130,3.0,1349835112
517,63,3.5,1371204577
517,36,5.0,1374786862
517,27,4.0,1377550486
517,165,5.0,1381307172
517,7,4.0,1411787046
517,124,3.5,1416053802
517,126,3.5,1426263361
517,236,2.0,1427027199
517,30,5.0,1430901154
517,244,2.5,1441903219
517,49,2.5,1463388608
517,35,5.0,1465064985
517,153,2.5,1465491131
517,222,4.0,1466057955
517,8,5.0,1481305966
517,95,3.5,1496799548
517,68,3.0,1548095307
517,180,2.0,1552294122
517,28,5.0,1555904246
517,129,3.0,1556790654
517,62,3.0,1557988486
517,32,5.0,1571346536
517,10,5.0,1582762154
517,232,3.5,1598993478
517,288,0.5,1599343009
517,40,4.5,1606540227
517,303,3.5,1607877871
517,300,4.0,1610150042
517,82,2.5,1611386657
517,85,2.5,1616873467
517,12,5.0,1636553677
517,78,3.0,1645486222
517,3,4.5,1645952899
517,55,5.0,1658456045
518,237,2.5,1268936601
518,326,1.0,1272616974
518,14,2.5,1275869706
518,97,1.5,1279040050
518,324,0.5,1280853951
518,61,2.5,1284747834
518,57,3.0,1284751507
518,50,2.5,1285220727
518,15,3.0,1305164518
518,2,2.5,1317305118
518,221,2.0,1324137698
518,300,3.0,1324678908
518,49,3.0,1328361581
518,30,4.0,1329103048
518,88,2.5,1337196030
518,98,3.0,1341326491
518,322,2.5,1361081291
518,38,2.0,1363010925
518,118,1.0,1375984021
518,4,3.0,1406337843
518,131,2.5,1419996548
518,107,2.0,1423883380
518,242,2.5,1425827160
518,220,2.0,1437169978
518,55,2.5,1443362558
518,200,1.0,1447248447
518,236,2.0,1447844871
518,114,1.5,1471533471
518,56,3.5,1472388140
518,24,1.5,1474513670
518,36,3.0,1488483414
518,206,1.0,1491404482
518,156,3.0,1499272726
518,44,3.0,1503931164
518,218,2.0,1507025136
518,11,3.5,1513294568
518,46,2.0,1520951336
518,85,2.0,1530221342
518,144,1.5,1544635981
518,172,1.5,1560309436
518,92,2.0,1563981186
518,62,2.0,1565567041
518,93,3.0,1573235372
518,86,2.5,1574016043
518,22,2.0,1585071305
518,87,2.0,1586237144
518,9,3.5,1592815015
518,74,1.5,1621183058
518,302,1.5,1626588484
518,29,3.0,1637608237
518,149,2.0,1639132176
518,183,2.0,1640052282
518,177,3.0,1651670497
518,318,2.0,1659666565
518,199,2.0,1660920240
519,72,4.5,1271520737
519,212,3.0,1293377837
519,234,4.5,1293789930
519,280,3.5,1300854192
519,84,3.0,1308405602
519,135,5.0,1332899556
519,111,5.0,1348001471
519,244,3.0,1351952259
519,7,5.0,1352572203
519,55,2.0,1354606470
519,56,2.0,1378482057
519,19,4.5,1389138436
519,45,1.0,1395138405
519,64,4.0,1409938987
519,41,2.0,1447814578
519,324,3.0,1448838204
519,103,3.0,1460435853
519,13,4.5,1475249144
519,86,4.0,1495910797
519,105,3.5,1501960894
519,325,4.0,1505319635
519,187,2.0,1506886357
519,183,4.0,1507976941
519,157,4.0,1510580492
519,139,3.0,1516197828
519,2,5.0,1536590016
519,189,3.0,1537405427
519,73,1.5,1559883079
519,4,5.0,1565648408
519,20,5.0,1567281015
519,106,4.0,1567827205
519,153,2.0,1578956777
519,35,3.5,1582221832
519,8,2.5,1605112872
519,309,3.5,1623043548
519,146,5.0,1636762453
519,208,2.0,1644163536
519,1,5.0,1650180894
519,229,3.0,1653335482
519,144,5.0,1659146352
520,86,5.0,1266036610
520,72,5.0,1284321561
520,74,5.0,1291926931
520,57,5.0,1312626593
520,189,3.0,1313502816
520,297,2.5,1313950010
520,7,5.0,1320295787
520,64,5.0,1329931605
520,97,2.5,1336987521
520,67,4.0,1367124769
520,55,2.0,1378310227
520,133,3.0,1379416805
520,105,1.5,1382429693
520,114,3.0,1397295349
520,90,4.5,1409330833
520,231,3.5,1409942271
520,300,2.0,1415146144
520,325,5.0,1417768419
520,217,2.5,1421494374
520,214,4.5,1445081290
520,34,3.0,1452528552
520,328,3.0,1459679393
520,6,4.0,1466373685
520,272,3.5,1472148832
520,213,3.0,1484613053
520,308,4.5,1503009952
520,18,3.5,1511393334
520,25,5.0,1535357354
520,42,2.0,1536135952
520,152,4.0,1539956780
520,26,5.0,1540547438
520,27,3.0,1541835845
520,91,5.0,1547425063
520,13,5.0,1551738439
520,48,2.0,1560271991
520,24,4.0,1567280895
520,224,3.5,1572824884
520,155,3.5,1575137729
520,220,2.5,1580648843
520,40,2.5,1590514659
520,75,5.0,1604449054
520,205,1.5,1610266394
520,17,5.0,1623661526
520,1,5.0,1630987802
520,43,2.5,1634724348
520,161,4.0,1644904650
520,20,5.0,1654350307
521,183,2.0,1271418406
521,16,4.0,1307119709
521,277,4.0,1310309264
521,328,3.5,1356318244
521,72,4.5,1359882517
521,91,3.0,1360614636
521,61,2.5,1368070156
521,127,5.0,1382317898
521,276,2.5,1384599542
521,132,4.0,1451307611
521,112,2.5,1523663315
521,12,3.5,1532479839
521,31,4.0,1551295174
521,135,4.5,1571908824
521,11,5.0,1635985962
521,242,1.5,1649321056
521,13,5.0,1662209293
522,68,5.0,1271084678
522,204,5.0,1276310345
522,30,2.5,1279957255
522,71,4.5,1299004452
522,261,4.0,1308321647
522,142,4.5,1316531259
522,323,4.5,1327669515
522,231,3.5,1344309570
522,212,3.0,1355788190
522,126,4.5,1365475223
522,151,4.5,1371282253
522,92,4.0,1387553406
522,186,3.5,1394884163
522,103,4.0,1404629774
522,14,3.5,1423449241
522,36,3.5,1444512047
522,115,2.5,1474091290
522,315,4.0,1475403955
522,11,4.5,1480660292
522,86,5.0,1480844214
522,17,5.0,1494719860
522,221,1.5,1510967247
522,330,5.0,1511099789
522,328,5.0,1523942687
522,46,4.5,1524697000
522,324,4.5,1528595116
522,224,3.0,1536422607
522,19,5.0,1545696324
522,226,4.5,1559682304
522,189,5.0,1562628281
522,331,4.5,1578239468
522,79,4.0,1585615233
522,13,4.5,1593508893
522,180,3.5,1595553210
522,200,2.5,1611606870
522,319,4.0,1630890901
522,325,5.0,1640197749
522,95,4.5,1644392654
522,15,5.0,1661872785
523,130,5.0,1272924214
523,95,5.0,1277955354
523,57,5.0,1287308888
523,4,4.5,1295212485
523,11,5.0,1304132606
523,129,5.0,1320942547
523,127,5.0,1329717524
523,7,3.5,1342902134
523,54,5.0,1343348557
523,62,5.0,1360955234
523,140,3.5,1364370400
523,214,2.5,1405273049
523,18,5.0,1456437461
523,174,3.5,1480178566
523,99,5.0,1482382486
523,89,5.0,1497849490
523,50,4.5,1499904955
523,86,5.0,1507854779
523,66,3.5,1520858904
523,68,4.5,1532726935
523,186,3.0,1555851756
523,317,5.0,1578861543
523,236,5.0,1585925965
523,97,5.0,1623923341
523,293,5.0,1632986996
523,19,5.0,1637414813
523,8,3.5,1659594904
524,47,3.5,1265032712
524,16,4.0,1265175384
524,61,3.5,1265645856
524,86,3.5,1273721219
524,83,3.0,1283759162
524,23,3.0,1311114096
524,301,3.0,1312451331
524,36,4.0,1313687594
524,56,3.0,1326853059
524,26,4.5,1362554986
524,300,2.5,1389831460
524,147,4.0,1390414442
524,218,2.5,1409227408
524,116,3.5,1419559761
524,12,4.0,1425294221
524,159,3.5,1429884546
524,14,4.0,1432379873
524,151,3.0,1448304977
524,87,4.0,1459409226
524,57,4.5,1467136429
524,99,5.0,1479411872
524,223,1.5,1499336226
524,92,3.5,1501537782
524,68,4.0,1523371712
524,303,3.0,1531401849
524,88,4.0,1544808882
524,325,4.0,1557176916
524,103,3.5,1580094564
524,179,3.5,1593653860
524,196,3.5,1599042316
524,25,4.0,1623051418
524,237,2.0,1625786237
524,302,2.5,1630945066
524,277,3.5,1640969842
524,73,2.5,1651784068
524,9,3.5,1661453268
525,194,1.0,1281990769
525,12,4.5,1291125117
525,109,4.5,1309656107
525,56,2.5,1344966498
525,14,3.0,1348624669
525,278,0.5,1363645906
525,267,5.0,1374022741
525,17,4.5,1407039866
525,33,3.5,1413258242
525,66,3.5,1420172113
525,1,4.5,1424622794
525,340,5.0,1430300214
525,29,3.5,1449096428
525,13,4.5,1451090869
525,257,2.0,1452854573
525,5,5.0,1458138246
525,136,4.0,1458997647
525,95,1.0,1474490460
525,86,4.5,1475356304
525,57,3.0,1500348697
525,217,5.0,1516672283
525,269,4.5,1527261139
525,62,3.5,1534247795
525,98,2.5,1540826690
525,285,2.0,1547732201
525,10,4.0,1561479456
525,272,3.0,1566908726
525,11,4.5,1579457850
525,108,3.5,1600233046
525,104,5.0,1603261320
525,204,2.0,1611451847
525,234,2.5,1627962160
525,154,3.0,1632078727
525,18,3.5,1636785461
525,245,2.0,1651442606
526,1,4.0,1265116847
526,168,5.0,1290624954
526,81,4.0,1296325309
526,40,5.0,1306122542
526,223,4.5,1306699128
526,224,2.5,1311026691
526,12,5.0,1311606019
526,95,4.5,1314261312
526,34,5.0,1325018477
526,165,5.0,1338271860
526,282,2.5,1341803946
526,99,4.5,1350773691
526,91,3.5,1373041053
526,88,5.0,1380687441
526,272,4.0,1389788601
526,133,3.0,1391045968
526,206,2.5,1409968176
526,38,3.5,1413499736
526,41,4.0,1418860523
526,4,5.0,1436006457
526,167,4.5,1442816026
526,8,5.0,1460053717
526,47,4.5,1465719919
526,55,5.0,1469643589
526,151,4.0,1479299143
526,250,3.5,1480395612
526,54,5.0,1482985402
526,58,5.0,1493137369
526,14,5.0,1496418764
526,185,3.0,1503365901
526,311,5.0,1517996956
526,75,2.5,1521474819
526,313,4.0,1523483468
526,105,3.0,1526950379
526,57,5.0,1542067070
526,60,5.0,1545780851
526,320,3.5,1547208742
526,103,4.5,1550006350
526,195,2.0,1552101752
526,63,3.0,1557775050
526,187,4.5,1577781410
526,221,2.0,1582019467
526,10,5.0,1592021982
526,89,4.5,1609457711
526,18,5.0,1615223072
526,246,1.5,1639155290
526,236,2.5,1646472592
526,7,4.0,1646488763
526,161,5.0,1660150114
527,13,4.5,1268514898
527,19,3.5,1268756286
527,188,4.0,1271072213
527,147,4.0,1285388080
527,25,4.0,1289969388
527,46,4.5,1338503177
527,40,4.5,1349069662
527,123,4.5,1383639351
527,4,4.5,1403180354
527,1,5.0,1419741905
527,190,3.0,1424277713
527,322,4.5,1426996404
527,88,4.5,1432661795
527,57,5.0,1441209639
527,21,4.5,1442529885
527,136,4.0,1483084638
527,129,4.0,1486511495
527,41,4.0,1491820872
527,31,5.0,1510583819
527,107,3.0,1520850673
527,55,4.0,1539588089
527,87,3.0,1545552681
527,20,4.0,1655615439
527,95,3.5,1657797325
528,15,5.0,1262566438
528,14,4.0,1278632969
528,237,1.5,1284907069
528,224,1.0,1291132118
528,57,3.5,1303590361
528,49,3.0,1310370319
528,192,4.5,1310699989
528,13,5.0,1327685580
528,38,3.5,1331953866
528,170,4.0,1334954033
528,42,4.5,1362668343
528,98,2.5,1377903995
528,189,4.0,1392552729
528,138,4.0,1414652319
528,18,5.0,1414668222
528,161,2.5,1414900029
528,300,3.0,1423996631
528,63,2.5,1430342667
528,129,5.0,1430862692
528,303,1.5,1454435757
528,97,3.0,1461622079
528,302,4.0,1462478513
528,56,3.5,1471555681
528,45,4.5,1492144448
528,177,4.5,1503368198
528,239,4.5,1504736078
528,132,4.0,1513138097
528,87,3.5,1517289204
528,309,4.5,1527417651
528,325,4.5,1532302660
528,85,3.5,1547907263
528,108,4.5,1552857920
528,281,4.0,1557848911
528,11,5.0,1562348607
528,321,2.0,1567653442
528,78,5.0,1578656169
528,89,4.5,1581722395
528,103,1.5,1585923388
528,236,3.5,1586919745
528,21,4.0,1588544181
528,206,2.5,1593376033
528,3,4.5,1594878092
528,291,3.5,1596437377
528,34,3.5,1603290291
528,222,4.0,1612189444
528,100,5.0,1617353510
528,220,1.5,1629299763
528,313,4.5,1631729286
528,174,4.0,1634765746
528,275,3.5,1636333772
528,327,4.5,1637689367
528,1,5.0,1641758439
528,43,4.0,1644057467
528,5,5.0,1648855748
529,65,2.5,1268870307
529,28,2.5,1273802229
529,237,0.5,1288894389
529,21,3.0,1293055814
529,85,3.0,1295532017
529,232,1.5,1307044607
529,49,2.5,1308505477
529,314,3.0,1332439260
529,330,3.5,1332935010
529,15,4.0,1334696888
529,301,3.0,1335117739
529,59,1.0,1343826592
529,236,3.5,1350091895
529,313,3.5,1356248914
529,46,2.5,1367876541
529,134,4.0,1372773221
529,135,3.5,1378983909
529,113,4.5,1386418108
529,20,4.0,1405755628
529,210,1.0,1411020592
529,50,4.0,1416925816
529,32,2.5,1417762098
529,17,4.5,1418793843
529,259,3.5,1419603524
529,219,1.5,1421636357
529,156,2.5,1429421795
529,272,3.0,1454513732
529,11,4.5,1455874901
529,34,3.0,1469931124
529,92,2.0,1487329443
529,66,3.0,1490676750
529,212,3.0,1499543966
529,165,2.5,1501514064
529,84,3.0,1507953989
529,3,5.0,1524118441
529,60,1.0,1530535967
529,102,2.0,1542796163
529,89,3.0,1543558689
529,61,1.5,1564190574
529,19,4.5,1566533448
529,56,2.5,1567311934
529,22,3.0,1601842080
529,25,4.0,1603190195
529,45,2.0,1636244061
529,53,2.0,1637674533
529,144,5.0,1641167678
529,57,3.5,1642070755
529,190,3.5,1645362604
529,64,2.0,1646680330
529,302,1.5,1656660013
529,9,3.5,1657605651
530,303,1.5,1305622946
530,300,3.5,1310362651
530,177,5.0,1396292234
530,158,3.5,1427462717
530,107,2.5,1431359929
530,1,4.0,1436852857
530,47,5.0,1447500085
530,37,4.0,1491719284
530,311,4.0,1507511847
530,325,3.5,1516890945
530,130,3.5,1535064308
530,141,2.0,1548856793
530,14,4.5,1554036592
530,68,4.0,1564293775
530,344,5.0,1574907503
530,305,3.5,1584338499
530,43,3.0,1633493369
530,17,3.5,1646715465
530,12,4.0,1651201676
530,128,4.0,1653522262
531,40,5.0,1264696892
531,22,3.5,1272780732
531,63,2.5,1305540835
531,89,3.5,1335456440
531,274,3.0,1352963781
531,277,4.0,1375821873
531,53,5.0,1414166509
531,129,2.5,1440776157
531,87,3.0,1443570969
531,218,3.5,1451120705
531,31,3.0,1462972668
531,43,4.0,1464726878
531,9,4.0,1485141516
531,103,2.0,1489292560
531,99,3.5,1558610128
531,231,1.0,1564320263
531,14,3.0,1564607225
531,307,4.0,1623353305
531,41,5.0,1655668068
532,75,3.5,1267125832
532,61,3.5,1283924172
532,323,3.0,1322814222
532,34,5.0,1344495351
532,53,4.5,1370641198
532,237,3.5,1382503487
532,65,4.5,1428225628
532,255,1.5,1444389367
532,29,4.5,1456861786
532,242,3.0,1461549792
532,139,2.0,1517097724
532,14,5.0,1526675849
532,10,5.0,1539758164
532,278,2.5,1542520503
532,152,2.0,1545728777
532,30,5.0,1546440388
532,83,3.0,1564705480
532,73,2.5,1590973145
532,222,4.5,1604573324
532,22,5.0,1645897898
532,127,4.5,1647358087
533,95,3.5,1266673862
533,26,5.0,1285291794
533,239,5.0,1290043230
533,56,4.5,1294863946
533,27,3.0,1297208965
533,319,5.0,1301052276
533,48,4.5,1305809503
533,9,5.0,1307645638
533,272,5.0,1326390117
533,133,4.5,1333737490
533,10,4.5,1346260735
533,204,4.0,1354930416
533,66,4.0,1362399794
533,282,2.0,1363517183
533,37,5.0,1364378578
533,55,3.0,1370438274
533,313,5.0,1375196853
533,92,4.0,1382962190
533,65,4.0,1385077362
533,90,4.0,1387099755
533,61,3.0,1421556140
533,223,3.5,1425884848
533,301,4.5,1429916169
533,19,5.0,1430424774
533,243,4.5,1430509301
533,57,5.0,1432605929
533,11,5.0,1434371916
533,87,5.0,1434587291
533,68,4.0,1440676292
533,59,4.5,1457595362
533,187,2.5,1457995410
533,277,4.5,1460801385
533,327,5.0,1465904338
533,135,3.5,1481476705
533,231,3.0,1482104031
533,211,3.0,1512348639
533,88,5.0,1518456063
533,120,5.0,1519437309
533,50,5.0,1522837485
533,242,5.0,1535427552
533,38,4.0,1540169393
533,214,3.5,1544458271
533,97,4.5,1545702344
533,279,4.5,1545978180
533,85,5.0,1548107687
533,17,5.0,1569380775
533,30,5.0,1571647748
533,153,2.5,1591926462
533,58,4.0,1600542795
533,237,3.0,1611682663
533,165,5.0,1617858289
533,4,5.0,1625211390
533,234,3.0,1625727208
533,320,4.5,1625964676
533,40,5.0,1641487047
533,75,5.0,1642722716
533,69,3.0,1650572024
534,190,3.0,1366198372
534,179,3.5,1385993054
534,30,3.5,1419500476
534,59,1.5,1423258158
534,18,3.5,1428757176
534,321,1.5,1458316743
534,129,3.5,1465528702
534,15,5.0,1532413453
534,58,1.5,1536316498
534,21,3.5,1555155458
534,1,4.5,1572911276
534,62,3.5,1612371954
535,126,3.5,1280835056
535,74,5.0,1281119547
535,204,5.0,1289825129
535,164,3.0,1300549807
535,19,5.0,1312879757
535,56,3.5,1321934763
535,196,2.5,1333880232
535,197,2.5,1338024038
535,63,3.0,1339573831
535,47,3.0,1341176979
535,214,5.0,1373187663
535,7,5.0,1374298803
535,29,4.5,1404613851
535,68,4.5,1414072494
535,106,5.0,1415874131
535,237,2.5,1445285124
535,248,3.5,1446918650
535,239,4.0,1511576146
535,62,4.5,1511951712
535,13,5.0,1516914874
535,15,4.5,1518141254
535,98,2.5,1522624263
535,236,3.0,1531825113
535,27,5.0,1535666332
535,295,2.0,1543159602
535,328,3.0,1552185111
535,326,3.5,1572014806
535,125,3.5,1574582245
535,55,3.5,1582768476
535,20,5.0,1590554741
535,313,5.0,1614492145
535,11,4.5,1621398652
535,49,2.0,1625231368
535,94,3.5,1629551004
535,72,4.5,1644380549
535,104,5.0,1647748719
535,17,5.0,1652935031
536,188,4.0,1326007487
536,88,2.5,1327830870
536,301,3.5,1337362878
536,19,5.0,1347779180
536,322,2.0,1361898560
536,59,3.0,1370791150
536,32,3.5,1391863548
536,98,5.0,1434264447
536,9,3.5,1457976043
536,97,3.5,1526818072
536,33,3.5,1577339810
536,249,4.5,1592056940
536,21,2.5,1596053558
536,38,3.0,1606237530
536,277,3.0,1630956409
537,74,5.0,1265461601
537,50,4.0,1280338871
537,159,2.5,1281905153
537,24,4.5,1310636526
537,7,4.0,1315532799
537,17,4.0,1317751797
537,82,3.5,1338130456
537,184,1.5,1342650424
537,6,4.5,1342661809
537,88,3.0,1346251370
537,132,3.5,1349132432
537,22,4.0,1377181860
537,57,4.5,1390103170
537,59,0.5,1392427523
537,37,3.0,1399694962
537,13,4.5,1407647271
537,233,0.5,1412857883
537,56,2.0,1484768594
537,250,2.5,1497210004
537,100,4.5,1530479694
537,136,4.0,1602059394
537,331,4.0,1604210628
537,5,5.0,1635800898
537,46,2.0,1640416476
537,2,5.0,1656709843
537,15,5.0,1657957562
538,40,4.0,1281564816
538,210,0.5,1306532243
538,327,4.5,1309017784
538,204,2.5,1320620981
538,24,4.0,1421617264
538,57,3.0,1429613020
538,45,3.5,1442913041
538,10,3.0,1443274076
538,6,5.0,1458221340
538,188,3.5,1459605872
538,62,3.0,1527593000
538,36,4.5,1529350598
538,21,4.0,1535062795
538,116,4.0,1572917567
538,47,2.0,1625104243
538,180,3.0,1632188927
539,78,3.0,1303164377
539,211,3.5,1303338767
539,276,2.0,1308903012
539,56,4.5,1314537430
539,19,5.0,1318198128
539,18,4.5,1332154618
539,158,3.0,1341792716
539,301,3.0,1351679071
539,140,1.0,1359005824
539,187,2.5,1359413534
539,205,1.0,1373170014
539,94,2.5,1374600210
539,131,3.0,1375309365
539,9,4.5,1378871409
539,31,5.0,1385398710
539,86,5.0,1389490085
539,48,2.5,1395576104
539,165,4.0,1405868739
539,4,5.0,1408500799
539,154,2.0,1415722351
539,67,3.5,1435555785
539,265,1.5,1438548469
539,153,1.0,1439172107
539,308,4.5,1446324135
539,1,5.0,1450439800
539,147,4.5,1454493916
539,17,4.5,1462813412
539,124,3.0,1481023124
539,62,5.0,1490584498
539,12,5.0,1495381756
539,65,3.5,1503315557
539,135,5.0,1515436572
539,234,3.5,1524727912
539,76,2.5,1537884706
539,7,5.0,1553416372
539,191,2.5,1556072690
539,237,1.5,1560213205
539,311,3.5,1576734754
539,280,2.5,1579286299
539,325,5.0,1586719416
539,210,1.0,1595320974
539,323,4.5,1603850579
539,38,2.5,1608202896
539,222,5.0,1609572644
539,68,4.0,1620301931
539,236,1.5,1639878940
539,85,4.0,1640564370
539,221,0.5,1643744852
539,196,2.0,1644007975
539,36,5.0,1648631944
540,31,5.0,1271531569
540,215,3.5,1277981926
540,317,1.0,1278337421
540,2,5.0,1279302093
540,237,1.5,1288334279
540,17,5.0,1288730639
540,23,4.5,1314216723
540,6,4.5,1322007890
540,42,3.0,1336203731
540,224,2.0,1337574469
540,322,3.0,1339324529
540,147,4.0,1352873913
540,3,5.0,1374484729
540,187,2.0,1380238173
540,88,3.0,1403429255
540,93,3.0,1405918957
540,9,4.0,1417022532
540,323,4.0,1437926769
540,174,3.5,1441327654
540,47,2.0,1443897155
540,196,2.0,1456055592
540,18,4.5,1458887770
540,214,5.0,1478396753
540,193,2.5,1480001299
540,157,3.0,1492864725
540,21,4.0,1501366127
540,63,2.5,1508576000
540,169,1.5,1513483907
540,233,1.5,1520162808
540,4,5.0,1525440554
540,11,4.0,1526537799
540,311,2.0,1535870531
540,62,3.5,1541085330
540,178,4.0,1544998351
540,89,4.5,1545578690
540,234,3.0,1560649829
540,190,4.0,1571661060
540,7,5.0,1588644715
540,20,5.0,1597267175
540,12,5.0,1603746965
540,67,3.5,1606240256
540,272,3.5,1610803601
540,115,5.0,1617396212
540,56,4.0,1637090895
540,33,4.5,1639593331
540,65,2.5,1651643947
540,68,3.5,1658637531
541,22,2.5,1262549754
541,335,5.0,1277695530
541,66,5.0,1281407605
541,295,3.5,1285628150
541,106,4.5,1288919708
541,20,2.5,1309111802
541,344,5.0,1309754483
541,117,5.0,1320775525
541,126,2.5,1334210203
541,7,4.5,1335825919
541,145,5.0,1336024859
541,257,1.5,1352033260
541,134,3.0,1357265306
541,9,3.0,1361412524
541,135,4.0,1365589652
541,10,3.5,1370252641
541,253,4.5,1395831810
541,90,2.5,1409349470
541,19,3.5,1422310950
541,187,1.5,1426668414
541,302,2.0,1436199597
541,2,5.0,1436677177
541,195,1.0,1445326866
541,50,3.5,1446831901
541,114,5.0,1455126312
541,198,1.0,1456712840
541,132,4.0,1457517655
541,339,5.0,1464504854
541,343,5.0,1465770254
541,16,5.0,1485238162
541,33,4.5,1500181043
541,122,5.0,1500245512
541,15,5.0,1501029582
541,118,5.0,1505819363
541,26,4.5,1522891986
541,247,5.0,1526454942
541,41,2.5,1537671140
541,300,2.0,1541473437
541,321,1.0,1561476461
541,17,4.5,1565099949
541,250,2.5,1571052640
541,67,2.0,1579135188
541,12,3.5,1592096199
541,47,2.5,1603054864
541,279,2.0,1604090924
541,56,1.5,1622159920
541,11,5.0,1636980182
541,200,2.0,1643301212
541,87,4.0,1646765484
541,313,3.0,1648358404
541,328,2.0,1649918020
541,140,1.5,1649948385
541,119,5.0,1652024726
541,193,5.0,1652520965
541,45,2.0,1653314967
541,21,2.0,1653891311
541,236,4.0,1660316727
542,86,4.0,1306543523
542,184,2.5,1308440321
542,311,4.0,1309240097
542,141,1.5,1342458065
542,47,3.5,1357056020
542,240,2.5,1360376335
542,9,4.5,1370719914
542,323,3.5,1373866532
542,193,2.0,1388955329
542,2,3.0,1399141356
542,291,2.5,1399444658
542,15,3.5,1402878834
542,88,4.0,1449856736
542,130,3.5,1461960228
542,272,4.0,1467153104
542,94,3.5,1468736336
542,237,3.0,1469128538
542,226,3.0,1475374602
542,50,3.5,1477037169
542,1,5.0,1484202204
542,40,5.0,1494535118
542,11,4.5,1496417419
542,26,4.0,1503958449
542,196,3.0,1505491731
542,339,2.5,1512778433
542,6,3.5,1516560374
542,56,5.0,1519949818
542,170,3.5,1534896910
542,3,3.0,1556789500
542,59,3.5,1558418921
542,74,3.5,1564286107
542,14,4.0,1567817539
542,12,5.0,1579211616
542,68,4.0,1599004924
542,54,5.0,1614569942
542,322,5.0,1631990766
542,155,3.5,1637342912
542,303,2.0,1653743907
542,33,3.0,1662286602
543,335,2.0,1263839837
543,62,5.0,1282530261
543,73,4.5,1294214546
543,130,5.0,1303021286
543,135,4.5,1304442133
543,236,4.5,1308372918
543,197,3.5,1328404193
543,12,3.5,1339649299
543,22,4.5,1353266596
543,76,3.5,1354895905
543,325,5.0,1356145048
543,6,5.0,1356396563
543,7,4.0,1366203964
543,231,1.5,1369108510
543,18,5.0,1387946034
543,163,4.5,1396296599
543,47,3.0,1403399669
543,109,5.0,1427342095
543,80,4.0,1429721352
543,301,4.0,1451071308
543,314,4.0,1458693078
543,19,5.0,1459574190
543,102,4.0,1508785902
543,97,3.5,1510668333
543,186,1.5,1539893303
543,165,3.0,1544668600
543,11,5.0,1550157818
543,79,4.5,1551446595
543,219,2.5,1554824814
543,31,4.0,1556431403
543,134,5.0,1568611333
543,57,4.5,1569406119
543,56,3.5,1595146544
543,149,3.5,1601942726
543,317,4.0,1603186630
543,198,3.5,1605694116
543,2,5.0,1614628916
543,200,4.5,1622126808
543,211,2.0,1630199599
543,50,4.0,1641996659
543,25,4.5,1646517109
543,174,4.5,1648062862
543,104,4.5,1650887118
543,108,5.0,1662101129
544,115,4.0,1266772611
544,241,3.5,1270393477
544,202,1.5,1285235957
544,107,4.0,1300442414
544,165,4.5,1301207793
544,56,4.5,1301397226
544,301,4.5,1302242998
544,167,1.5,1305520080
544,19,5.0,1309668341
544,207,1.0,1321627466
544,85,4.0,1322289349
544,35,4.0,1345850805
544,135,3.5,1348268986
544,41,4.5,1349138013
544,204,2.0,1359499904
544,5,5.0,1359946527
544,68,4.5,1362686545
544,138,4.0,1368000201
544,12,5.0,1385153128
544,321,3.5,1396112421
544,27,4.0,1400788264
544,54,4.0,1409557141
544,302,4.0,1448034554
544,76,4.0,1452844587
544,223,3.5,1453620736
544,143,4.5,1455059070
544,2,4.5,1476581176
544,98,5.0,1479684804
544,237,3.0,1492315539
544,20,3.5,1505259034
544,161,3.5,1505426610
544,113,4.0,1508896906
544,196,3.0,1517829420
544,227,3.0,1522522894
544,97,4.5,1523960332
544,300,4.5,1530135922
544,152,1.5,1531510782
544,140,2.5,1536288997
544,83,2.5,1563184428
544,51,2.5,1563420676
544,18,4.5,1569523761
544,86,4.0,1582017626
544,24,5.0,1587313083
544,37,4.0,1592037937
544,130,3.5,1610229166
544,250,3.0,1619827472
544,13,4.0,1623510087
544,11,5.0,1625901556
544,312,4.5,1634567412
544,193,4.0,1636605413
544,105,4.5,1636884700
544,114,4.5,1637903826
544,214,4.0,1645046925
544,43,3.5,1647271674
544,34,5.0,1651251060
545,10,5.0,1281357461
545,4,5.0,1304708459
545,33,5.0,1305755772
545,20,4.5,1311128614
545,87,3.0,1325859798
545,55,4.0,1407593131
545,25,5.0,1409119637
545,56,5.0,1416556647
545,8,5.0,1432609410
545,44,5.0,1437446291
545,237,3.0,1447651190
545,13,5.0,1470551104
545,61,4.0,1482843743
545,196,4.5,1514737198
545,301,5.0,1521297812
545,177,5.0,1536640972
545,216,2.0,1564482457
545,153,1.0,1566955676
545,19,5.0,1572740736
545,36,5.0,1576640613
545,183,4.0,1582131478
545,12,5.0,1587572636
545,179,3.0,1596551966
545,18,5.0,1603283400
545,72,3.0,1626287624
545,112,5.0,1631993699
545,91,4.0,1636227927
545,64,3.5,1644976298
545,66,4.5,1648140870
545,7,5.0,1652750816
545,54,5.0,1658445984
546,183,3.0,1268294082
546,30,5.0,1271299007
546,5,5.0,1279525028
546,64,4.0,1282345916
546,121,5.0,1293707595
546,334,1.5,1296124549
546,62,3.5,1310290382
546,300,2.0,1317504163
546,103,2.0,1327928231
546,15,5.0,1334358675
546,28,3.5,1352584781
546,181,3.5,1357751916
546,74,5.0,1373353395
546,278,2.0,1392900422
546,70,3.5,1405493158
546,341,5.0,1410231960
546,42,2.0,1463531878
546,17,5.0,1487474558
546,72,3.5,1490910602
546,23,4.5,1506560193
546,244,2.5,1520175610
546,304,1.5,1521384512
546,25,4.0,1544165055
546,10,3.0,1550616367
546,14,3.5,1555985381
546,196,2.5,1558297945
546,87,3.5,1561410067
546,95,3.0,1575860422
546,8,3.5,1582270884
546,321,2.0,1592680878
546,20,5.0,1597031690
546,301,2.5,1605562565
546,55,1.5,1611161423
546,34,4.0,1617629733
546,2,5.0,1623115353
546,157,3.5,1640550880
546,56,3.0,1641818737
546,110,3.5,1645610655
546,247,4.5,1649690269
546,176,5.0,1659116816
546,193,3.0,1661705977
547,310,4.0,1269746376
547,75,3.0,1272275966
547,68,4.0,1277491904
547,322,3.5,1291772241
547,60,1.5,1296781513
547,190,5.0,1299786867
547,304,4.5,1299850425
547,25,5.0,1323674177
547,4,4.5,1339516811
547,239,5.0,1341934548
547,165,3.0,1347131352
547,197,3.0,1351112724
547,302,3.5,1351159329
547,113,1.5,1355630230
547,89,4.5,1374036901
547,6,5.0,1381588829
547,184,2.0,1401618037
547,320,4.0,1409941967
547,19,5.0,1412707082
547,274,5.0,1425411766
547,226,3.0,1445206227
547,79,3.0,1446125331
547,330,4.0,1448453426
547,132,4.0,1473223651
547,55,3.0,1492629664
547,93,3.0,1497360252
547,57,4.0,1509456039
547,236,4.0,1513948518
547,325,5.0,1516655342
547,126,3.5,1527121782
547,151,3.5,1530291288
547,114,1.5,1531388994
547,309,5.0,1548089796
547,32,3.0,1553395361
547,98,3.5,1560200111
547,50,4.0,1563037170
547,18,5.0,1564402052
547,188,5.0,1574984603
547,59,3.5,1580925764
547,242,2.0,1584648839
547,312,3.5,1585724525
547,183,3.5,1597512704
547,11,4.5,1600260782
547,12,3.5,1601341636
547,8,4.0,1615522379
547,147,4.5,1628552180
547,76,3.5,1635547179
547,323,2.5,1636115525
547,36,3.0,1638039577
547,273,3.0,1639751807
547,101,5.0,1640657181
547,159,4.5,1651757230
547,331,5.0,1653462632
547,187,1.5,1655417876
547,297,5.0,1658478309
547,172,4.5,1661846322
548,236,4.5,1303972354
548,329,5.0,1327085416
548,172,5.0,1331163248
548,127,5.0,1334938327
548,22,4.5,1343172946
548,95,4.0,1362360691
548,19,5.0,1419011768
548,131,5.0,1467480649
548,101,4.0,1468584347
548,187,1.5,1473001650
548,102,4.5,1492276543
548,192,3.5,1510092704
548,17,5.0,1585148208
548,182,2.0,1608949100
548,86,5.0,1626779394
549,33,5.0,1274551128
549,156,4.0,1334053727
549,72,1.0,1352593117
549,196,1.5,1354992201
549,5,4.5,1381446492
549,34,5.0,1402720326
549,9,5.0,1413463959
549,335,4.5,1420186613
549,187,3.5,1434056232
549,303,2.0,1479637459
549,47,2.0,1486247022
549,296,4.5,1491801578
549,105,5.0,1503203146
549,139,1.0,1530908836
549,3,4.0,1657709240
549,184,1.5,1658636039
550,187,3.0,1317281364
550,164,3.0,1317766749
550,297,3.5,1388887532
550,45,2.5,1401009306
550,12,4.5,1405383251
550,59,3.5,1412978464
550,165,4.5,1418629607
550,19,5.0,1449707128
550,274,3.0,1620146512
550,77,3.0,1652720993
551,47,5.0,1267578127
551,237,3.0,1267641724
551,22,3.0,1292203749
551,8,4.0,1293733286
551,42,5.0,1308369663
551,34,3.0,1317208689
551,10,3.5,1344147127
551,24,3.0,1358835034
551,154,2.0,1407471121
551,9,4.0,1421399481
551,2,2.0,1443668768
551,186,3.5,1462162580
551,217,1.0,1481495016
551,41,4.5,1513745047
551,11,3.5,1539605128
551,245,3.5,1544545064
551,140,3.5,1592851241
551,13,2.5,1606701926
551,211,2.5,1627891610
551,51,4.0,1631360469
551,57,4.0,1640823419
551,44,5.0,1647688658
551,68,3.5,1651854811
552,88,2.5,1273083718
552,43,3.0,1282635756
552,66,3.0,1283030835
552,165,5.0,1283812464
552,224,0.5,1287451252
552,75,1.5,1297280595
552,328,2.5,1299606287
552,197,2.0,1315180419
552,17,2.0,1330583015
552,303,3.5,1336935119
552,164,2.5,1338755610
552,28,4.0,1344009334
552,6,2.0,1361270486
552,221,3.0,1365079935
552,155,2.0,1390159703
552,37,3.5,1391476668
552,56,5.0,1393374584
552,46,3.5,1401527304
552,11,1.5,1402589814
552,237,4.5,1403313975
552,59,4.0,1405453942
552,4,2.0,1409499708
552,204,1.5,1411318060
552,324,2.0,1426286939
552,63,2.0,1429582064
552,301,3.5,1431890480
552,54,4.0,1432216308
552,276,1.0,1434113107
552,41,4.0,1435226026
552,319,2.5,1441102693
552,45,2.0,1451646460
552,232,3.0,1453150903
552,311,3.5,1460718071
552,60,4.0,1493926272
552,65,4.0,1496606284
552,14,4.5,1502570536
552,18,4.0,1508719823
552,322,4.5,1525999535
552,55,4.5,1526972909
552,336,1.0,1530679359
552,44,3.0,1541782083
552,8,4.0,1548961211
552,330,2.0,1576494280
552,223,3.0,1586282999
552,161,2.5,1592123616
552,27,3.0,1598487198
552,130,2.0,1602251068
552,76,1.5,1622587123
552,29,3.5,1626216639
552,31,4.0,1637167197
552,61,3.5,1638030262
552,321,4.0,1643330823
552,9,3.5,1645739508
552,106,3.5,1649837592
553,66,3.5,1270735726
553,138,3.5,1273139510
553,22,3.0,1273618916
553,31,4.5,1273838754
553,322,2.5,1274494498
553,305,2.5,1274945684
553,16,4.0,1279913216
553,86,2.5,1297300438
553,214,2.5,1312498331
553,295,4.0,1344042408
553,8,5.0,1359653860
553,196,1.5,1360900912
553,176,4.0,1363892589
553,70,1.5,1366678017
553,18,4.5,1379644115
553,12,4.0,1380496301
553,156,4.0,1386053295
553,132,2.0,1392393138
553,127,4.0,1411478421
553,313,2.5,1414513090
553,136,3.5,1416950590
553,3,5.0,1424998848
553,2,5.0,1444437020
553,125,4.5,1470508110
553,39,5.0,1497537144
553,35,4.5,1501259512
553,218,3.0,1503082380
553,46,5.0,1524487961
553,48,4.0,1526226358
553,244,4.0,1532676270
553,55,2.5,1558813500
553,217,3.5,1569444052
553,88,3.0,1579037479
553,120,4.5,1586484315
553,158,3.5,1592394566
553,42,5.0,1594277282
553,177,5.0,1597787381
553,50,5.0,1597863658
553,13,4.0,1603910313
553,30,5.0,1622019461
553,40,5.0,1626175227
553,130,4.0,1632908826
553,105,4.5,1649898886
553,72,0.5,1652482288
554,129,5.0,1279932050
554,214,2.5,1308616493
554,11,5.0,1312233782
554,2,5.0,1323853746
554,10,3.0,1332987552
554,174,3.5,1368978541
554,295,5.0,1375805063
554,22,3.5,1382301533
554,6,4.5,1388411539
554,18,4.0,1390434149
554,5,5.0,1394354552
554,94,5.0,1400372339
554,95,3.5,1418652464
554,3,5.0,1427540079
554,328,3.5,1428713137
554,236,5.0,1429946659
554,40,5.0,1434916012
554,88,4.0,1439213993
554,301,3.5,1442134648
554,7,4.5,1443149725
554,321,1.5,1450385934
554,12,4.0,1463132155
554,92,2.5,1466535765
554,188,5.0,1472366833
554,61,2.0,1472526463
554,241,3.5,1478817752
554,343,5.0,1485392399
554,234,3.5,1488504199
554,222,3.0,1516451137
554,177,5.0,1517259760
554,152,2.5,1526561125
554,15,5.0,1529634081
554,274,4.5,1530143096
554,300,2.5,1550247754
554,30,4.5,1558163877
554,52,1.0,1566070435
554,268,5.0,1568597074
554,9,3.5,1568771208
554,59,1.5,1570418595
554,103,1.0,1575787541
554,240,3.5,1578119745
554,156,3.5,1583799653
554,93,4.5,1587207257
554,255,4.0,1592153225
554,108,3.5,1623595694
554,120,5.0,1624590967
554,16,5.0,1639884630
554,74,4.0,1640972828
554,218,3.0,1649186633
554,66,3.5,1653961473
554,4,4.5,1657028990
555,322,3.5,1313469459
555,47,3.5,1334994662
555,3,4.5,1338434093
555,50,3.5,1352693733
555,189,2.0,1358812966
555,12,4.0,1358943664
555,61,2.5,1374107688
555,21,3.0,1400820996
555,48,2.5,1415885690
555,106,4.0,1420420519
555,291,2.5,1422312251
555,237,3.5,1427879841
555,249,5.0,1431150778
555,34,5.0,1433094518
555,4,4.0,1438892626
555,141,3.0,1439393438
555,231,2.5,1499472037
555,33,5.0,1505480943
555,59,3.5,1537621556
555,155,2.5,1544637894
555,116,3.5,1553840687
555,232,4.0,1578430611
555,108,3.0,1580612806
555,302,3.0,1581157218
555,88,3.0,1582078151
555,18,4.0,1583031115
555,68,2.5,1584749723
555,7,4.0,1585507857
555,45,3.0,1587323947
555,288,2.0,1630115482
555,86,2.0,1634373429
555,8,5.0,1650732179
556,61,4.0,1282523975
556,2,5.0,1302082445
556,200,2.5,1376177038
556,164,3.5,1409150915
556,30,4.5,1413363622
556,302,3.5,1474242730
556,151,4.0,1525336352
556,24,5.0,1598470013
556,300,3.5,1629853508
556,103,3.0,1638496542
557,119,5.0,1266503757
557,237,3.0,1312036442
557,20,4.5,1332488300
557,55,3.0,1348535797
557,130,4.0,1364826238
557,301,3.0,1378880722
557,17,5.0,1393783802
557,13,5.0,1406562024
557,223,3.5,1410439142
557,105,3.5,1412102707
557,62,5.0,1439830523
557,71,4.0,1441122708
557,152,4.5,1451296427
557,12,4.5,1453858892
557,31,4.5,1466075453
557,9,3.5,1473107259
557,68,3.0,1476339302
557,26,5.0,1485250899
557,179,4.5,1487392875
557,224,3.5,1504898072
557,7,5.0,1531283486
557,63,3.5,1546988354
557,221,1.0,1547436678
557,187,3.0,1550148858
557,75,4.5,1575608676
557,41,2.0,1582956077
557,4,5.0,1583116698
557,77,4.5,1588677247
557,245,3.0,1602670880
557,70,5.0,1615005380
557,256,5.0,1621204373
557,43,2.0,1626528484
557,321,2.5,1638194923
558,25,3.5,1268328457
558,103,0.5,1269032279
558,159,3.5,1272795016
558,126,2.5,1281736635
558,83,4.5,1286819464
558,325,2.5,1295885947
558,135,2.5,1297959825
558,246,2.5,1298928650
558,205,0.5,1299917859
558,98,3.5,1300128840
558,106,4.5,1312375941
558,162,0.5,1321429264
558,130,5.0,1357568694
558,45,2.0,1360892099
558,35,2.5,1363769989
558,76,2.5,1376076727
558,233,0.5,1376187658
558,57,2.0,1377070249
558,115,4.5,1382336766
558,33,3.0,1388120712
558,88,3.5,1391665510
558,66,4.0,1408704583
558,177,5.0,1411029182
558,49,1.5,1412215143
558,138,3.0,1416612767
558,189,4.0,1426319806
558,6,4.5,1447917352
558,73,2.0,1457709506
558,100,5.0,1466769510
558,116,5.0,1472320563
558,50,4.0,1485734840
558,11,5.0,1495478310
558,5,5.0,1497949167
558,154,1.5,1503727203
558,102,1.5,1522017335
558,2,5.0,1525255566
558,327,3.0,1535950054
558,117,5.0,1545058478
558,129,5.0,1553481590
558,339,5.0,1561592862
558,96,3.5,1561959367
558,9,2.5,1566095354
558,104,4.5,1572573937
558,67,2.0,1578476717
558,64,1.0,1587654677
558,132,3.5,1595303922
558,34,3.5,1601387749
558,13,4.0,1606278272
558,114,5.0,1608923471
558,93,4.0,1610342520
558,18,2.5,1618269109
558,199,2.0,1627210779
558,65,1.5,1634409993
558,113,5.0,1635403425
558,330,1.5,1639211607
558,3,5.0,1645878371
558,217,3.0,1649039889
559,88,2.5,1286125751
559,25,3.5,1303999826
559,96,4.0,1306698360
559,288,2.0,1312165940
559,130,3.0,1328037732
559,118,3.0,1331604489
559,22,3.0,1338957853
559,62,3.5,1345887872
559,33,3.0,1355484605
559,295,3.0,1361224953
559,325,4.0,1364511891
559,7,2.5,1400108445
559,108,2.5,1405596121
559,328,3.0,1408411484
559,167,2.0,1420551109
559,311,3.0,1420560875
559,153,2.0,1441089592
559,19,5.0,1468635525
559,97,5.0,1473335578
559,189,2.0,1477465237
559,18,4.0,1480088141
559,149,3.5,1491567565
559,87,3.5,1509557436
559,291,2.5,1514853119
559,200,3.0,1518132139
559,281,5.0,1522411330
559,238,3.5,1530407236
559,247,3.0,1532183288
559,208,0.5,1543411468
559,90,2.0,1571075729
559,287,2.0,1582142194
559,322,2.5,1597482119
559,236,4.0,1600296344
559,142,4.5,1604251870
559,331,3.0,1628429413
559,30,3.5,1641391159
559,24,4.0,1650623163
559,86,2.5,1657382493
559,1,4.5,1661016256
560,98,3.0,1288541109
560,330,2.0,1290156934
560,19,4.0,1294902883
560,190,4.0,1361354542
560,85,2.5,1364475582
560,43,3.5,1388909640
560,18,4.0,1454059924
560,66,3.5,1483756037
560,57,4.0,1515850189
560,65,2.5,1541290284
560,47,4.0,1546841498
560,11,4.5,1549573597
560,5,3.5,1552284694
560,50,4.0,1572439968
560,31,3.5,1573483659
560,58,2.5,1584344105
560,10,3.0,1633605749
561,30,3.5,1291424230
561,214,4.5,1313586470
561,12,2.0,1316554237
561,245,2.0,1329675468
561,19,3.5,1368925623
561,164,1.5,1377655050
561,18,3.0,1406432944
561,165,2.0,1438434711
561,6,1.5,1459164099
561,27,4.0,1503782685
561,227,1.5,1518898797
561,197,2.0,1541468773
561,207,2.5,1546209075
561,322,1.5,1548105489
561,277,2.0,1555581923
561,14,2.5,1563444645
561,275,2.0,1598031768
561,56,2.5,1600782422
561,33,2.5,1632074470
561,177,3.0,1640195722
561,7,2.5,1656646570
562,71,2.0,1268497545
562,32,4.0,1337507510
562,183,2.5,1356151419
562,52,2.5,1374605461
562,12,3.0,1377271295
562,327,2.5,1404657625
562,15,3.5,1502402102
562,136,3.5,1515707750
562,301,3.0,1547799088
562,112,5.0,1564586227
562,86,3.5,1617987121
562,11,2.5,1645601344
562,199,2.5,1646281364
563,89,2.5,1271696147
563,126,3.0,1272960240
563,338,4.5,1275098969
563,13,3.0,1275555850
563,2,4.5,1287383014
563,47,5.0,1289040964
563,34,5.0,1289198623
563,45,5.0,1301074947
563,32,4.0,1310205009
563,5,5.0,1312498953
563,272,4.0,1314378858
563,33,5.0,1321416418
563,18,4.0,1330982718
563,80,2.0,1340607583
563,63,1.5,1341148965
563,341,5.0,1350687895
563,213,2.5,1357840099
563,143,5.0,1385738990
563,25,2.5,1385821579
563,30,5.0,1388188716
563,7,3.0,1410217256
563,284,3.5,1417338476
563,16,5.0,1456439182
563,36,5.0,1458403995
563,88,3.0,1462118657
563,321,2.5,1476260717
563,55,2.0,1479639888
563,41,5.0,1504739254
563,118,5.0,1513591434
563,204,1.0,1530050773
563,178,4.5,1531394288
563,39,5.0,1536199424
563,57,3.5,1540191636
563,104,3.5,1542477510
563,50,5.0,1549554276
563,56,3.5,1553580094
563,323,1.5,1556486552
563,105,4.5,1559574581
563,72,1.5,1574542640
563,160,0.5,1579740548
563,87,3.0,1584846531
563,10,5.0,1599547367
563,305,3.0,1600785615
563,304,0.5,1617807200
563,46,5.0,1633800105
563,165,3.5,1639442736
564,295,1.0,1266498787
564,322,5.0,1284241217
564,220,4.0,1284818939
564,182,3.5,1296961532
564,302,5.0,1299423093
564,65,4.5,1305603078
564,32,4.5,1317027720
564,54,5.0,1325453211
564,183,4.5,1335060411
564,60,4.5,1344903193
564,26,4.0,1355033054
564,323,5.0,1358818993
564,56,5.0,1360591999
564,4,5.0,1372801605
564,55,5.0,1376263549
564,59,5.0,1379081257
564,204,3.5,1389927337
564,327,2.0,1391752935
564,45,3.0,1394842601
564,250,3.5,1406361029
564,237,5.0,1456814097
564,167,3.5,1469078783
564,148,3.0,1476769208
564,251,0.5,1493253185
564,312,2.0,1496127353
564,70,3.5,1520069669
564,96,2.0,1534210324
564,19,5.0,1540119275
564,57,5.0,1544685055
564,46,5.0,1560459279
564,63,3.0,1562590962
564,35,5.0,1573377334
564,30,4.0,1574284982
564,321,4.5,1590988309
564,58,5.0,1591211789
564,43,4.0,1596708778
564,61,4.0,1619201112
564,242,2.5,1620168178
564,9,5.0,1628007356
564,50,4.0,1635142556
564,31,4.5,1643611235
564,153,3.5,1657202469
564,10,5.0,1657217799
565,286,1.0,1265300450
565,19,5.0,1275515448
565,290,1.5,1280843260
565,185,0.5,1292319913
565,5,4.5,1297131501
565,11,5.0,1304780157
565,156,4.5,1305332624
565,25,4.0,1330994047
565,303,2.0,1333764612
565,97,4.5,1334604005
565,304,2.5,1342932941
565,83,3.5,1345440338
565,88,4.0,1357785703
565,55,2.0,1359118109
565,195,1.0,1367329601
565,68,3.5,1374596862
565,302,3.5,1375188891
565,90,3.0,1390374404
565,321,2.0,1404139659
565,275,2.5,1411284150
565,57,4.5,1414365613
565,98,3.5,1425421555
565,93,5.0,1436729631
565,9,4.5,1438332519
565,104,3.0,1445583071
565,17,4.5,1445767707
565,339,5.0,1447275857
565,284,3.0,1452108100
565,149,3.5,1458422301
565,291,2.0,1471823925
565,136,4.0,1487604333
565,12,4.5,1508227949
565,281,4.5,1510905382
565,1,5.0,1514321922
565,56,4.5,1521037238
565,33,4.0,1529721320
565,40,5.0,1547092698
565,4,4.5,1560724753
565,100,4.5,1563775531
565,287,1.0,1564284661
565,7,4.0,1578070002
565,282,1.5,1581366702
565,237,2.0,1587284252
565,42,3.0,1591819463
565,21,3.5,1594374937
565,94,5.0,1597343546
565,116,3.5,1608691318
565,14,4.5,1614805002
565,234,2.5,1619825691
565,107,1.5,1621692085
565,270,3.0,1636725541
565,38,3.0,1638131505
565,8,5.0,1647760286
566,126,3.5,1266565469
566,55,4.0,1283860211
566,8,5.0,1297381001
566,281,2.5,1331311307
566,201,1.5,1339395265
566,207,0.5,1345512943
566,88,4.0,1350680996
566,21,3.5,1352382921
566,153,2.0,1359280651
566,271,1.5,1367032145
566,16,3.0,1367137123
566,159,1.0,1374615192
566,27,3.5,1378014431
566,3,5.0,1390516964
566,36,5.0,1390845397
566,12,5.0,1398159601
566,236,2.5,1401503197
566,230,0.5,1407324806
566,111,2.5,1427784247
566,97,2.0,1428847070
566,186,3.0,1431821735
566,40,5.0,1442242660
566,187,2.0,1469248165
566,26,5.0,1475166725
566,170,3.0,1475260619
566,169,2.0,1490133512
566,182,2.0,1492865122
566,1,4.5,1494560052
566,4,5.0,1500503795
566,164,2.5,1505135217
566,54,5.0,1515867081
566,321,3.0,1533838353
566,103,1.5,1534401291
566,11,4.0,1548023589
566,13,4.0,1549566067
566,129,2.5,1551996441
566,25,4.0,1567327739
566,322,5.0,1567956756
566,310,1.5,1572088682
566,66,3.5,1575711151
566,33,5.0,1585424103
566,61,3.0,1610077696
566,56,5.0,1621361290
566,99,3.5,1632605176
566,301,4.0,1635198282
566,205,0.5,1651390608
567,251,0.5,1264575169
567,214,4.0,1265420536
567,222,4.5,1266289120
567,20,4.0,1282500073
567,323,3.5,1283602130
567,128,3.5,1298572992
567,224,2.0,1314416793
567,25,5.0,1335478774
567,6,4.5,1338246256
567,105,5.0,1340430146
567,197,2.0,1367230421
567,239,3.5,1369575496
567,35,4.5,1369907526
567,90,4.0,1384118456
567,12,5.0,1390648484
567,21,4.5,1400845311
567,31,5.0,1422438021
567,15,4.5,1431822757
567,62,2.5,1432752696
567,345,2.5,1433914562
567,1,4.5,1440911676
567,7,5.0,1468085321
567,48,3.0,1470413878
567,297,3.5,1477745934
567,67,5.0,1500469945
567,56,5.0,1506065948
567,14,5.0,1517823701
567,26,4.5,1525158967
567,89,4.0,1526417742
567,63,2.5,1532224914
567,33,5.0,1537651989
567,248,3.0,1549261124
567,93,4.5,1558684119
567,196,4.5,1574815166
567,183,4.5,1580469626
567,13,3.5,1585067394
567,113,3.0,1588334636
567,4,4.5,1589971142
567,57,5.0,1604611578
567,10,4.5,1614927058
567,73,2.5,1616063418
567,59,4.5,1625111438
567,152,2.5,1625438889
567,17,5.0,1638442516
568,23,5.0,1275839958
568,56,3.5,1280948040
568,327,4.5,1282808084
568,41,3.0,1290742488
568,291,3.5,1322942261
568,165,3.5,1337592700
568,17,5.0,1340124848
568,72,3.5,1349379030
568,302,2.0,1363263057
568,304,2.5,1382234351
568,15,5.0,1383246313
568,71,3.5,1418348030
568,220,1.5,1453146791
568,320,3.0,1458355297
568,163,3.0,1484417650
568,75,4.0,1485817215
568,59,3.0,1490718952
568,13,4.0,1496890446
568,2,5.0,1508068554
568,322,2.5,1519684915
568,87,4.0,1524471966
568,159,3.5,1552014315
568,280,5.0,1565435259
568,20,3.5,1619683098
568,313,5.0,1635589267
568,139,1.5,1636460821
568,129,4.5,1638576589
569,91,3.5,1287180849
569,339,3.5,1324914766
569,58,0.5,1343713065
569,50,3.0,1387590839
569,300,1.0,1404082646
569,18,3.0,1473699561
569,302,2.0,1558496912
569,290,1.0,1566274778
569,1,5.0,1569836172
569,43,2.5,1587656725
569,304,2.0,1601584430
569,130,4.0,1629552317
570,112,5.0,1271584027
570,15,4.5,1283159508
570,152,2.5,1284143449
570,325,4.5,1299101025
570,105,4.0,1310729539
570,63,3.0,1313079254
570,49,2.0,1319842196
570,312,3.0,1325979561
570,48,3.0,1328737436
570,89,4.0,1341172201
570,328,3.0,1341195776
570,12,5.0,1345843582
570,1,4.5,1354494879
570,20,5.0,1354978503
570,214,5.0,1369232137
570,28,5.0,1371001186
570,291,4.0,1371224678
570,99,3.5,1380266959
570,333,1.5,1400266823
570,201,3.0,1416325958
570,204,5.0,1420577529
570,35,4.0,1421142122
570,129,3.0,1432521148
570,107,2.5,1432870737
570,104,5.0,1438930193
570,304,2.0,1439610880
570,16,3.5,1441010281
570,18,3.5,1446476736
570,175,3.0,1450260533
570,139,5.0,1494941766
570,307,3.5,1519409066
570,34,4.5,1522824906
570,181,2.0,1524526222
570,93,5.0,1526836909
570,311,3.0,1527373144
570,136,5.0,1533936704
570,21,3.0,1564961390
570,30,4.5,1580847350
570,57,4.5,1581890595
570,113,5.0,1585953561
570,259,3.5,1588262328
570,90,3.0,1601081644
570,131,2.0,1606305208
570,14,5.0,1606846193
570,321,3.0,1609141918
570,212,5.0,1641110737
570,56,4.5,1643573388
570,160,4.5,1650463707
570,305,4.5,1654558356
570,167,2.5,1656804397
571,3,3.5,1283325924
571,88,4.0,1288447112
571,302,3.0,1310698956
571,54,5.0,1313892142
571,196,2.5,1326407227
571,10,4.5,1422260151
571,191,3.0,1506360119
571,247,3.0,1521545894
571,91,4.5,1558439101
571,129,3.5,1576014363
572,56,5.0,1288099141
572,217,3.0,1306557775
572,9,5.0,1309621595
572,305,3.5,1327359138
572,18,5.0,1398612942
572,274,4.0,1430874239
572,62,4.5,1431548908
572,7,5.0,1451094170
572,54,5.0,1453981994
572,237,4.0,1460076520
572,155,3.0,1470007405
572,8,5.0,1494492181
572,132,2.5,1512890297
572,13,4.5,1529980505
572,55,4.5,1546733573
572,57,5.0,1560560197
572,89,4.5,1567525219
572,192,2.5,1578165587
572,20,5.0,1607030153
572,48,4.0,1617178581
572,52,2.5,1619834074
572,12,5.0,1623231011
572,148,2.5,1624854390
573,53,5.0,1262826570
573,55,1.0,1269350571
573,339,5.0,1284096151
573,306,2.0,1289546368
573,62,2.0,1323010730
573,46,4.0,1327794301
573,289,0.5,1332867468
573,288,1.0,1345283676
573,10,4.5,1361317842
573,93,4.0,1372158626
573,2,5.0,1376890311
573,135,3.5,1414298650
573,17,4.0,1421151925
573,3,5.0,1432831013
573,111,3.0,1439702460
573,34,5.0,1453316715
573,11,5.0,1455208248
573,56,3.5,1468257748
573,329,1.5,1491579115
573,43,4.5,1493526929
573,98,3.0,1507745850
573,311,2.0,1515014063
573,73,0.5,1516096721
573,33,5.0,1533728981
573,50,5.0,1539198403
573,190,3.0,1572209799
573,106,3.5,1581710174
573,322,2.5,1587514619
573,1,5.0,1590265246
573,120,5.0,1628252775
573,38,4.5,1643858689
573,142,3.5,1646152982
573,29,3.5,1648160808
573,301,4.0,1648769195
573,20,3.5,1653116104
573,25,3.0,1656933239
574,48,5.0,1295940324
574,40,4.0,1309329687
574,53,5.0,1332001458
574,20,2.5,1358071078
574,237,2.5,1374949710
574,56,3.5,1392058833
574,303,2.0,1403541969
574,50,5.0,1404475155
574,12,3.5,1412815154
574,159,1.5,1428568312
574,108,2.5,1429258338
574,16,2.0,1457688190
574,51,4.5,1465426771
574,295,2.5,1485236873
574,163,2.5,1492665842
574,49,5.0,1504205494
574,338,4.0,1509839278
574,34,3.5,1509876763
574,63,1.5,1515358762
574,27,1.5,1516551061
574,302,3.0,1521084273
574,153,1.5,1544295924
574,19,4.0,1558566367
574,230,1.5,1570604596
574,138,2.0,1579372770
575,33,2.0,1265748606
575,149,3.0,1268230855
575,172,4.5,1268548806
575,68,5.0,1273851177
575,94,4.5,1296922837
575,280,4.0,1301032452
575,103,2.5,1301660357
575,77,3.5,1320199962
575,12,5.0,1323810848
575,22,3.5,1326746996
575,325,4.5,1336325477
575,99,4.0,1340326974
575,158,4.0,1355165580
575,250,3.0,1364247726
575,237,3.0,1368072014
575,272,4.0,1378503548
575,312,3.0,1380063896
575,129,4.0,1380634105
575,323,5.0,1386623262
575,162,1.0,1390857134
575,165,4.5,1396785750
575,23,5.0,1398582283
575,4,5.0,1402385802
575,6,4.0,1403805713
575,3,5.0,1405688301
575,234,4.0,1425265393
575,64,4.0,1428387280
575,28,3.0,1428427034
575,16,3.5,1430057509
575,164,2.0,1451006936
575,19,5.0,1461073563
575,319,4.0,1465079204
575,57,5.0,1469891765
575,13,4.5,1484261773
575,14,4.0,1484402840
575,239,4.5,1498625722
575,283,3.5,1502013005
575,9,4.5,1523684794
575,136,4.0,1528662833
575,67,4.5,1530098957
575,134,3.0,1530576645
575,259,4.0,1531024287
575,10,4.5,1539078885
575,200,3.0,1539626673
575,21,3.0,1570091397
575,304,3.5,1579519458
575,63,3.5,1581480213
575,79,2.0,1595463545
575,310,3.5,1601473191
575,18,5.0,1627110655
575,1,5.0,1631256166
575,305,5.0,1637125020
575,311,3.5,1648675404
575,289,1.0,1649379249
575,74,4.5,1661197186
576,322,3.5,1274220539
576,135,3.5,1283732949
576,65,4.0,1298755260
576,300,2.5,1303131561
576,331,3.5,1309552381
576,339,2.0,1318964663
576,6,3.5,1325923096
576,18,4.5,1329354852
576,52,1.0,1341705817
576,222,4.0,1369502192
576,19,5.0,1373795189
576,192,4.5,1375230950
576,61,3.0,1382166107
576,118,2.5,1404775325
576,330,3.5,1425382592
576,71,3.0,1430578511
576,44,4.0,1434211926
576,16,4.0,1441574184
576,88,4.0,1450974708
576,313,5.0,1454201273
576,1,5.0,1457970410
576,12,4.0,1489237974
576,26,5.0,1489339100
576,327,5.0,1502707494
576,74,4.5,1520181526
576,96,3.0,1521032459
576,29,2.0,1527921864
576,73,3.0,1536739821
576,250,1.5,1538842257
576,17,3.5,1539067561
576,221,0.5,1555620757
576,324,2.0,1572789942
576,56,4.0,1578528346
576,4,5.0,1604450829
576,239,4.0,1628605892
576,311,5.0,1641553863
576,109,4.0,1643220915
576,283,3.0,1649740026
577,7,5.0,1264062616
577,329,4.5,1267235623
577,94,4.5,1293570157
577,136,5.0,1319565603
577,240,2.5,1323985833
577,55,3.5,1332236716
577,301,2.5,1358024550
577,18,5.0,1385243501
577,36,5.0,1386727133
577,76,2.0,1437526421
577,212,2.0,1456866209
577,108,3.5,1495684197
577,57,5.0,1499280245
577,32,2.5,1543491715
577,4,5.0,1571687352
577,85,3.5,1588548244
577,60,2.5,1589893225
577,200,3.0,1596784898
577,95,4.0,1610095496
577,54,5.0,1629202848
577,302,4.0,1634030071
577,87,3.0,1640820702
577,189,3.5,1644898906
578,236,3.5,1269613973
578,302,1.0,1295991596
578,11,5.0,1298092616
578,218,3.0,1300366648
578,13,4.0,1305754945
578,83,3.0,1322175817
578,319,3.0,1354774830
578,44,1.5,1358178433
578,287,2.0,1418364876
578,85,2.0,1421334966
578,220,1.0,1438015565
578,311,2.0,1443515613
578,70,2.0,1443823892
578,45,3.0,1444803673
578,130,3.0,1463087271
578,234,2.5,1466564247
578,323,2.0,1467110527
578,1,4.5,1474245020
578,324,0.5,1492491699
578,61,2.0,1494747973
578,29,1.5,1501162058
578,174,3.0,1523685852
578,47,2.5,1559513830
578,57,2.0,1567855615
578,120,4.5,1576526549
578,62,3.5,1601013718
578,117,3.5,1605397296
578,207,0.5,1612871010
578,96,4.5,1613928986
578,145,3.5,1627972273
578,340,5.0,1637639246
578,15,3.0,1641835530
579,63,3.5,1263428915
579,136,5.0,1265767703
579,323,3.5,1267468960
579,43,2.5,1273617064
579,222,4.5,1276612063
579,62,4.5,1293708213
579,16,4.0,1295742868
579,240,3.0,1300240177
579,229,2.5,1302367914
579,167,3.0,1307279750
579,17,4.0,1318210196
579,11,4.5,1326454573
579,15,5.0,1330890930
579,13,4.5,1335594812
579,321,2.5,1362935989
579,221,1.0,1368276060
579,72,5.0,1386649117
579,1,5.0,1392301936
579,183,3.5,1404165109
579,93,3.5,1425933345
579,147,5.0,1432931602
579,95,4.5,1433050797
579,313,5.0,1438737835
579,332,3.5,1483281082
579,18,5.0,1502588034
579,45,2.5,1505858040
579,336,1.5,1518964126
579,269,3.5,1523299874
579,4,5.0,1539966976
579,119,2.0,1552812288
579,106,3.5,1569722243
579,67,5.0,1586961712
579,186,3.5,1588185494
579,241,4.0,1611341975
579,311,5.0,1625116254
579,46,3.5,1651133115
580,27,4.0,1273679787
580,127,5.0,1283994983
580,33,3.5,1294436937
580,185,0.5,1309666353
580,106,2.5,1311448383
580,3,5.0,1312723844
580,126,3.5,1333652103
580,14,3.5,1335579179
580,108,3.5,1341593283
580,135,4.5,1341787380
580,328,4.0,1344518143
580,103,2.0,1357861183
580,212,2.0,1361541044
580,40,4.0,1368018265
580,62,3.0,1377583921
580,56,3.5,1384458515
580,71,3.0,1396481799
580,16,5.0,1405800854
580,120,4.0,1407850825
580,30,4.0,1435675789
580,2,5.0,1439968577
580,1,5.0,1462962484
580,24,5.0,1467317396
580,81,3.0,1479685088
580,57,4.5,1497552741
580,19,5.0,1503180688
580,257,4.0,1506112783
580,63,1.5,1518347682
580,5,5.0,1523746243
580,7,5.0,1537735903
580,31,4.0,1547458625
580,86,5.0,1553531179
580,201,2.5,1555509204
580,174,4.0,1558932894
580,183,2.0,1562772429
580,23,4.5,1566017642
580,279,0.5,1567439094
580,6,5.0,1568445085
580,280,4.0,1574794459
580,197,2.0,1589456275
580,8,3.5,1590983812
580,11,5.0,1597353981
580,95,2.5,1601310725
580,72,3.5,1605555431
580,302,2.0,1612480010
580,93,4.0,1617699309
580,156,3.0,1622779971
580,317,3.5,1630672837
580,109,5.0,1634497518
580,26,4.5,1653586107
581,116,3.0,1271758165
581,328,5.0,1278279167
581,18,5.0,1281429371
581,165,2.5,1294722348
581,43,3.5,1299900658
581,151,3.0,1313832537
581,98,4.0,1316966083
581,223,2.0,1358910887
581,244,3.5,1390302284
581,95,4.0,1401148802
581,28,2.0,1454304448
581,4,4.5,1455473496
581,333,2.5,1473821884
581,62,4.0,1483710178
581,144,3.0,1492035406
581,3,4.0,1511595452
581,161,3.5,1527447103
581,22,4.5,1564288921
581,313,4.5,1585374136
581,327,5.0,1586755989
581,274,4.5,1608369124
581,279,3.5,1614929162
581,56,4.5,1631571685
581,156,4.0,1632244765
581,82,3.5,1635622631
581,64,2.5,1645848873
582,54,5.0,1297849021
582,311,4.5,1358286759
582,19,4.5,1359329890
582,85,3.5,1417200016
582,141,3.5,1430559823
582,183,4.5,1438420406
582,31,4.5,1444040413
582,8,5.0,1456750092
582,2,3.5,1469132421
582,103,4.0,1497160714
582,188,2.5,1572328482
582,303,3.5,1616920554
583,190,2.0,1265095140
583,204,1.0,1275019593
583,43,3.5,1280861392
583,119,5.0,1292209392
583,178,4.5,1312937389
583,279,3.5,1320273029
583,12,2.5,1377189267
583,136,2.5,1389559721
583,66,4.5,1426627483
583,117,5.0,1429141582
583,40,3.5,1439769898
583,57,2.0,1473352182
583,148,0.5,1486430987
583,82,2.5,1511415960
583,205,0.5,1513270910
583,13,3.5,1518757752
583,193,5.0,1522885781
583,96,3.0,1544267367
583,35,3.5,1556186763
583,302,0.5,1570648702
583,28,2.5,1576755209
583,93,3.0,1609379215
583,4,3.5,1609615520
583,330,1.0,1620973147
583,304,1.5,1624642603
583,329,2.0,1629077606
584,59,3.5,1279658971
584,251,2.0,1290924474
584,188,4.0,1332488087
584,135,5.0,1342104370
584,130,5.0,1355004144
584,9,5.0,1379947232
584,1,5.0,1443113830
584,10,4.0,1446052974
584,239,4.5,1501045892
584,65,3.5,1505867093
584,170,5.0,1532801359
584,44,3.5,1549420262
585,305,3.0,1272176681
585,221,0.5,1294590501
585,56,5.0,1300920731
585,138,4.5,1301297656
585,279,3.5,1304307287
585,77,3.5,1312589207
585,1,4.0,1372029969
585,17,4.5,1405255452
585,68,3.5,1433272411
585,8,5.0,1443397696
585,26,5.0,1458785789
585,338,1.5,1465158620
585,196,4.0,1509888099
585,187,3.5,1520038837
585,41,3.5,1521667537
585,19,5.0,1527141012
585,12,4.5,1533922034
585,126,3.0,1539947123
585,105,3.0,1540088532
585,36,4.5,1556627623
585,172,2.5,1565536305
585,300,3.5,1578532909
585,63,4.0,1580738348
585,262,2.5,1634772106
585,92,3.5,1634836819
585,237,3.5,1642328940
585,21,3.5,1650908507
586,78,2.5,1264528163
586,241,2.0,1264543786
586,285,3.0,1266497852
586,41,5.0,1267107633
586,42,5.0,1270404091
586,8,5.0,1280011826
586,21,4.0,1290387745
586,115,3.0,1293738421
586,19,4.5,1303230414
586,103,0.5,1324113195
586,107,4.0,1339818807
586,245,3.0,1347771750
586,58,2.0,1354492039
586,218,2.5,1355296332
586,56,3.0,1357275917
586,190,2.5,1366037432
586,145,3.0,1373359555
586,186,3.0,1375454641
586,64,2.0,1380059606
586,45,4.5,1390969011
586,76,3.0,1397008691
586,46,5.0,1406132317
586,200,2.5,1406401550
586,97,3.0,1411319749
586,99,5.0,1415589565
586,26,4.0,1448601684
586,247,4.5,1450106515
586,242,4.5,1456322811
586,18,4.0,1460121826
586,72,2.5,1465999370
586,131,4.0,1469019094
586,314,3.0,1469584679
586,323,2.5,1473748109
586,33,4.5,1477778022
586,34,4.0,1495311939
586,322,3.0,1513629434
586,165,4.5,1518053997
586,116,3.0,1520105856
586,14,3.5,1521996938
586,83,2.0,1523371393
586,36,4.5,1533059263
586,302,3.0,1576559022
586,98,4.0,1579798817
586,300,4.0,1580672072
586,335,4.0,1581893166
586,167,1.0,1599403281
586,224,0.5,1627843827
586,296,4.5,1628873294
586,147,3.0,1633849754
586,4,4.0,1650500182
586,12,3.0,1658819314
587,30,5.0,1272514119
587,320,3.0,1292061385
587,9,4.0,1298007255
587,33,3.5,1355348061
587,279,3.0,1361912619
587,8,4.5,1366355653
587,295,4.0,1443683669
587,17,3.0,1460494708
587,247,3.5,1469642144
587,303,1.5,1471040176
587,82,3.0,1478811030
587,97,3.0,1480135453
587,253,2.5,1483144125
587,152,2.0,1495063634
587,291,3.0,1516077256
587,54,4.5,1532189921
587,233,2.0,1551951925
587,205,0.5,1555963575
587,67,1.5,1562152877
587,46,4.0,1575920087
587,98,4.0,1577124548
587,301,4.5,1578879515
587,322,3.0,1581326187
587,236,2.5,1595084237
587,211,1.0,1607467167
587,57,4.0,1607965688
587,165,3.0,1615625915
587,203,3.0,1633405335
587,149,3.5,1633615298
587,14,3.5,1638107696
587,223,3.0,1654587604
587,224,2.0,1657849960
588,321,1.5,1264198518
588,31,4.0,1265863302
588,185,1.5,1277731074
588,95,3.5,1281668130
588,188,4.5,1294912242
588,16,5.0,1311178620
588,68,3.0,1324217680
588,12,4.0,1395131544
588,29,4.5,1408795001
588,3,5.0,1431441042
588,39,4.5,1442159984
588,21,3.5,1443618906
588,253,5.0,1453278298
588,6,3.5,1457000052
588,11,5.0,1474555955
588,87,3.5,1493558199
588,116,5.0,1495939761
588,2,5.0,1522222406
588,256,3.5,1539016829
588,197,3.5,1539377381
588,99,5.0,1551484907
588,74,4.0,1554758057
588,339,5.0,1613267004
588,329,2.5,1623261952
588,302,2.0,1623830781
588,218,3.5,1630734730
588,306,3.5,1632273667
588,285,3.5,1639570053
588,217,4.0,1642349339
588,176,4.0,1651085728
588,295,4.5,1659882466
588,64,3.0,1660281332
589,329,1.5,1328799183
589,95,2.0,1430042227
589,34,4.5,1444793850
589,55,2.5,1450775694
589,30,4.0,1495810454
589,313,2.5,1584030651
589,72,4.0,1586338862
589,59,3.5,1609345359
589,10,5.0,1620087309
589,151,3.5,1634238996
589,239,3.5,1650717001
589,31,4.5,1659092678
590,308,4.5,1263203785
590,35,2.5,1265037959
590,250,2.0,1309966803
590,110,3.0,1347778798
590,11,5.0,1367014753
590,135,4.0,1371180027
590,106,3.0,1371974570
590,40,5.0,1372140517
590,223,2.0,1372687713
590,196,2.5,1376695575
590,108,3.0,1383373360
590,12,4.0,1385221751
590,2,5.0,1404966952
590,188,4.0,1406856955
590,6,4.0,1408854749
590,18,4.5,1413791896
590,68,3.5,1441547601
590,17,4.0,1444375464
590,23,3.5,1453392213
590,320,3.0,1457499395
590,46,4.0,1460592624
590,256,4.5,1464686149
590,304,3.0,1476625900
590,57,5.0,1478294165
590,132,4.5,1480098578
590,153,1.5,1494299680
590,327,3.5,1498556731
590,170,3.5,1506666238
590,149,2.5,1512172165
590,67,3.5,1531062013
590,291,3.0,1535219834
590,10,2.5,1572834016
590,142,5.0,1583681577
590,238,3.5,1592164209
590,180,2.0,1592645799
590,129,5.0,1597833036
590,88,4.0,1602368415
590,4,5.0,1604488865
590,147,4.5,1607736038
590,321,2.5,1610578041
590,255,4.0,1611263574
590,247,3.0,1613262170
590,61,2.0,1613744191
590,51,3.5,1618992931
590,86,5.0,1630699778
590,13,5.0,1637466030
590,227,2.0,1649568507
590,174,4.0,1651048705
591,26,4.0,1270620429
591,8,3.5,1280499320
591,338,3.0,1281431555
591,103,1.5,1321203164
591,2,3.5,1326240298
591,57,3.5,1344624436
591,105,3.5,1360461712
591,58,2.5,1372259923
591,33,4.0,1403504877
591,135,4.0,1414743549
591,284,2.5,1416355857
591,55,2.5,1455035360
591,134,3.5,1469585207
591,83,3.5,1496464833
591,66,3.5,1508602925
591,115,4.0,1510027495
591,16,3.5,1524435533
591,1,4.5,1552801327
591,86,3.0,1554159487
591,290,0.5,1574454989
591,81,3.0,1604491601
591,60,1.5,1605582740
591,311,2.0,1613069378
591,40,3.0,1643797244
591,301,3.5,1644548415
591,91,2.5,1651798840
592,301,3.5,1264087399
592,59,3.5,1265466502
592,85,3.0,1275022057
592,44,3.0,1276678653
592,269,4.0,1280589210
592,57,4.5,1290122880
592,66,4.0,1323168799
592,115,4.0,1325796620
592,82,3.5,1330716359
592,70,3.5,1337941218
592,177,4.0,1341590531
592,187,3.0,1341990639
592,152,2.0,1371131938
592,186,3.0,1385487730
592,322,3.5,1386911925
592,67,4.5,1414372456
592,184,2.5,1423152377
592,60,2.5,1440154583
592,54,4.0,1449871070
592,6,4.0,1517492231
592,93,4.0,1519521635
592,331,1.5,1529740340
592,18,4.5,1555675041
592,190,3.5,1566389114
592,43,3.5,1588700968
592,211,3.5,1635152853
592,151,3.0,1639449436
593,19,4.5,1271715644
593,322,4.5,1313803942
593,287,0.5,1373471560
593,89,4.5,1391885362
593,10,5.0,1420258248
593,3,5.0,1468656611
593,4,5.0,1484078023
593,40,5.0,1494718681
593,300,4.0,1535695205
593,30,5.0,1633065172
594,21,4.5,1282778122
594,322,4.0,1284317920
594,1,5.0,1285185547
594,27,4.0,1292752025
594,22,4.0,1308100425
594,3,5.0,1337954804
594,17,5.0,1368473948
594,4,5.0,1373854885
594,127,4.5,1374919899
594,67,3.0,1379328259
594,71,4.0,1380189020
594,321,1.5,1380401252
594,291,3.5,1385432679
594,30,4.0,1409934194
594,59,2.0,1437475228
594,70,4.5,1473738149
594,89,4.0,1499041452
594,62,4.5,1506308807
594,39,4.0,1523151043
594,186,3.0,1573364803
595,105,4.5,1285872106
595,26,5.0,1291992465
595,86,3.0,1293325013
595,153,0.5,1296932921
595,59,3.0,1306109966
595,64,2.5,1336146149
595,232,2.5,1340698772
595,291,2.0,1364637821
595,53,4.0,1367550431
595,328,2.0,1387539090
595,30,5.0,1391805471
595,1,5.0,1392589761
595,2,4.5,1396297898
595,56,5.0,1445141006
595,61,3.0,1446521595
595,18,5.0,1484195305
595,149,1.0,1491211379
595,46,4.5,1491742454
595,4,4.5,1514116131
595,312,2.0,1514349408
595,11,4.0,1522628287
595,154,0.5,1543147901
595,192,3.0,1567063901
595,158,3.5,1575553937
595,94,3.0,1577398238
595,143,4.5,1578512877
595,34,5.0,1594595091
595,25,3.5,1619908700
595,159,2.0,1622262231
595,48,5.0,1629489215
595,301,5.0,1632380149
595,16,4.5,1640074110
595,329,3.0,1644058621
595,146,3.0,1646984988
595,322,4.0,1651324407
596,7,4.5,1276359286
596,28,4.0,1287946722
596,190,3.5,1293809078
596,340,5.0,1295586157
596,26,4.0,1301917773
596,302,2.0,1317725274
596,155,2.0,1318066077
596,276,1.0,1324466605
596,49,3.0,1336456773
596,178,5.0,1358519999
596,1,4.0,1359408254
596,324,1.5,1361262642
596,13,3.5,1374008457
596,96,3.0,1376332763
596,25,4.0,1395225102
596,193,4.5,1406342020
596,212,1.5,1429154839
596,177,5.0,1441593608
596,85,2.5,1451914703
596,199,1.5,1457941720
596,93,3.0,1459041699
596,135,2.5,1459482341
596,34,4.5,1464961844
596,97,2.5,1481130372
596,267,5.0,1511665230
596,343,5.0,1518874076
596,145,5.0,1525700740
596,128,3.5,1533785488
596,15,4.0,1561962376
596,320,1.0,1572349365
596,56,1.5,1590963696
596,179,3.5,1607176438
596,165,2.5,1632989137
596,339,5.0,1639374366
596,119,5.0,1650989549
596,223,1.0,1659979368
597,62,5.0,1296523324
597,4,4.5,1305901951
597,189,2.5,1310071829
597,196,1.5,1312171885
597,181,4.5,1314680792
597,152,3.5,1318723092
597,305,5.0,1352539912
597,50,1.5,1363985027
597,285,0.5,1393638389
597,101,3.5,1402120633
597,311,3.5,1410469400
597,18,4.5,1416379500
597,48,1.5,1437406113
597,23,5.0,1448972354
597,58,1.5,1508091423
597,88,4.0,1515695623
597,90,5.0,1557226901
597,8,4.5,1567184311
597,182,3.0,1604874587
597,208,1.5,1625114191
598,64,3.0,1282166050
598,7,4.5,1364654879
598,22,2.0,1368040226
598,320,1.5,1446558172
598,154,1.0,1457301909
598,108,1.5,1491943981
598,73,1.5,1525870653
598,256,4.5,1543129610
598,26,4.0,1564404869
598,113,4.5,1639701537
599,85,2.5,1270771625
599,2,5.0,1272685682
599,57,4.5,1276330374
599,95,2.5,1310098458
599,75,2.0,1310300850
599,81,4.0,1310355824
599,33,5.0,1318713569
599,76,2.0,1333283762
599,339,5.0,1354171469
599,321,2.5,1376742521
599,18,3.0,1413077159
599,48,4.0,1426216502
599,183,3.5,1432537267
599,186,3.5,1442927825
599,59,3.5,1448965601
599,50,4.0,1462573260
599,72,2.5,1469245451
599,89,3.5,1484785587
599,134,3.5,1505677484
599,56,4.5,1515351530
599,30,4.0,1516105773
599,28,5.0,1523668461
599,29,4.5,1539999212
599,252,3.5,1544233936
599,5,5.0,1544492902
599,52,4.0,1560203800
599,116,5.0,1577716071
599,147,3.5,1591730901
599,63,3.5,1599429105
599,123,5.0,1604608972
599,51,2.5,1611559617
599,295,1.0,1616695549
599,176,4.0,1622808195
599,308,3.0,1640308062
599,169,1.5,1657986879
599,12,4.0,1661835593
600,91,3.0,1265439652
600,124,5.0,1268465354
600,155,0.5,1275459495
600,322,0.5,1279827805
600,58,0.5,1279839643
600,190,1.0,1296836095
600,102,1.0,1308271977
600,99,3.0,1331437441
600,119,5.0,1333208873
600,59,0.5,1343938711
600,86,2.0,1348596958
600,93,2.0,1354873905
600,34,3.5,1361989444
600,4,2.5,1365656214
600,94,1.5,1368445466
600,250,1.0,1370970224
600,85,1.0,1398876683
600,5,5.0,1401399053
600,73,0.5,1405485343
600,106,4.0,1415811874
600,12,1.5,1416076108
600,156,3.0,1420103878
600,114,5.0,1430555928
600,1,4.5,1433867296
600,239,0.5,1449094580
600,15,4.0,1450410503
600,3,5.0,1479574918
600,35,3.0,1485395299
600,237,0.5,1498829099
600,321,0.5,1504951549
600,62,1.5,1511834766
600,159,0.5,1512633845
600,50,2.5,1524604890
600,158,3.5,1590380912
600,231,2.0,1590691963
600,194,0.5,1602825887
600,83,3.5,1608982044
600,18,2.0,1611429517
600,17,4.5,1613641548
600,26,3.5,1635770980
600,144,5.0,1638989184
600,52,1.5,1643707980
600,339,5.0,1649196011
