customer_id,signup_date,age,gender,city,region,segment
C00001,2025-11-10,41,F,Oxford,South,Home Office
C00002,09/12/2025,38,M,Brighton,South,Home Office
C00003,2025-02-27,41,F,  Plymouth ,West,Home Office
C00004,2024-03-15,29,M,EXETER,West,Small Business
C00005,25/03/2023,41,F,NORWICH,East,Consumer
C00006,27/05/2025,32,F,Norwich,East,Consumer
C00007,24/02/2025,31,M,reading,South,Consumer
C00008,2023-03-28,18,F,Exeter,West,Consumer
C00009,25/02/2024,39,M,Manchester,North,Consumer
C00010,11/03/2024,51,M,  Southampton ,South,Small Business
C00011,12/06/2025,37,M,Bristol,West,Corporate
C00012,2024-12-21,36,M,brighton,South,Consumer
C00013,2024-11-01,57,M,York,North,Home Office
C00014,2024-11-09,54,,reading,South,Home Office
C00015,12/06/2023,64,F,exeter,West,Consumer
C00016,2023-11-07,70,F,  Sheffield ,North,Consumer
C00017,2022-05-12,42,F,Cardiff,West,Small Business
C00018,26/04/2025,26,F,bath,West,Consumer
C00019,2024-01-31,34,F,Ipswich,East,Consumer
C00020,2024-02-07,48,F,BRIGHTON,South,Consumer
C00021,04/05/2023,60,F,Cardiff,West,Home Office
C00022,2023-03-08,27,F,Manchester,North,Consumer
C00023,2024-08-23,44,F,Coventry,Central,Home Office
C00024,2023-04-14,31,F,Exeter,West,Home Office
C00025,2022-06-22,39,M,york,North,Home Office
C00026,2025-04-03,39,M,Cardiff,West,Home Office
C00027,2023-11-13,46,M,Ipswich,East,Home Office
C00028,19/11/2023,67,M,COLCHESTER,East,Home Office
C00029,2024-01-29,47,F,Brighton,South,Consumer
C00030,2025-05-30,35,M,  Peterborough ,East,Home Office
C00031,26/08/2023,33,F,cardiff,West,Corporate
C00032,2025-03-22,39,F,Leicester,Central,Consumer
C00033,2025-10-23,30,M,BRIGHTON,South,Small Business
C00034,2024-11-23,43,M,Cambridge,East,Consumer
C00035,2024-01-29,18,F,Bristol,West,Consumer
C00036,10/03/2025,38,F,exeter,West,Consumer
C00037,2024-03-05,39,M,Norwich,East,Small Business
C00038,2024-01-05,26,M,reading,South,Consumer
C00039,2024-06-03,36,F,  Plymouth ,West,Consumer
C00040,2023-08-21,56,F,  Portsmouth ,South,Consumer
C00041,08/09/2022,56,F,York,North,Consumer
C00042,2024-01-06,34,F,norwich,East,Corporate
C00043,2022-10-14,48,F,  Brighton ,South,Small Business
C00044,31/12/2023,22,F,leeds,North,Home Office
C00045,2024-07-14,37,M,manchester,North,Small Business
C00046,2025-10-12,44,M,  Bath ,West,Consumer
C00047,2022-04-21,61,F,Leicester,Central,Consumer
C00048,04/10/2024,57,F,Peterborough,East,Consumer
C00049,2024-03-05,44,M,LEEDS,North,Home Office
C00050,12/03/2022,29,M,Cardiff,West,Home Office
C00051,2023-05-10,59,Other,  Portsmouth ,South,Home Office
C00052,05/10/2022,37,,  Coventry ,Central,Consumer
C00053,20/03/2023,47,M,,East,Consumer
C00054,18/06/2023,39,F,,North,Consumer
C00055,2023-12-18,67,F,Ipswich,East,Home Office
C00056,2024-06-08,33,F,SOUTHAMPTON,South,Consumer
C00057,2022-01-08,53,M,exeter,West,Consumer
C00058,2022-12-20,40,F,Newcastle,North,Small Business
C00059,2022-08-19,48,M,Bristol,West,Consumer
C00060,2024-07-04,62,F,Bristol,West,Consumer
C00061,2023-09-07,18,M,Cardiff,West,Consumer
C00062,2024-07-03,40,M,  Coventry ,Central,Consumer
C00063,2023-03-28,29,M,Manchester,North,Consumer
C00064,22/03/2022,47,F,Colchester,East,Consumer
C00065,25/10/2025,50,F,Cardiff,West,Consumer
C00066,2022-09-16,35,F,Oxford,South,Consumer
C00067,2022-10-20,34,M,Sheffield,North,Consumer
C00068,23/11/2022,44,F,brighton,South,Home Office
C00069,2025-12-10,24,M,  Oxford ,South,Small Business
C00070,30/09/2024,45,,Leicester,Central,Home Office
C00071,2024-09-20,30,F,Ipswich,East,Home Office
C00072,16/12/2025,51,F,bath,West,Corporate
C00073,2022-08-09,24,F,BIRMINGHAM,Central,Consumer
C00074,2025-12-02,34,M,portsmouth,South,Corporate
C00075,28/02/2023,31,F,Bath,West,Consumer
C00076,06/10/2024,37,M,york,North,Home Office
C00077,2024-01-13,59,F,York,North,Home Office
C00078,2023-11-24,52,F,Manchester,North,Home Office
C00079,13/10/2025,35,M,  Oxford ,South,Consumer
C00080,2022-11-28,35,F,southampton,South,Consumer
C00081,2025-12-28,53,M,Ipswich,East,Consumer
C00082,2023-11-17,26,,Oxford,South,Consumer
C00083,08/11/2024,41,M,newcastle,North,Consumer
C00084,2025-11-24,33,M,plymouth,West,Small Business
C00085,2022-06-08,39,,manchester,North,Small Business
C00086,2025-10-03,52,M,Plymouth,West,Consumer
C00087,2024-07-28,32,M,nottingham,Central,Home Office
C00088,16/01/2025,54,F,bath,West,Consumer
C00089,28/11/2022,70,M,  Ipswich ,East,Consumer
C00090,2024-06-13,49,F,Cardiff,West,Home Office
C00091,2024-12-09,,M,Plymouth,West,Consumer
C00092,2024-03-03,56,M,leicester,Central,Consumer
C00093,2022-12-08,27,F,Leicester,Central,Small Business
C00094,2023-05-02,61,M,Brighton,South,Home Office
C00095,2025-07-15,31,M,Peterborough,East,Consumer
C00096,17/04/2022,69,F,Cardiff,West,Small Business
C00097,21/01/2025,32,F,leeds,North,Corporate
C00098,2025-12-30,50,F,CAMBRIDGE,East,Consumer
C00099,02/02/2022,21,M,Plymouth,West,Small Business
C00100,2022-12-18,38,F,exeter,West,Corporate
C00101,09/12/2024,27,F,Reading,South,Corporate
C00102,2022-06-13,22,F,BRIGHTON,South,Consumer
C00103,2024-08-25,57,F,sheffield,North,Consumer
C00104,22/12/2024,25,F,CAMBRIDGE,East,Consumer
C00105,23/08/2024,31,F,Birmingham,Central,Consumer
C00106,2023-10-28,30,F,Derby,Central,Home Office
C00107,2025-01-07,56,F,  Oxford ,South,Consumer
C00108,2024-08-31,54,M,Portsmouth,South,Home Office
C00109,2023-03-05,58,M,Bristol,West,Home Office
C00110,22/07/2024,31,M,Bristol,West,Consumer
C00111,2025-08-17,59,F,Colchester,East,Consumer
C00112,2024-11-30,31,Other,southampton,South,Consumer
C00113,2024-03-24,31,F,York,North,Home Office
C00114,2023-08-27,32,M,Bristol,West,Home Office
C00115,2022-08-04,32,M,Cambridge,East,Small Business
C00116,2023-05-03,40,F,southampton,South,Consumer
C00117,14/02/2022,30,F,Leicester,Central,Home Office
C00118,16/12/2025,44,M,Bristol,West,Home Office
C00119,29/03/2023,,M,Derby,Central,Small Business
C00120,2025-05-30,44,M,cambridge,East,Consumer
C00121,31/12/2022,27,M,COLCHESTER,East,Consumer
C00122,2023-07-01,32,M,Birmingham,Central,Consumer
C00123,2024-01-11,33,M,Leicester,Central,Consumer
C00124,2023-08-31,53,M,COVENTRY,Central,Small Business
C00125,2025-05-10,48,M,PLYMOUTH,West,Home Office
C00126,13/11/2025,39,M,CAMBRIDGE,East,Small Business
C00127,09/08/2025,32,F,sheffield,North,Consumer
C00128,2022-12-06,51,M,Reading,South,Corporate
C00129,14/04/2025,64,F,  Derby ,Central,Small Business
C00130,2022-11-26,41,,  Reading ,South,Home Office
C00131,22/09/2025,20,M,Bristol,West,Consumer
C00132,2024-05-24,32,F,Birmingham,Central,Small Business
C00133,2023-09-17,48,M,  Derby ,Central,Home Office
C00134,2022-12-12,35,F,DERBY,Central,Small Business
C00135,2022-02-16,30,F,Norwich,East,Consumer
C00136,08/05/2023,29,F,Ipswich,East,Small Business
C00137,2025-09-23,42,F,Coventry,Central,Consumer
C00138,2025-05-08,21,F,York,North,Small Business
C00139,2025-11-26,41,M,NEWCASTLE,North,Small Business
C00140,2022-09-02,42,F,Leicester,Central,Small Business
C00141,2024-08-28,35,M,Plymouth,West,Consumer
C00142,22/05/2023,27,F,Peterborough,East,Home Office
C00143,26/06/2024,54,F,newcastle,North,Small Business
C00144,2023-08-25,24,F,Cambridge,East,Consumer
C00145,2023-07-01,43,F,nottingham,Central,Home Office
C00146,2024-08-05,50,M,PETERBOROUGH,East,Corporate
C00147,25/01/2023,43,M,portsmouth,South,Home Office
C00148,2024-03-20,57,F,Ipswich,East,Consumer
C00149,10/11/2024,26,F,Leicester,Central,Small Business
C00150,22/10/2022,31,F,derby,Central,Consumer
C00151,2025-10-12,35,M,OXFORD,South,Small Business
C00152,08/05/2024,84,F,Cambridge,East,Consumer
C00153,2025-06-04,48,F,READING,South,Home Office
C00154,2024-11-14,50,M,CAMBRIDGE,East,Consumer
C00155,2025-01-23,49,M,NEWCASTLE,North,Consumer
C00156,30/01/2025,,F,peterborough,East,Consumer
C00157,09/08/2025,55,M,  Ipswich ,East,Consumer
C00158,2024-09-24,18,M,portsmouth,South,Corporate
C00159,2023-06-23,45,F,Southampton,South,Corporate
C00160,30/08/2022,47,M,Leeds,North,Consumer
C00161,2024-09-15,54,F,leeds,North,Home Office
C00162,2022-06-26,26,F,Cardiff,West,Consumer
C00163,28/04/2023,27,F,york,North,Home Office
C00164,2022-06-14,28,M,manchester,North,Small Business
C00165,2024-07-03,,F,Derby,Central,Corporate
C00166,2022-12-17,48,M,Oxford,South,Home Office
C00167,2024-09-20,29,F,coventry,Central,Consumer
C00168,01/05/2025,66,M,colchester,East,Small Business
C00169,2025-06-07,45,M,Cardiff,West,Small Business
C00170,09/08/2023,43,F,Ipswich,East,Consumer
C00171,2024-07-04,38,M,Manchester,North,Home Office
C00172,2024-07-22,53,M,bristol,West,Consumer
C00173,2024-03-25,,M,Exeter,West,Consumer
C00174,2024-11-16,66,M,Southampton,South,Consumer
C00175,2023-03-09,25,M,Exeter,West,Corporate
C00176,2025-12-07,21,M,cambridge,East,Consumer
C00177,28/08/2022,31,Other,  Nottingham ,Central,Consumer
C00178,2025-06-16,48,M,Bristol,West,Corporate
C00179,31/08/2024,35,F,Sheffield,North,Home Office
C00180,03/05/2023,58,M,BIRMINGHAM,Central,Consumer
C00181,2025-03-07,36,F,Leicester,Central,Consumer
C00182,2022-08-01,55,F,Bristol,West,Consumer
C00183,11/04/2025,30,M,Manchester,North,Consumer
C00184,2024-08-25,56,F,EXETER,West,Consumer
C00185,2022-09-20,59,M,  Bristol ,West,Consumer
C00186,2022-07-23,34,F,Southampton,South,Home Office
C00187,14/03/2025,47,M,Nottingham,Central,Consumer
C00188,2023-07-15,44,F,norwich,East,Small Business
C00189,25/08/2025,48,F,Exeter,West,Consumer
C00190,27/03/2025,58,M,Bristol,West,Consumer
C00191,08/01/2025,54,M,southampton,South,Consumer
C00192,24/06/2023,48,M,  Derby ,Central,Corporate
C00193,2025-01-21,50,M,Colchester,East,Corporate
C00194,2025-11-02,24,M,Peterborough,East,Consumer
C00195,2022-08-15,40,F,Southampton,South,Home Office
C00196,2023-09-02,27,F,YORK,North,Small Business
C00197,2023-04-17,41,F,Bristol,West,Home Office
C00198,2023-12-07,56,F,Portsmouth,South,Home Office
C00199,03/03/2025,41,M,Coventry,Central,Home Office
C00200,27/03/2024,18,F,nottingham,Central,Home Office
C00201,01/08/2024,27,F,Cardiff,West,Consumer
C00202,2023-08-16,49,F,Oxford,South,Corporate
C00203,2022-11-14,34,M,BRISTOL,West,Consumer
C00204,06/06/2023,51,Other,SHEFFIELD,North,Home Office
C00205,2025-07-22,,M,Cardiff,West,Consumer
C00206,10/09/2024,46,F,colchester,East,Small Business
C00207,2023-11-16,47,F,leicester,Central,Corporate
C00208,2025-04-30,51,F,Reading,South,Home Office
C00209,22/06/2022,32,F,Reading,South,Small Business
C00210,2023-05-17,51,M,Coventry,Central,Small Business
C00211,2023-04-10,61,M,Colchester,East,Small Business
C00212,2025-12-14,18,F,plymouth,West,Consumer
C00213,2025-01-18,42,F,Nottingham,Central,Consumer
C00214,2024-09-30,18,F,Peterborough,East,Consumer
C00215,2022-01-24,30,M,  Cambridge ,East,Small Business
C00216,26/01/2023,31,Other,ipswich,East,Corporate
C00217,2024-10-22,40,F,  Cardiff ,West,Consumer
C00218,18/11/2023,46,M,  Birmingham ,Central,Consumer
C00219,2025-10-05,53,F,oxford,South,Small Business
C00220,30/03/2025,44,M,,West,Corporate
C00221,2024-02-20,50,F,Portsmouth,South,Home Office
C00222,12/03/2025,27,F,ipswich,East,Consumer
C00223,2025-12-03,55,M,Cardiff,West,Home Office
C00224,2024-03-09,18,F,Coventry,Central,Corporate
C00225,2024-10-31,61,F,  Brighton ,South,Small Business
C00226,2025-09-29,59,F,Brighton,South,Home Office
C00227,09/05/2023,51,F,Brighton,South,Consumer
C00228,22/08/2025,70,M,Leeds,North,Consumer
C00229,2022-08-27,18,F,reading,South,Consumer
C00230,07/11/2024,51,M,Leicester,Central,Consumer
C00231,21/04/2025,43,M,southampton,South,Small Business
C00232,26/09/2024,44,F,PORTSMOUTH,South,Corporate
C00233,24/04/2024,26,F,  Bristol ,West,Home Office
C00234,2024-09-29,46,M,Newcastle,North,Small Business
C00235,2022-12-02,46,M,READING,South,Home Office
C00236,2023-03-18,32,M,Derby,Central,Consumer
C00237,11/06/2023,40,M,newcastle,North,Consumer
C00238,04/09/2024,24,M,Southampton,South,Consumer
C00239,2024-02-12,36,M,  Cambridge ,East,Consumer
C00240,2023-05-03,53,M,  Sheffield ,North,Small Business
C00241,2025-08-18,54,M,Brighton,South,Corporate
C00242,2023-11-10,51,M,newcastle,North,Small Business
C00243,2024-02-18,53,M,Reading,South,Consumer
C00244,2023-12-30,54,F,derby,Central,Corporate
C00245,22/01/2023,33,M,OXFORD,South,Consumer
C00246,2025-02-18,45,F,oxford,South,Home Office
C00247,2024-02-21,55,M,Southampton,South,Consumer
C00248,01/03/2022,23,F,Nottingham,Central,Consumer
C00249,2025-11-20,23,F,newcastle,North,Consumer
C00250,2025-05-31,22,F,Birmingham,Central,Consumer
C00251,2025-02-08,18,M,BRIGHTON,South,Corporate
C00252,2025-08-02,27,M,DERBY,Central,Consumer
C00253,2025-09-15,34,F,  Reading ,South,Consumer
C00254,2023-09-19,61,F,  Newcastle ,North,Consumer
C00255,2024-09-21,35,M,Norwich,East,Home Office
C00256,2024-09-18,21,F,Leeds,North,Small Business
C00257,2023-06-07,43,M,cardiff,West,Consumer
C00258,2023-03-28,39,F,bristol,West,Consumer
C00259,2022-09-26,31,M,Bristol,West,Home Office
C00260,21/11/2024,33,F,Leeds,North,Small Business
C00261,2025-04-19,55,Other,  Bath ,West,Consumer
C00262,2025-03-26,23,M,Southampton,South,Home Office
C00263,19/08/2023,19,Other,DERBY,Central,Consumer
C00264,2023-03-02,47,F,exeter,West,Consumer
C00265,2024-02-28,33,M,  Ipswich ,East,Small Business
C00266,2024-07-01,61,F,cardiff,West,Home Office
C00267,29/09/2025,39,M,Ipswich,East,Consumer
C00268,08/08/2025,40,F,Peterborough,East,Small Business
C00269,2025-09-25,51,F,Sheffield,North,Consumer
C00270,2025-07-10,19,M,PLYMOUTH,West,Consumer
C00271,21/11/2025,45,F,  Portsmouth ,South,Consumer
C00272,2024-03-15,36,M,sheffield,North,Consumer
C00273,2022-05-17,54,M,Bristol,West,Corporate
C00274,2022-07-31,33,M,sheffield,North,Home Office
C00275,03/12/2023,43,M,Plymouth,West,Consumer
C00276,2023-05-23,36,F,York,North,Consumer
C00277,2023-01-02,46,F,Reading,South,Small Business
C00278,07/11/2025,38,M,Cardiff,West,Consumer
C00279,2023-02-14,44,F,York,North,Corporate
C00280,15/11/2025,64,Other,Exeter,West,Corporate
C00281,26/03/2025,37,F,PETERBOROUGH,East,Consumer
C00282,2024-10-29,46,F,plymouth,West,Consumer
C00283,2024-12-12,71,F,Manchester,North,Home Office
C00284,2023-09-10,46,,bath,West,Small Business
C00285,2024-11-05,130,M,  Norwich ,East,Home Office
C00286,30/01/2023,32,M,Oxford,South,Small Business
C00287,21/10/2025,25,M,Southampton,South,Consumer
C00288,2023-07-28,53,M,PORTSMOUTH,South,Small Business
C00289,19/05/2023,40,F,  Norwich ,East,Consumer
C00290,24/01/2025,55,F,Manchester,North,Home Office
C00291,2024-11-17,49,M,BRIGHTON,South,Home Office
C00292,2024-02-25,49,M,bristol,West,Consumer
C00293,2024-10-18,25,F,Norwich,East,Consumer
C00294,16/12/2022,48,M,  Leeds ,North,Consumer
C00295,2024-12-08,59,F,Portsmouth,South,Small Business
C00296,2023-06-12,22,M,Brighton,South,Small Business
C00297,2023-06-15,37,M,bristol,West,Consumer
C00298,2022-12-20,46,F,Birmingham,Central,Corporate
C00299,2023-09-11,42,M,ipswich,East,Corporate
C00300,10/09/2023,60,M,  Plymouth ,West,Small Business
C00301,2024-02-29,50,F,Sheffield,North,Home Office
C00302,2023-02-05,46,F,derby,Central,Small Business
C00303,2023-02-10,52,M,Reading,South,Consumer
C00304,2024-06-24,51,F,Southampton,South,Consumer
C00305,23/10/2022,42,,newcastle,North,Consumer
C00306,2024-12-28,36,F,Leeds,North,Consumer
C00307,2025-10-28,54,F,,West,Consumer
C00308,2024-01-22,31,M,Portsmouth,South,Corporate
C00309,2025-09-08,40,M,  Oxford ,South,Consumer
C00310,2022-08-28,26,M,Newcastle,North,Consumer
C00311,2022-05-06,51,F,Nottingham,Central,Home Office
C00312,2025-02-06,57,M,exeter,West,Corporate
C00313,2025-03-26,29,F,coventry,Central,Home Office
C00314,2025-07-02,39,F,  Bristol ,West,Corporate
C00315,2022-06-06,35,M,Coventry,Central,Consumer
C00316,2025-04-14,55,F,Norwich,East,Small Business
C00317,2023-11-14,59,F,York,North,Consumer
C00318,2023-07-31,35,M,Southampton,South,Corporate
C00319,2023-01-08,18,F,,South,Consumer
C00320,2025-12-26,56,M,BATH,West,Home Office
C00321,2022-06-20,42,M,Newcastle,North,Consumer
C00322,13/06/2025,,F,manchester,North,Home Office
C00323,27/10/2024,54,M,EXETER,West,Consumer
C00324,2025-02-22,36,F,York,North,Corporate
C00325,2025-01-25,33,M,LEEDS,North,Consumer
C00326,2025-07-20,36,F,  York ,North,Home Office
C00327,2023-01-26,47,M,Bath,West,Consumer
C00328,2022-01-07,52,M,York,North,Consumer
C00329,05/09/2024,62,F,leeds,North,Consumer
C00330,2023-10-12,46,F,Manchester,North,Small Business
C00331,2022-10-14,39,M,Plymouth,West,Consumer
C00332,29/01/2023,53,M,manchester,North,Consumer
C00333,10/09/2023,28,F,manchester,North,Small Business
C00334,2022-07-04,59,M,Leicester,Central,Small Business
C00335,06/06/2022,44,F,Nottingham,Central,Consumer
C00336,2025-09-25,38,M,Manchester,North,Small Business
C00337,2023-08-13,28,M,Portsmouth,South,Consumer
C00338,2025-12-11,49,M,Leeds,North,Corporate
C00339,2025-11-20,37,M,Bath,West,Small Business
C00340,2022-11-17,40,F,  Brighton ,South,Consumer
C00341,2025-01-29,19,F,Derby,Central,Consumer
C00342,08/09/2024,35,F,bath,West,Home Office
C00343,30/12/2024,34,M,Norwich,East,Home Office
C00344,2022-08-24,46,F,leeds,North,Small Business
C00345,2023-02-02,38,F,Derby,Central,Consumer
C00346,17/07/2022,18,F,Exeter,West,Consumer
C00347,2024-09-12,36,F,plymouth,West,Consumer
C00348,2025-12-16,22,M,newcastle,North,Corporate
C00349,2024-12-07,27,M,Exeter,West,Consumer
C00350,24/01/2025,54,F,Bath,West,Home Office
C00351,2025-12-13,19,F,Coventry,Central,Consumer
C00352,2024-12-14,45,F,colchester,East,Home Office
C00353,30/04/2022,34,M,peterborough,East,Consumer
C00354,2025-07-30,32,M,SOUTHAMPTON,South,Small Business
C00355,2023-10-28,28,F,Exeter,West,Consumer
C00356,22/01/2022,45,F,derby,Central,Consumer
C00357,2024-05-10,47,M,Cambridge,East,Consumer
C00358,2025-10-20,19,M,  Manchester ,North,Small Business
C00359,2023-05-22,56,M,Leeds,North,Corporate
C00360,19/04/2024,26,F,Cambridge,East,Small Business
C00361,09/01/2023,46,M,exeter,West,Consumer
C00362,2022-06-08,26,M,Leeds,North,Home Office
C00363,25/07/2022,35,F,southampton,South,Consumer
C00364,2025-02-13,24,F,Coventry,Central,Consumer
C00365,2025-07-27,34,F,colchester,East,Corporate
C00366,2022-11-18,38,M,,North,Home Office
C00367,2023-07-08,26,F,Southampton,South,Consumer
C00368,13/02/2023,45,F,Southampton,South,Small Business
C00369,2022-03-29,47,M,newcastle,North,Consumer
C00370,2024-07-09,76,M,Cardiff,West,Home Office
C00371,2025-01-10,53,F,Peterborough,East,Consumer
C00372,2024-11-07,56,F,Bath,West,Small Business
C00373,30/11/2023,18,F,peterborough,East,Small Business
C00374,2024-07-11,18,F,Newcastle,North,Consumer
C00375,2022-08-20,37,F,LEEDS,North,Home Office
C00376,2022-12-07,64,M,newcastle,North,Home Office
C00377,14/10/2025,73,Other,  York ,North,Small Business
C00378,2025-03-26,32,M,Exeter,West,Consumer
C00379,2025-10-03,33,F,Leeds,North,Small Business
C00380,2025-09-26,48,F,Bristol,West,Consumer
C00381,2024-11-09,38,M,Manchester,North,Home Office
C00382,2025-10-10,,F,Manchester,North,Consumer
C00383,09/01/2024,49,M,  Sheffield ,North,Consumer
C00384,2022-01-19,76,M,Norwich,East,Home Office
C00385,2022-06-18,58,Other,Exeter,West,Consumer
C00386,18/09/2022,65,M,  Bristol ,West,Consumer
C00387,22/08/2022,18,F,Newcastle,North,Home Office
C00388,09/10/2023,55,F,ipswich,East,Home Office
C00389,2025-01-12,29,M,Bristol,West,Consumer
C00390,2025-05-01,63,M,Oxford,South,Small Business
C00391,2024-08-26,59,M,Sheffield,North,Home Office
C00392,2022-11-23,49,F,leeds,North,Home Office
C00393,2025-03-10,31,M,york,North,Home Office
C00394,2023-10-14,35,F,birmingham,Central,Consumer
C00395,2022-02-19,36,F,Brighton,South,Consumer
C00396,2023-06-27,51,M,ipswich,East,Corporate
C00397,09/09/2023,46,F,Bristol,West,Consumer
C00398,2023-06-17,59,F,Reading,South,Consumer
C00399,26/05/2025,62,M,  Plymouth ,West,Small Business
C00400,2025-03-25,30,F,Sheffield,North,Consumer
C00401,2025-01-05,47,M,peterborough,East,Small Business
C00402,10/11/2022,47,F,Leeds,North,Corporate
C00403,21/05/2025,40,M,reading,South,Consumer
C00404,2024-12-13,53,F,oxford,South,Corporate
C00405,2023-02-13,47,,EXETER,West,Consumer
C00406,2024-11-07,34,F,Plymouth,West,Corporate
C00407,2024-04-08,39,M,Bath,West,Consumer
C00408,2024-02-09,36,M,leeds,North,Corporate
C00409,2022-09-23,32,F,Birmingham,Central,Home Office
C00410,2024-05-24,40,M,sheffield,North,Small Business
C00411,2022-08-31,24,F,exeter,West,Home Office
C00412,24/12/2022,47,F,Bath,West,Small Business
C00413,2022-10-30,59,F,Colchester,East,Small Business
C00414,2025-11-08,42,M,BRIGHTON,South,Small Business
C00415,2023-07-03,53,M,Plymouth,West,Corporate
C00416,2023-10-14,43,M,  Cardiff ,West,Consumer
C00417,27/08/2023,28,F,Newcastle,North,Corporate
C00418,05/09/2025,67,F,Plymouth,West,Small Business
C00419,2024-07-22,18,M,Newcastle,North,Corporate
C00420,2025-09-29,41,M,IPSWICH,East,Home Office
C00421,2023-07-26,31,F,BRISTOL,West,Consumer
C00422,2022-09-28,62,F,bristol,West,Corporate
C00423,2024-07-13,44,Other,Ipswich,East,Consumer
C00424,30/09/2023,74,F,York,North,Consumer
C00425,2025-05-14,41,F,Norwich,East,Consumer
C00426,14/08/2025,31,F,southampton,South,Consumer
C00427,2024-03-25,19,F,Norwich,East,Consumer
C00428,28/11/2025,55,,NORWICH,East,Home Office
C00429,2024-07-09,30,F,PLYMOUTH,West,Consumer
C00430,2023-06-12,36,F,Reading,South,Home Office
C00431,2024-04-16,57,F,York,North,Consumer
C00432,23/04/2022,55,F,cambridge,East,Consumer
C00433,2025-05-17,33,F,york,North,Consumer
C00434,03/09/2022,35,M,Newcastle,North,Home Office
C00435,2023-08-08,18,F,Portsmouth,South,Corporate
C00436,25/07/2024,18,F,Cambridge,East,Consumer
C00437,2022-05-06,51,M,READING,South,Small Business
C00438,22/07/2022,52,M,  Cambridge ,East,Consumer
C00439,2025-01-06,46,M,Derby,Central,Consumer
C00440,2022-07-07,43,F,PETERBOROUGH,East,Small Business
C00441,2024-03-31,32,M,brighton,South,Home Office
C00442,2023-09-20,60,M,manchester,North,Home Office
C00443,2023-04-07,18,F,sheffield,North,Home Office
C00444,2023-02-03,35,F,Peterborough,East,Consumer
C00445,2025-03-29,43,F,exeter,West,Consumer
C00446,2025-11-06,41,F,York,North,Consumer
C00447,2022-11-12,41,F,sheffield,North,Consumer
C00448,2025-11-15,34,F,Southampton,South,Home Office
C00449,01/09/2024,48,M,brighton,South,Consumer
C00450,2024-10-30,25,M,Birmingham,Central,Small Business
C00451,2025-01-23,39,F,NEWCASTLE,North,Consumer
C00452,2025-01-15,47,F,Sheffield,North,Home Office
C00453,04/06/2025,37,M,portsmouth,South,Corporate
C00454,08/04/2024,41,F,York,North,Consumer
C00455,2024-06-13,44,M,york,North,Consumer
C00456,2023-08-30,18,Other,oxford,South,Consumer
C00457,2022-09-10,19,M,oxford,South,Corporate
C00458,2024-11-28,43,F,Leeds,North,Home Office
C00459,15/04/2022,33,M,  Peterborough ,East,Home Office
C00460,2023-06-19,34,F,  Cambridge ,East,Small Business
C00461,2022-08-20,48,F,Newcastle,North,Small Business
C00462,2023-02-06,28,M,Bristol,West,Home Office
C00463,2024-10-26,18,F,Brighton,South,Small Business
C00464,2024-10-13,63,F,nottingham,Central,Home Office
C00465,15/01/2024,57,M,Leicester,Central,Home Office
C00466,13/08/2022,57,F,reading,South,Small Business
C00467,01/02/2024,26,F,Newcastle,North,Home Office
C00468,2023-10-11,40,M,exeter,West,Consumer
C00469,2025-02-05,25,F,PORTSMOUTH,South,Consumer
C00470,2024-08-11,40,M,  Sheffield ,North,Consumer
C00471,2024-04-19,36,Other,NORWICH,East,Home Office
C00472,2024-04-13,27,M,Norwich,East,Corporate
C00473,2025-11-22,48,F,Bath,West,Consumer
C00474,2025-03-20,38,M,exeter,West,Home Office
C00475,2024-04-26,63,F,Birmingham,Central,Small Business
C00476,2024-04-03,42,F,Bristol,West,Small Business
C00477,28/03/2022,18,F,Cardiff,West,Consumer
C00478,2025-10-26,18,M,Norwich,East,Consumer
C00479,23/08/2023,68,F,  Birmingham ,Central,Small Business
C00480,20/05/2023,36,M,Coventry,Central,Corporate
C00481,2025-12-30,44,M,Cardiff,West,Consumer
C00482,02/02/2025,41,F,Plymouth,West,Consumer
C00483,2022-05-16,59,M,Colchester,East,Home Office
C00484,17/06/2022,18,F,SOUTHAMPTON,South,Home Office
C00485,2022-03-25,58,F,Coventry,Central,Consumer
C00486,07/09/2024,57,F,York,North,Consumer
C00487,2022-07-07,,M,  Manchester ,North,Consumer
C00488,2025-10-16,46,F,southampton,South,Consumer
C00489,2025-10-20,36,M,colchester,East,Consumer
C00490,2024-06-30,19,F,Cambridge,East,Small Business
C00491,2024-09-28,49,M,Sheffield,North,Consumer
C00492,2023-07-14,44,F,YORK,North,Home Office
C00493,2022-06-21,44,F,Leeds,North,Consumer
C00494,2025-02-25,47,F,oxford,South,Corporate
C00495,2022-09-04,33,F,YORK,North,Home Office
C00496,2022-08-04,60,F,Plymouth,West,Consumer
C00497,2023-08-11,41,M,reading,South,Consumer
C00498,18/02/2022,48,F,portsmouth,South,Consumer
C00499,2024-02-01,37,F,Southampton,South,Consumer
C00500,20/01/2025,55,F,Norwich,East,Corporate
C00501,2025-05-13,42,M,bath,West,Consumer
C00502,2024-09-13,40,F,manchester,North,Consumer
C00503,2025-07-06,57,F,reading,South,Consumer
C00504,25/12/2023,19,F,bristol,West,Home Office
C00505,2025-07-09,37,M,manchester,North,Consumer
C00506,09/05/2024,33,F,Plymouth,West,Corporate
C00507,2023-03-30,46,F,COVENTRY,Central,Consumer
C00508,28/10/2025,45,M,Cambridge,East,Home Office
C00509,2023-06-18,41,Other,Birmingham,Central,Consumer
C00510,2022-03-27,32,F,Brighton,South,Small Business
C00511,2023-04-30,41,M,Brighton,South,Consumer
C00512,2023-10-31,45,M,Leeds,North,Corporate
C00513,2023-10-09,39,Other,leeds,North,Corporate
C00514,02/06/2024,55,F,reading,South,Consumer
C00515,2025-08-18,49,M,  Peterborough ,East,Home Office
C00516,2023-07-14,41,F,Norwich,East,Consumer
C00517,2024-05-28,18,M,Leeds,North,Consumer
C00518,23/09/2023,38,M,Colchester,East,Consumer
C00519,2025-06-07,49,M,  Leeds ,North,Consumer
C00520,2022-12-13,37,M,brighton,South,Consumer
C00521,2022-09-07,45,F,sheffield,North,Home Office
C00522,2024-05-04,38,F,bath,West,Consumer
C00523,2024-12-07,44,M,Ipswich,East,Consumer
C00524,2025-05-06,59,F,BRISTOL,West,Home Office
C00525,2024-08-25,51,M,York,North,Consumer
C00526,2025-04-10,24,M,Reading,South,Consumer
C00527,2023-12-06,19,M,,Central,Home Office
C00528,2022-04-13,47,M,newcastle,North,Consumer
C00529,30/09/2022,56,F,OXFORD,South,Small Business
C00530,27/04/2022,19,F,Manchester,North,Home Office
C00531,2023-09-06,38,M,Sheffield,North,Consumer
C00532,2024-04-24,72,F,  Peterborough ,East,Consumer
C00533,16/10/2023,38,M,YORK,North,Small Business
C00534,2024-07-19,74,F,COLCHESTER,East,Consumer
C00535,04/04/2024,30,M,Nottingham,Central,Consumer
C00536,2024-12-14,33,F,Sheffield,North,Consumer
C00537,2024-12-01,32,M,NEWCASTLE,North,Small Business
C00538,2023-08-21,24,F,Exeter,West,Consumer
C00539,2023-10-01,19,F,ipswich,East,Consumer
C00540,19/08/2024,38,F,nottingham,Central,Corporate
C00541,2024-09-03,43,F,  Reading ,South,Consumer
C00542,2023-08-17,32,Other,IPSWICH,East,Home Office
C00543,2023-09-08,35,F,Nottingham,Central,Consumer
C00544,03/01/2025,60,F,  York ,North,Home Office
C00545,2024-11-06,54,F,CARDIFF,West,Corporate
C00546,2022-11-03,38,M,Norwich,East,Consumer
C00547,2024-02-11,47,F,Bristol,West,Home Office
C00548,2025-08-29,20,M,newcastle,North,Home Office
C00549,2022-04-21,45,Other,portsmouth,South,Home Office
C00550,2025-07-16,40,F,Newcastle,North,Consumer
C00551,2022-12-22,36,M,Derby,Central,Home Office
C00552,2024-05-10,41,M,  York ,North,Consumer
C00553,2024-01-19,39,M,NEWCASTLE,North,Small Business
C00554,2022-02-11,24,M,coventry,Central,Corporate
C00555,2025-09-25,63,M,  Reading ,South,Consumer
C00556,2024-03-01,53,F,Colchester,East,Home Office
C00557,2025-11-09,36,M,Brighton,South,Corporate
C00558,2023-07-06,18,M,BATH,West,Corporate
C00559,2025-07-29,18,F,York,North,Small Business
C00560,2025-10-03,67,F,Peterborough,East,Small Business
C00561,2024-07-14,39,F,PETERBOROUGH,East,Small Business
C00562,2023-02-25,51,F,OXFORD,South,Small Business
C00563,2024-12-23,29,F,Southampton,South,Consumer
C00564,04/07/2024,37,M,newcastle,North,Small Business
C00565,2025-10-28,38,M,cardiff,West,Home Office
C00566,2024-02-09,44,M,leeds,North,Consumer
C00567,2023-06-09,42,,BRIGHTON,South,Small Business
C00568,2022-11-09,29,F,Portsmouth,South,Consumer
C00569,2025-01-09,29,F,Norwich,East,Home Office
C00570,01/12/2025,,F,Bath,West,Consumer
C00571,2022-04-02,18,M,Reading,South,Consumer
C00572,2025-03-01,30,M,Leicester,Central,Corporate
C00573,2025-10-08,39,M,Bath,West,Consumer
C00574,2022-07-13,46,F,Bristol,West,Small Business
C00575,2022-09-19,61,M,CARDIFF,West,Consumer
C00576,01/01/2025,35,F,Sheffield,North,Consumer
C00577,2024-11-07,41,F,derby,Central,Small Business
C00578,2022-07-01,18,M,BATH,West,Consumer
C00579,2025-06-22,45,M,COLCHESTER,East,Consumer
C00580,2024-05-31,29,Other,Leeds,North,Home Office
C00581,2025-09-15,37,M,Leeds,North,Consumer
C00582,2025-08-12,47,M,Colchester,East,Consumer
C00583,2025-05-27,48,M,Brighton,South,Consumer
C00584,21/05/2024,22,M,plymouth,West,Home Office
C00585,2023-05-14,51,M,Southampton,South,Consumer
C00586,08/05/2024,40,M,COLCHESTER,East,Small Business
C00587,2022-09-02,57,M,NEWCASTLE,North,Small Business
C00588,20/11/2024,60,M,Leeds,North,Home Office
C00589,01/11/2022,62,F,York,North,Consumer
C00590,15/05/2024,22,M,  Bristol ,West,Consumer
C00591,2022-06-01,46,F,norwich,East,Corporate
C00592,25/07/2023,20,M,Birmingham,Central,Small Business
C00593,2023-04-13,58,M,,West,Corporate
C00594,2024-10-03,60,F,Bath,West,Consumer
C00595,2025-04-26,54,M,Colchester,East,Corporate
C00596,2022-06-07,35,M,Cardiff,West,Consumer
C00597,2025-07-11,48,F,Leicester,Central,Consumer
C00598,2025-07-23,34,M,plymouth,West,Small Business
C00599,2023-09-26,41,F,Leeds,North,Consumer
C00600,2024-11-21,40,M,BRISTOL,West,Small Business
C00601,2023-12-20,18,M,SHEFFIELD,North,Consumer
C00602,2022-12-07,30,F,sheffield,North,Consumer
C00603,2024-06-07,71,F,Cardiff,West,Small Business
C00604,2022-08-05,40,F,Plymouth,West,Consumer
C00605,2025-08-13,43,M,leeds,North,Consumer
C00606,2025-10-05,41,F,Manchester,North,Consumer
C00607,07/06/2025,36,M,Coventry,Central,Home Office
C00608,2024-07-21,41,F,  Manchester ,North,Small Business
C00609,15/07/2024,36,M,  Leeds ,North,Consumer
C00610,2025-12-13,18,M,plymouth,West,Home Office
C00611,2023-05-08,51,M,  Bristol ,West,Consumer
C00612,2022-07-16,62,M,Norwich,East,Consumer
C00613,2024-07-20,,M,Norwich,East,Consumer
C00614,2023-09-06,36,F,brighton,South,Consumer
C00615,28/08/2023,60,F,York,North,Consumer
C00616,01/02/2022,31,F,  Plymouth ,West,Consumer
C00617,2024-09-02,46,F,EXETER,West,Consumer
C00618,2023-06-02,84,F,Southampton,South,Consumer
C00619,2023-02-01,49,M,southampton,South,Corporate
C00620,2022-05-01,42,M,Portsmouth,South,Consumer
C00621,27/10/2023,52,M,York,North,Consumer
C00622,2025-08-13,51,F,READING,South,Corporate
C00623,2023-09-18,32,M,sheffield,North,Consumer
C00624,16/12/2024,18,M,Exeter,West,Small Business
C00625,2025-03-20,49,F,southampton,South,Small Business
C00626,05/09/2023,51,M,Exeter,West,Corporate
C00627,2025-06-07,37,F,Cambridge,East,Consumer
C00628,31/12/2024,62,F,Exeter,West,Small Business
C00629,2024-07-17,60,F,birmingham,Central,Home Office
C00630,2022-01-08,51,F,oxford,South,Consumer
C00631,2022-04-18,37,F,Manchester,North,Consumer
C00632,2025-12-21,18,M,Exeter,West,Home Office
C00633,21/04/2025,39,F,  Newcastle ,North,Consumer
C00634,20/10/2025,18,F,leeds,North,Home Office
C00635,2025-09-09,18,M,Leeds,North,Home Office
C00636,12/03/2022,49,M,Nottingham,Central,Consumer
C00637,2025-05-02,56,F,,North,Corporate
C00638,2024-02-25,18,M,  Cambridge ,East,Small Business
C00639,2025-04-29,38,F,brighton,South,Consumer
C00640,2022-01-30,41,F,PLYMOUTH,West,Consumer
C00641,2023-07-08,37,M,oxford,South,Consumer
C00642,2025-03-14,23,M,  Derby ,Central,Small Business
C00643,03/05/2025,58,M,Exeter,West,Home Office
C00644,2024-10-02,23,F,brighton,South,Small Business
C00645,2023-07-28,18,M,Reading,South,Corporate
C00646,2023-08-10,23,F,CARDIFF,West,Small Business
C00647,2025-11-23,47,F,  Exeter ,West,Consumer
C00648,2024-02-08,38,M,Brighton,South,Small Business
C00649,2024-02-19,31,M,Reading,South,Home Office
C00650,2024-07-08,48,M,Leeds,North,Consumer
C00651,2023-12-30,45,F,LEEDS,North,Small Business
C00652,08/07/2024,18,M,Leeds,North,Consumer
C00653,30/01/2024,48,M,leeds,North,Consumer
C00654,2025-06-13,56,M,MANCHESTER,North,Corporate
C00655,2025-09-17,39,F,EXETER,West,Small Business
C00656,2025-10-14,38,F,plymouth,West,Home Office
C00657,2024-07-23,66,M,exeter,West,Consumer
C00658,12/02/2024,32,M,Norwich,East,Home Office
C00659,17/01/2025,39,M,PETERBOROUGH,East,Corporate
C00660,26/06/2025,45,F,Manchester,North,Corporate
C00661,2024-07-22,,M,PLYMOUTH,West,Corporate
C00662,2025-01-10,37,F,oxford,South,Corporate
C00663,12/03/2025,42,M,Norwich,East,Consumer
C00664,12/12/2024,61,F,Coventry,Central,Consumer
C00665,08/03/2025,51,M,leicester,Central,Consumer
C00666,2023-03-07,40,M,Sheffield,North,Corporate
C00667,2024-04-28,30,F,Plymouth,West,Home Office
C00668,2024-08-23,31,M,Newcastle,North,Home Office
C00669,2022-01-15,53,F,SHEFFIELD,North,Corporate
C00670,2025-07-17,20,F,LEEDS,North,Small Business
C00671,2024-09-20,72,F,newcastle,North,Consumer
C00672,2022-10-24,41,M,Cardiff,West,Consumer
C00673,2025-05-31,23,F,PORTSMOUTH,South,Corporate
C00674,31/01/2025,43,F,York,North,Consumer
C00675,2025-03-23,31,M,Nottingham,Central,Small Business
C00676,2023-12-05,36,F,cambridge,East,Consumer
C00677,2025-07-15,21,F,Oxford,South,Consumer
C00678,2024-01-05,38,F,peterborough,East,Consumer
C00679,2024-07-31,18,F,  Colchester ,East,Corporate
C00680,2022-01-06,33,M,Colchester,East,Consumer
C00681,2024-11-03,30,M,PETERBOROUGH,East,Consumer
C00682,02/02/2025,34,M,Leicester,Central,Small Business
C00683,2024-07-27,31,F,brighton,South,Consumer
C00684,26/04/2024,41,M,Peterborough,East,Consumer
C00685,2025-05-24,53,F,,North,Consumer
C00686,18/12/2024,46,,Exeter,West,Consumer
C00687,2023-06-23,58,M,Southampton,South,Home Office
C00688,2025-11-14,35,M,  Brighton ,South,Consumer
C00689,2025-01-19,45,M,Leicester,Central,Small Business
C00690,2025-12-17,46,,Norwich,East,Home Office
C00691,2025-11-28,56,F,Newcastle,North,Home Office
C00692,2025-09-29,32,M,Oxford,South,Home Office
C00693,2025-03-19,51,M,oxford,South,Home Office
C00694,19/09/2024,30,M,BIRMINGHAM,Central,Consumer
C00695,2023-01-06,,F,reading,South,Home Office
C00696,26/06/2024,36,M,Leeds,North,Small Business
C00697,2025-03-31,47,F,Ipswich,East,Corporate
C00698,28/05/2024,27,F,oxford,South,Home Office
C00699,2025-08-01,29,M,Leeds,North,Home Office
C00700,2022-09-18,33,M,Plymouth,West,Consumer
C00701,20/11/2023,42,M,York,North,Small Business
C00702,08/05/2024,29,F,nottingham,Central,Consumer
C00703,2024-01-30,44,F,Bath,West,Consumer
C00704,16/09/2022,36,M,Leeds,North,Consumer
C00705,2022-12-06,50,M,Exeter,West,Consumer
C00706,2025-06-26,42,M,bath,West,Consumer
C00707,2024-04-09,64,M,Colchester,East,Consumer
C00708,19/05/2022,43,M,Norwich,East,Consumer
C00709,2022-03-01,25,M,york,North,Corporate
C00710,2024-03-26,38,F,Newcastle,North,Corporate
C00711,2022-12-24,41,F,bath,West,Small Business
C00712,2025-01-17,29,,Newcastle,North,Corporate
C00713,2025-05-06,61,M,oxford,South,Corporate
C00714,2023-04-07,37,F,Ipswich,East,Consumer
C00715,2024-08-28,33,M,sheffield,North,Consumer
C00716,2022-12-07,43,F,Plymouth,West,Small Business
C00717,31/07/2023,29,Other,Exeter,West,Consumer
C00718,2025-08-25,54,M,cardiff,West,Consumer
C00719,2024-06-27,51,M,Manchester,North,Small Business
C00720,2025-08-21,43,F,portsmouth,South,Home Office
C00721,02/04/2023,49,M,Bath,West,Home Office
C00722,2023-09-08,35,F,portsmouth,South,Consumer
C00723,2024-03-22,21,M,Bristol,West,Small Business
C00724,04/04/2024,37,F,Peterborough,East,Consumer
C00725,2025-12-28,34,F,reading,South,Corporate
C00726,27/09/2022,18,M,Southampton,South,Consumer
C00727,2025-07-12,27,F,  Plymouth ,West,Consumer
C00728,26/07/2025,25,M,newcastle,North,Corporate
C00729,2024-07-09,27,M,Plymouth,West,Home Office
C00730,2023-09-28,,F,COLCHESTER,East,Small Business
C00731,2024-05-26,48,F,Manchester,North,Consumer
C00732,2023-07-15,54,F,bristol,West,Consumer
C00733,2025-05-11,48,M,Oxford,South,Home Office
C00734,2024-04-28,55,F,Newcastle,North,Small Business
C00735,2025-10-07,41,F,Derby,Central,Consumer
C00736,2024-10-06,61,F,Bath,West,Consumer
C00737,19/05/2024,25,F,  Norwich ,East,Consumer
C00738,2025-01-24,40,F,plymouth,West,Corporate
C00739,05/05/2024,28,F,ipswich,East,Consumer
C00740,12/09/2025,57,F,southampton,South,Consumer
C00741,2023-01-27,46,F,newcastle,North,Consumer
C00742,2025-12-01,56,F,newcastle,North,Corporate
C00743,26/05/2025,23,M,oxford,South,Home Office
C00744,2025-07-23,33,F,Cambridge,East,Home Office
C00745,07/04/2024,18,F,Bath,West,Small Business
C00746,25/06/2025,46,M,Brighton,South,Corporate
C00747,2023-08-05,35,Other,peterborough,East,Home Office
C00748,2025-03-27,51,Other,Exeter,West,Consumer
C00749,2022-11-13,41,M,Nottingham,Central,Corporate
C00750,2023-08-05,18,F,Reading,South,Consumer
C00751,2024-02-17,19,M,  Coventry ,Central,Corporate
C00752,2023-08-28,42,M,Bath,West,Corporate
C00753,2023-11-28,47,Other,YORK,North,Home Office
C00754,2025-06-05,18,M,Reading,South,Home Office
C00755,21/05/2023,40,M,  Leeds ,North,Corporate
C00756,2025-03-07,28,F,Bath,West,Consumer
C00757,2022-07-11,27,F,Colchester,East,Home Office
C00758,2025-04-01,32,M,COLCHESTER,East,Consumer
C00759,2025-05-02,43,Other,Bristol,West,Corporate
C00760,2023-12-19,32,F,Brighton,South,Consumer
C00761,2025-02-07,18,F,southampton,South,Consumer
C00762,24/09/2025,43,F,Exeter,West,Consumer
C00763,13/05/2025,36,F,BIRMINGHAM,Central,Corporate
C00764,2023-12-03,29,M,EXETER,West,Consumer
C00765,09/04/2024,37,F,york,North,Small Business
C00766,17/04/2025,36,F,Leeds,North,Home Office
C00767,15/07/2023,42,F,Newcastle,North,Small Business
C00768,2025-05-16,38,M,Southampton,South,Corporate
C00769,2023-09-05,43,M,sheffield,North,Consumer
C00770,2025-05-19,40,F,Birmingham,Central,Consumer
C00771,2022-08-06,52,,Plymouth,West,Home Office
C00772,2022-05-10,62,M,Reading,South,Corporate
C00773,2025-12-28,41,F,Oxford,South,Home Office
C00774,2025-08-02,33,F,reading,South,Corporate
C00775,18/08/2025,22,F,Ipswich,East,Consumer
C00776,2025-11-05,,F,Bristol,West,Small Business
C00777,2024-02-07,29,F,sheffield,North,Small Business
C00778,2023-07-06,72,,Bristol,West,Small Business
C00779,25/10/2022,77,F,Sheffield,North,Consumer
C00780,2024-05-02,38,F,OXFORD,South,Consumer
C00781,25/03/2023,19,M,  Derby ,Central,Corporate
C00782,2025-10-18,49,M,YORK,North,Consumer
C00783,2022-01-21,68,F,york,North,Consumer
C00784,2022-11-18,24,F,colchester,East,Consumer
C00785,2023-05-06,66,M,Portsmouth,South,Consumer
C00786,19/02/2023,18,F,York,North,Consumer
C00787,2023-04-03,22,F,newcastle,North,Corporate
C00788,17/11/2024,45,F,  Leeds ,North,Home Office
C00789,2023-09-04,54,F,Norwich,East,Home Office
C00790,26/09/2024,40,F,Manchester,North,Home Office
C00791,26/08/2025,47,Other,Cardiff,West,Consumer
C00792,10/09/2024,55,M,  Cardiff ,West,Corporate
C00793,04/01/2025,57,M,manchester,North,Home Office
C00794,29/10/2023,33,M,southampton,South,Home Office
C00795,16/12/2022,30,F,york,North,Consumer
C00796,2023-08-25,55,M,Brighton,South,Corporate
C00797,20/11/2025,47,Other,manchester,North,Consumer
C00798,2024-10-05,49,M,  Exeter ,West,Small Business
C00799,2023-06-22,32,M,Oxford,South,Home Office
C00800,2024-02-24,49,M,peterborough,East,Consumer
C00801,2025-06-23,27,F,Exeter,West,Home Office
C00802,02/12/2024,44,F,EXETER,West,Small Business
C00803,19/07/2024,42,M,Reading,South,Consumer
C00804,20/08/2025,43,M,Sheffield,North,Consumer
C00805,2024-12-07,51,F,coventry,Central,Home Office
C00806,2024-10-31,28,F,Brighton,South,Small Business
C00807,2023-02-04,50,F,Bath,West,Small Business
C00808,2022-09-12,41,F,Plymouth,West,Consumer
C00809,2025-11-21,31,F,ipswich,East,Home Office
C00810,06/09/2024,24,F,newcastle,North,Home Office
C00811,2024-01-07,66,F,Sheffield,North,Consumer
C00812,24/08/2024,40,M,cambridge,East,Small Business
C00813,2022-06-16,36,F,Peterborough,East,Home Office
C00814,2025-06-07,26,M,Bath,West,Consumer
C00815,2023-03-20,55,F,Bath,West,Consumer
C00816,2025-05-17,54,F,Birmingham,Central,Small Business
C00817,2024-06-15,52,M,Leicester,Central,Consumer
C00818,2023-06-21,40,Other,Bristol,West,Consumer
C00819,2022-04-06,51,M,Sheffield,North,Consumer
C00820,2025-05-31,30,M,Oxford,South,Consumer
C00821,2023-01-13,44,F,Norwich,East,Consumer
C00822,2022-05-26,40,F,  Ipswich ,East,Small Business
C00823,20/03/2025,44,M,Sheffield,North,Home Office
C00824,2023-10-07,18,M,CAMBRIDGE,East,Consumer
C00825,02/12/2023,65,F,Brighton,South,Consumer
C00826,2023-05-07,62,F,Reading,South,Consumer
C00827,21/07/2025,26,M,cardiff,West,Consumer
C00828,2023-07-22,49,F,Reading,South,Consumer
C00829,2023-03-10,22,M,norwich,East,Small Business
C00830,09/08/2023,42,F,ipswich,East,Consumer
C00831,2023-02-26,18,F,Ipswich,East,Home Office
C00832,2023-08-21,37,F,Manchester,North,Consumer
C00833,29/07/2022,35,F,Colchester,East,Home Office
C00834,2022-12-14,56,M,  Southampton ,South,Small Business
C00835,2024-01-09,63,F,Plymouth,West,Consumer
C00836,14/08/2025,63,M,York,North,Home Office
C00837,2022-06-07,56,M,Derby,Central,Small Business
C00838,2023-03-13,42,F,Cardiff,West,Small Business
C00839,2025-09-17,46,M,reading,South,Consumer
C00840,2025-08-26,46,F,portsmouth,South,Consumer
C00841,2024-12-16,26,F,  Brighton ,South,Consumer
C00842,26/04/2023,56,F,bath,West,Consumer
C00843,2024-01-13,50,M,BATH,West,Consumer
C00844,11/03/2023,51,F,BRISTOL,West,Small Business
C00845,2022-10-23,18,M,leicester,Central,Corporate
C00846,2023-11-18,47,F,ipswich,East,Consumer
C00847,2024-08-07,54,F,PLYMOUTH,West,Home Office
C00848,21/10/2023,41,F,southampton,South,Home Office
C00849,2024-09-21,34,F,Colchester,East,Small Business
C00850,2023-07-20,23,F,PETERBOROUGH,East,Consumer
C00851,01/10/2023,22,F,cardiff,West,Consumer
C00852,2025-05-01,43,F,manchester,North,Corporate
C00853,12/08/2025,38,M,  Sheffield ,North,Consumer
C00854,27/08/2023,38,F,Southampton,South,Consumer
C00855,02/08/2024,61,M,Leicester,Central,Consumer
C00856,2023-06-23,25,M,Peterborough,East,Consumer
C00857,2022-05-29,37,M,brighton,South,Consumer
C00858,2025-02-26,63,F,Reading,South,Home Office
C00859,2023-01-04,37,F,cambridge,East,Consumer
C00860,2024-01-21,42,F,Bristol,West,Consumer
C00861,2024-04-13,39,F,COVENTRY,Central,Consumer
C00862,2023-01-27,50,M,plymouth,West,Consumer
C00863,2022-08-21,18,M,exeter,West,Consumer
C00864,2023-10-04,38,F,  York ,North,Home Office
C00865,06/11/2025,42,F,portsmouth,South,Home Office
C00866,2024-09-26,28,M,Cambridge,East,Home Office
C00867,2023-11-20,,F,Plymouth,West,Consumer
C00868,2022-04-27,51,M,Manchester,North,Small Business
C00869,2024-09-08,47,M,plymouth,West,Small Business
C00870,2022-08-17,64,M,LEEDS,North,Corporate
C00871,2024-06-25,35,F,Portsmouth,South,Small Business
C00872,2025-03-15,47,,SOUTHAMPTON,South,Small Business
C00873,2024-01-18,47,M,Bath,West,Small Business
C00874,2023-07-25,38,F,bath,West,Consumer
C00875,2022-05-16,56,M,peterborough,East,Consumer
C00876,2022-03-24,45,F,  Bath ,West,Corporate
C00877,2024-01-27,25,F,Exeter,West,Consumer
C00878,2025-08-18,51,F,  Oxford ,South,Consumer
C00879,02/05/2023,35,M,cardiff,West,Consumer
C00880,2024-08-05,37,F,Leeds,North,Corporate
C00881,2024-12-22,38,F,Ipswich,East,Home Office
C00882,14/06/2022,51,F,newcastle,North,Home Office
C00883,2022-12-05,55,M,reading,South,Small Business
C00884,10/09/2023,39,M,Colchester,East,Small Business
C00885,2024-12-04,38,F,Sheffield,North,Small Business
C00886,08/02/2024,18,F,COLCHESTER,East,Home Office
C00887,2025-02-21,32,M,Bath,West,Consumer
C00888,2025-07-31,29,M,  Ipswich ,East,Consumer
C00889,2025-03-23,45,F,LEEDS,North,Consumer
C00890,2025-12-22,40,F,York,North,Consumer
C00891,2025-03-18,29,M,Oxford,South,Consumer
C00892,2025-07-13,43,M,BRISTOL,West,Consumer
C00893,2025-06-19,40,F,Cardiff,West,Home Office
C00894,17/02/2025,18,F,Brighton,South,Small Business
C00895,2025-05-14,55,M,bristol,West,Home Office
C00896,2025-10-17,54,F,Norwich,East,Consumer
C00897,2024-03-28,38,M,DERBY,Central,Home Office
C00898,26/10/2024,46,M,Leeds,North,Consumer
C00899,2024-05-20,37,F,  Peterborough ,East,Consumer
C00900,11/07/2025,20,F,  Colchester ,East,Consumer
C00901,29/01/2024,69,F,Brighton,South,Small Business
C00902,2025-06-04,51,M,Manchester,North,Consumer
C00903,11/05/2025,53,M,Newcastle,North,Small Business
C00904,2025-11-17,37,Other,Ipswich,East,Home Office
C00905,2023-05-09,56,M,Cardiff,West,Small Business
C00906,2025-01-22,23,M,Bath,West,Home Office
C00907,2025-03-21,38,M,  Sheffield ,North,Corporate
C00908,2025-10-19,51,F,Exeter,West,Corporate
C00909,2025-09-15,33,M,Brighton,South,Small Business
C00910,2024-08-04,53,F,Leicester,Central,Corporate
C00911,2024-08-12,45,M,Sheffield,North,Small Business
C00912,2022-12-29,44,F,Bath,West,Consumer
C00913,2025-12-02,32,M,Derby,Central,Consumer
C00914,19/05/2023,46,F,Bath,West,Corporate
C00915,2025-02-10,66,F,Bath,West,Consumer
C00916,07/05/2025,43,M,Southampton,South,Home Office
C00917,2024-02-11,48,M,Bath,West,Home Office
C00918,11/03/2023,50,M,Ipswich,East,Consumer
C00919,2023-02-03,26,F,Reading,South,Consumer
C00920,18/07/2025,39,M,Coventry,Central,Consumer
C00921,14/05/2024,39,M,  Oxford ,South,Consumer
C00922,12/08/2022,,F,Oxford,South,Small Business
C00923,2025-01-31,51,M,BIRMINGHAM,Central,Consumer
C00924,11/05/2023,29,F,Brighton,South,Consumer
C00925,2025-08-10,50,M,Sheffield,North,Home Office
C00926,09/08/2023,31,F,  Reading ,South,Consumer
C00927,21/02/2023,68,M,Exeter,West,Consumer
C00928,2022-08-02,37,M,  Plymouth ,West,Corporate
C00929,2024-05-16,66,F,York,North,Consumer
C00930,2024-02-24,39,F,Peterborough,East,Consumer
C00931,2025-03-14,40,F,Norwich,East,Home Office
C00932,2024-03-14,61,F,  Bristol ,West,Corporate
C00933,2023-09-28,29,M,Exeter,West,Consumer
C00934,29/05/2023,42,M,  Leicester ,Central,Consumer
C00935,23/06/2023,48,F,Southampton,South,Corporate
C00936,2025-10-09,46,F,Southampton,South,Consumer
C00937,2022-12-25,42,F,Peterborough,East,Consumer
C00938,2025-12-18,40,M,  Brighton ,South,Consumer
C00939,2023-09-03,52,F,Cambridge,East,Home Office
C00940,2022-08-09,43,M,Newcastle,North,Small Business
C00941,2023-05-09,54,M,  Newcastle ,North,Small Business
C00942,09/06/2022,46,F,BIRMINGHAM,Central,Consumer
C00943,30/04/2025,49,F,,North,Consumer
C00944,2024-05-17,56,M,PETERBOROUGH,East,Consumer
C00945,2023-09-18,37,M,Bristol,West,Consumer
C00946,2024-11-24,55,F,  Newcastle ,North,Small Business
C00947,2024-10-16,39,F,  Newcastle ,North,Consumer
C00948,2025-10-23,23,M,Reading,South,Home Office
C00949,2025-11-17,37,F,Norwich,East,Consumer
C00950,2024-12-18,32,F,SOUTHAMPTON,South,Consumer
C00951,2025-06-02,46,F,Plymouth,West,Home Office
C00952,2025-05-03,37,F,YORK,North,Consumer
C00953,2024-04-19,43,M,Newcastle,North,Consumer
C00954,16/01/2025,54,M,sheffield,North,Consumer
C00955,20/07/2022,60,M,reading,South,Small Business
C00956,2025-03-22,45,F,Brighton,South,Consumer
C00957,2025-11-17,55,F,NOTTINGHAM,Central,Consumer
C00958,2022-08-02,39,F,YORK,North,Consumer
C00959,2025-06-24,21,F,Norwich,East,Small Business
C00960,2025-10-15,26,M,Ipswich,East,Consumer
C00961,04/04/2023,38,F,Bristol,West,Corporate
C00962,2024-06-02,51,F,Peterborough,East,Consumer
C00963,09/10/2025,38,F,Sheffield,North,Consumer
C00964,16/11/2025,56,F,Cambridge,East,Consumer
C00965,22/10/2022,65,M,Portsmouth,South,Consumer
C00966,05/10/2023,29,Other,Exeter,West,Consumer
C00967,08/01/2025,69,M,York,North,Consumer
C00968,2023-03-28,20,F,Plymouth,West,Home Office
C00969,31/08/2023,65,F,PETERBOROUGH,East,Consumer
C00970,2022-03-20,41,M,Exeter,West,Corporate
C00971,2022-12-06,38,M,Leeds,North,Consumer
C00972,2024-07-21,41,M,  Bath ,West,Consumer
C00973,2024-11-13,31,F,Cardiff,West,Consumer
C00974,08/11/2024,61,M,ipswich,East,Consumer
C00975,2025-04-16,32,F,Oxford,South,Consumer
C00976,07/01/2024,34,F,Leeds,North,Consumer
C00977,2023-06-16,23,M,Oxford,South,Consumer
C00978,2022-02-27,32,M,Exeter,West,Small Business
C00979,04/03/2023,32,F,Oxford,South,Corporate
C00980,2023-08-13,31,M,  Cardiff ,West,Corporate
C00981,16/01/2023,39,F,  Plymouth ,West,Consumer
C00982,2022-03-11,27,F,Cardiff,West,Consumer
C00983,2022-12-12,62,M,cardiff,West,Home Office
C00984,2024-11-29,39,M,peterborough,East,Consumer
C00985,2024-10-15,46,F,Ipswich,East,Consumer
C00986,2025-10-18,,M,York,North,Home Office
C00987,2025-05-10,67,F,  Exeter ,West,Consumer
C00988,2024-07-28,53,M,Leicester,Central,Home Office
C00989,2022-11-08,,Other,cambridge,East,Consumer
C00990,23/07/2024,27,M,Coventry,Central,Consumer
C00991,2022-06-16,45,M,Nottingham,Central,Small Business
C00992,2024-01-28,55,F,Cambridge,East,Consumer
C00993,2023-12-03,43,M,Bath,West,Corporate
C00994,24/01/2024,42,Other,Exeter,West,Small Business
C00995,26/06/2023,44,F,  Leeds ,North,Corporate
C00996,2024-12-24,18,F,  Leeds ,North,Small Business
C00997,2025-06-29,43,F,CAMBRIDGE,East,Consumer
C00998,2025-04-04,51,M,Plymouth,West,Consumer
C00999,12/10/2024,40,F,BRIGHTON,South,Home Office
C01000,2024-06-20,56,,plymouth,West,Consumer
C01001,2022-04-08,56,F,BRISTOL,West,Consumer
C01002,08/02/2025,34,Other,EXETER,West,Home Office
C01003,2024-06-28,47,F,BRIGHTON,South,Home Office
C01004,12/06/2023,42,M,cambridge,East,Consumer
C01005,2023-09-05,18,M,  Manchester ,North,Corporate
C01006,2025-10-18,39,M,Oxford,South,Home Office
C01007,08/10/2024,28,F,  Leeds ,North,Small Business
C01008,2024-03-29,43,M,  Leeds ,North,Consumer
C01009,04/10/2024,50,F,Newcastle,North,Consumer
C01010,2024-01-05,38,M,  Peterborough ,East,Home Office
C01011,21/03/2024,29,F,Southampton,South,Consumer
C01012,11/07/2023,44,F,southampton,South,Home Office
C01013,09/02/2024,73,M,Bristol,West,Home Office
C01014,2024-12-24,18,M,norwich,East,Small Business
C01015,29/04/2022,44,M,Birmingham,Central,Consumer
C01016,2025-05-06,34,M,NORWICH,East,Small Business
C01017,2023-06-30,35,F,  Leeds ,North,Home Office
C01018,20/12/2024,40,M,Coventry,Central,Consumer
C01019,31/10/2024,37,F,exeter,West,Consumer
C01020,13/11/2024,49,F,PETERBOROUGH,East,Consumer
C01021,2024-09-18,38,F,peterborough,East,Consumer
C01022,2025-11-14,18,F,Ipswich,East,Corporate
C01023,2024-05-11,58,F,PETERBOROUGH,East,Consumer
C01024,2025-02-19,56,F,Plymouth,West,Home Office
C01025,2025-01-17,33,F,Ipswich,East,Consumer
C01026,20/04/2023,42,M,LEEDS,North,Small Business
C01027,2023-07-01,57,F,Leeds,North,Small Business
C01028,19/01/2024,,M,Manchester,North,Small Business
C01029,2023-06-22,59,M,Southampton,South,Consumer
C01030,2023-10-31,46,M,Southampton,South,Consumer
C01031,04/12/2023,51,F,coventry,Central,Corporate
C01032,2024-09-12,59,F,Manchester,North,Home Office
C01033,25/03/2023,37,F,Oxford,South,Home Office
C01034,2025-05-17,47,F,manchester,North,Consumer
C01035,2024-02-06,18,F,peterborough,East,Consumer
C01036,2025-01-18,20,F,IPSWICH,East,Small Business
C01037,2022-07-26,47,M,norwich,East,Consumer
C01038,2024-03-21,49,M,DERBY,Central,Small Business
C01039,2022-04-01,36,F,,Central,Consumer
C01040,2024-12-12,33,F,,West,Home Office
C01041,2023-09-28,36,M,bath,West,Small Business
C01042,03/11/2025,43,M,SOUTHAMPTON,South,Consumer
C01043,30/08/2023,18,M,PETERBOROUGH,East,Corporate
C01044,2024-07-23,47,M,Brighton,South,Small Business
C01045,23/05/2023,41,M,BATH,West,Consumer
C01046,2024-10-03,44,F,Leeds,North,Consumer
C01047,2024-03-17,39,F,Newcastle,North,Consumer
C01048,2023-11-05,23,F,Newcastle,North,Home Office
C01049,27/02/2023,27,F,  Colchester ,East,Small Business
C01050,2022-09-22,61,M,bath,West,Consumer
C01051,2022-10-07,33,M,Newcastle,North,Small Business
C01052,30/12/2025,52,M,ipswich,East,Consumer
C01053,2024-01-03,27,F,OXFORD,South,Consumer
C01054,12/01/2022,41,M,plymouth,West,Home Office
C01055,07/11/2025,35,F,York,North,Home Office
C01056,11/03/2022,37,F,Manchester,North,Small Business
C01057,2024-01-11,37,M,Cambridge,East,Corporate
C01058,2025-02-01,60,F,  Norwich ,East,Small Business
C01059,2025-09-24,66,F,Bristol,West,Small Business
C01060,2025-01-26,44,F,  Norwich ,East,Home Office
C01061,2024-03-13,36,F,Derby,Central,Consumer
C01062,2025-12-02,24,F,Reading,South,Small Business
C01063,28/04/2022,23,M,reading,South,Corporate
C01064,16/12/2025,60,F,Birmingham,Central,Small Business
C01065,2025-07-09,22,F,leeds,North,Consumer
C01066,10/10/2025,35,F,exeter,West,Home Office
C01067,2023-05-19,43,F,Newcastle,North,Consumer
C01068,16/11/2022,18,,  Peterborough ,East,Consumer
C01069,2024-11-26,25,M,Manchester,North,Corporate
C01070,2024-05-21,24,,Norwich,East,Home Office
C01071,2024-05-31,32,M,Bath,West,Small Business
C01072,2025-10-05,44,M,newcastle,North,Consumer
C01073,2024-10-03,54,F,Newcastle,North,Small Business
C01074,2023-08-11,32,M,southampton,South,Consumer
C01075,2023-12-17,35,F,portsmouth,South,Small Business
C01076,01/11/2022,39,F,  Oxford ,South,Home Office
C01077,2023-02-09,31,M,Coventry,Central,Consumer
C01078,2022-11-18,46,M,NEWCASTLE,North,Small Business
C01079,2025-05-24,,F,  Brighton ,South,Consumer
C01080,16/01/2025,18,M,Peterborough,East,Corporate
C01081,09/06/2024,49,M,oxford,South,Corporate
C01082,2023-11-10,43,F,  Reading ,South,Consumer
C01083,2024-12-02,44,M,bristol,West,Small Business
C01084,2025-05-27,56,M,ipswich,East,Consumer
C01085,2025-08-16,18,M,Plymouth,West,Consumer
C01086,2024-07-01,25,M,Portsmouth,South,Consumer
C01087,2025-06-04,40,F,CAMBRIDGE,East,Consumer
C01088,2024-05-15,18,M,Birmingham,Central,Consumer
C01089,2024-03-27,38,F,Bristol,West,Consumer
C01090,2025-07-28,52,M,birmingham,Central,Corporate
C01091,27/11/2023,46,Other,Portsmouth,South,Consumer
C01092,2023-12-11,42,M,leicester,Central,Small Business
C01093,2023-08-02,38,F,plymouth,West,Consumer
C01094,2024-05-25,35,F,Bristol,West,Consumer
C01095,2024-06-28,35,F,Plymouth,West,Home Office
C01096,22/11/2024,44,F,Coventry,Central,Small Business
C01097,28/01/2024,21,Other,southampton,South,Consumer
C01098,22/03/2023,60,F,bath,West,Home Office
C01099,2025-07-30,31,M,cardiff,West,Home Office
C01100,01/10/2023,48,F,PLYMOUTH,West,Consumer
C01101,2025-10-03,42,M,Plymouth,West,Consumer
C01102,2023-03-05,26,M,YORK,North,Consumer
C01103,2024-07-18,58,M,Brighton,South,Home Office
C01104,2024-06-17,55,M,brighton,South,Small Business
C01105,2025-06-15,21,F,Cardiff,West,Consumer
C01106,10/11/2022,40,F,Bristol,West,Consumer
C01107,2025-09-18,44,M,Plymouth,West,Small Business
C01108,2024-06-11,18,F,Exeter,West,Consumer
C01109,2024-08-20,18,,Ipswich,East,Consumer
C01110,2024-05-14,30,F,Newcastle,North,Home Office
C01111,2022-04-20,24,F,Norwich,East,Consumer
C01112,2024-04-26,27,M,  Derby ,Central,Consumer
C01113,2023-06-01,24,M,EXETER,West,Consumer
C01114,2023-09-26,39,M,leicester,Central,Home Office
C01115,2024-11-08,29,F,Derby,Central,Home Office
C01116,2024-04-27,55,F,Portsmouth,South,Consumer
C01117,18/08/2022,43,F,Exeter,West,Consumer
C01118,2022-07-10,51,M,Ipswich,East,Consumer
C01119,2023-01-29,19,M,COLCHESTER,East,Home Office
C01120,2023-02-06,33,,Leeds,North,Consumer
C01121,2024-09-18,43,M,Portsmouth,South,Corporate
C01122,16/01/2023,47,F,  Sheffield ,North,Consumer
C01123,2025-08-16,33,F,Ipswich,East,Consumer
C01124,09/03/2023,34,F,MANCHESTER,North,Consumer
C01125,14/08/2022,36,F,Southampton,South,Home Office
C01126,09/08/2025,37,Other,CAMBRIDGE,East,Consumer
C01127,2023-07-19,69,F,SOUTHAMPTON,South,Corporate
C01128,2024-01-21,45,M,exeter,West,Consumer
C01129,2025-11-14,42,F,Portsmouth,South,Consumer
C01130,28/10/2025,25,M,Manchester,North,Small Business
C01131,2025-01-29,25,F,LEICESTER,Central,Home Office
C01132,01/07/2022,38,M,Plymouth,West,Consumer
C01133,30/08/2024,56,M,Bristol,West,Small Business
C01134,2025-12-19,38,F,Bristol,West,Consumer
C01135,31/10/2025,39,M,York,North,Home Office
C01136,12/09/2022,31,M,plymouth,West,Corporate
C01137,11/12/2023,18,F,York,North,Home Office
C01138,2023-08-18,47,F,NORWICH,East,Consumer
C01139,2022-10-25,38,F,Leeds,North,Consumer
C01140,2025-01-04,47,F,Exeter,West,Consumer
C01141,17/06/2023,43,F,  Brighton ,South,Consumer
C01142,2023-09-29,28,F,Southampton,South,Small Business
C01143,2022-08-13,44,M,Leeds,North,Consumer
C01144,28/04/2024,24,Other,Exeter,West,Small Business
C01145,13/12/2022,44,F,portsmouth,South,Small Business
C01146,2024-01-30,40,M,NORWICH,East,Small Business
C01147,2022-11-18,61,F,Portsmouth,South,Corporate
C01148,2025-11-08,30,M,EXETER,West,Consumer
C01149,2022-11-21,24,F,LEEDS,North,Small Business
C01150,2024-05-29,36,F,Leicester,Central,Consumer
C01151,2023-02-16,49,F,Oxford,South,Home Office
C01152,2022-07-16,18,M,Newcastle,North,Small Business
C01153,25/02/2023,52,F,Oxford,South,Home Office
C01154,2022-06-02,38,M,  Manchester ,North,Home Office
C01155,11/11/2022,26,F,IPSWICH,East,Consumer
C01156,22/04/2024,36,M,oxford,South,Small Business
C01157,2024-11-12,31,F,Derby,Central,Consumer
C01158,2022-08-07,25,F,Colchester,East,Consumer
C01159,2024-02-11,18,F,  Newcastle ,North,Consumer
C01160,14/08/2024,50,F,Ipswich,East,Consumer
C01161,17/04/2023,,M,Leeds,North,Corporate
C01162,07/11/2023,36,M,leeds,North,Small Business
C01163,2022-07-07,52,M,Oxford,South,Home Office
C01164,25/03/2023,42,F,  Newcastle ,North,Small Business
C01165,17/03/2024,21,F,newcastle,North,Consumer
C01166,2025-12-20,50,M,Derby,Central,Consumer
C01167,2025-12-27,60,F,Exeter,West,Consumer
C01168,2025-12-08,48,F,Derby,Central,Small Business
C01169,2024-01-17,30,F,  Brighton ,South,Small Business
C01170,2022-07-25,22,M,EXETER,West,Consumer
C01171,2023-08-30,29,F,southampton,South,Home Office
C01172,22/04/2023,42,F,  Newcastle ,North,Consumer
C01173,23/02/2022,60,F,  Bristol ,West,Consumer
C01174,2022-08-22,31,M,York,North,Small Business
C01175,2024-02-28,33,F,Reading,South,Consumer
C01176,2023-09-22,54,F,Plymouth,West,Corporate
C01177,2023-01-20,35,Other,Ipswich,East,Consumer
C01178,2025-01-30,63,M,Colchester,East,Consumer
C01179,2023-10-17,39,M,oxford,South,Corporate
C01180,2025-07-12,56,F,Newcastle,North,Consumer
C01181,27/04/2023,46,F,Birmingham,Central,Consumer
C01182,2024-06-20,50,M,Newcastle,North,Consumer
C01183,2023-01-26,39,M,Brighton,South,Small Business
C01184,24/04/2024,40,F,Newcastle,North,Consumer
C01185,04/12/2022,46,F,BIRMINGHAM,Central,Small Business
C01186,2022-12-19,51,F,Plymouth,West,Consumer
C01187,2024-09-23,48,M,Norwich,East,Small Business
C01188,2023-06-01,18,M,DERBY,Central,Home Office
C01189,2023-01-06,44,F,Leeds,North,Corporate
C01190,11/10/2025,32,M,leicester,Central,Small Business
C01191,2022-05-06,34,,newcastle,North,Consumer
C01192,2024-07-24,47,M,SOUTHAMPTON,South,Small Business
C01193,2024-07-03,63,F,NEWCASTLE,North,Consumer
C01194,2023-05-12,38,M,Nottingham,Central,Consumer
C01195,27/02/2024,67,F,COVENTRY,Central,Home Office
C01196,2022-08-08,27,M,CAMBRIDGE,East,Consumer
C01197,2025-02-06,57,F,  Newcastle ,North,Home Office
C01198,2023-03-28,47,M,PORTSMOUTH,South,Consumer
C01199,2023-02-10,44,M,Brighton,South,Consumer
C01200,2023-08-17,59,F,Oxford,South,Home Office
C01201,10/09/2025,33,M,Sheffield,North,Consumer
C01202,08/05/2025,58,M,Bristol,West,Consumer
C01203,2025-10-31,38,F,Norwich,East,Home Office
C01204,2024-11-12,33,F,leicester,Central,Corporate
C01205,25/11/2024,24,F,Colchester,East,Consumer
C01206,2024-04-04,62,M,  Portsmouth ,South,Home Office
C01207,2025-09-13,56,F,PETERBOROUGH,East,Home Office
C01208,15/05/2024,35,F,sheffield,North,Corporate
C01209,14/10/2023,48,F,COLCHESTER,East,Home Office
C01210,2024-10-28,43,M,Bath,West,Consumer
C01211,2024-06-30,36,M,  Leeds ,North,Consumer
C01212,2022-10-15,54,M,Southampton,South,Small Business
C01213,2023-12-06,33,M,CARDIFF,West,Consumer
C01214,2023-08-15,,M,Cambridge,East,Corporate
C01215,06/07/2025,44,M,norwich,East,Consumer
C01216,2023-11-17,42,M,Plymouth,West,Small Business
C01217,2025-06-06,33,M,Ipswich,East,Consumer
C01218,2024-02-13,29,M,YORK,North,Small Business
C01219,2025-03-17,21,F,CARDIFF,West,Consumer
C01220,2022-11-04,36,M,Leicester,Central,Corporate
C01221,2025-10-05,30,M,  Newcastle ,North,Small Business
C01222,2024-04-04,54,M,Manchester,North,Home Office
C01223,2023-05-26,48,Other,EXETER,West,Small Business
C01224,2023-04-28,35,F,COLCHESTER,East,Consumer
C01225,2023-06-03,48,M,Oxford,South,Small Business
C01226,2023-10-31,40,F,cambridge,East,Small Business
C01227,2025-02-01,37,M,Plymouth,West,Consumer
C01228,2025-11-03,40,M,Peterborough,East,Small Business
C01229,03/12/2024,64,M,YORK,North,Consumer
C01230,01/07/2024,49,M,  Sheffield ,North,Consumer
C01231,2024-02-21,37,M,Oxford,South,Corporate
C01232,14/06/2025,53,F,DERBY,Central,Consumer
C01233,2025-07-10,52,M,Cambridge,East,Corporate
C01234,15/07/2023,44,F,Southampton,South,Consumer
C01235,2025-11-08,37,M,derby,Central,Small Business
C01236,2023-12-10,36,F,Brighton,South,Home Office
C01237,2025-05-12,27,F,Norwich,East,Small Business
C01238,23/11/2025,43,M,Manchester,North,Consumer
C01239,2025-01-15,33,M,Bristol,West,Consumer
C01240,19/12/2022,35,,PLYMOUTH,West,Consumer
C01241,20/08/2024,49,M,Bristol,West,Corporate
C01242,05/10/2022,63,F,Portsmouth,South,Consumer
C01243,2025-04-29,46,F,Brighton,South,Home Office
C01244,28/06/2023,40,F,YORK,North,Consumer
C01245,05/01/2025,41,F,BIRMINGHAM,Central,Consumer
C01246,19/09/2025,56,M,Manchester,North,Consumer
C01247,2023-01-21,46,M,exeter,West,Consumer
C01248,2023-12-06,44,M,Exeter,West,Home Office
C01249,06/11/2024,44,M,SHEFFIELD,North,Consumer
C01250,2024-01-13,22,F,Brighton,South,Corporate
C01251,2023-01-11,46,M,Manchester,North,Consumer
C01252,2022-04-03,30,M,colchester,East,Consumer
C01253,2023-12-26,46,M,Birmingham,Central,Consumer
C01254,2024-11-08,31,F,brighton,South,Home Office
C01255,2024-08-05,49,F,Nottingham,Central,Consumer
C01256,2022-12-10,39,F,York,North,Corporate
C01257,24/02/2024,26,F,Portsmouth,South,Consumer
C01258,2023-11-04,37,M,Leicester,Central,Home Office
C01259,2023-06-17,70,F,Leicester,Central,Consumer
C01260,2025-02-15,18,M,Brighton,South,Consumer
C01261,09/08/2023,43,M,PLYMOUTH,West,Consumer
C01262,2024-06-22,28,F,Derby,Central,Consumer
C01263,2025-10-04,59,M,Cardiff,West,Consumer
C01264,2024-06-21,52,F,cambridge,East,Consumer
C01265,29/09/2024,43,Other,Leeds,North,Small Business
C01266,10/07/2022,53,F,Manchester,North,Consumer
C01267,2023-01-16,44,M,Norwich,East,Consumer
C01268,2022-09-02,41,F,norwich,East,Consumer
C01269,2025-03-30,33,F,York,North,Consumer
C01270,2025-06-24,36,M,Oxford,South,Consumer
C01271,2023-01-30,35,F,Portsmouth,South,Home Office
C01272,24/03/2023,41,F,Ipswich,East,Consumer
C01273,29/08/2023,18,F,southampton,South,Consumer
C01274,2024-08-27,54,M,reading,South,Home Office
C01275,2024-10-05,66,M,Sheffield,North,Consumer
C01276,2024-12-25,35,F,plymouth,West,Consumer
C01277,13/09/2025,56,F,Peterborough,East,Consumer
C01278,2023-07-18,39,Other,Leeds,North,Consumer
C01279,2024-11-20,33,F,Portsmouth,South,Small Business
C01280,17/07/2024,36,M,  Portsmouth ,South,Consumer
C01281,2023-08-03,42,F,Colchester,East,Corporate
C01282,15/09/2025,32,F,Colchester,East,Consumer
C01283,23/08/2022,49,F,BATH,West,Small Business
C01284,2025-01-25,34,Other,  Exeter ,West,Consumer
C01285,2025-02-14,27,M,Sheffield,North,Consumer
C01286,2025-09-25,41,F,  Portsmouth ,South,Home Office
C01287,2024-05-25,32,M,York,North,Consumer
C01288,2023-08-27,37,F,Peterborough,East,Consumer
C01289,2025-06-14,40,M,Portsmouth,South,Consumer
C01290,2025-04-07,24,F,Plymouth,West,Consumer
C01291,2024-05-01,60,M,MANCHESTER,North,Home Office
C01292,03/04/2025,52,M,Peterborough,East,Consumer
C01293,08/06/2023,33,F,Oxford,South,Consumer
C01294,2024-08-25,41,M,OXFORD,South,Corporate
C01295,2025-07-28,49,Other,Bath,West,Home Office
C01296,2023-08-21,44,M,York,North,Consumer
C01297,08/04/2024,65,F,Oxford,South,Consumer
C01298,2025-11-05,38,M,  Reading ,South,Corporate
C01299,10/05/2025,56,F,Bath,West,Consumer
C01300,23/08/2025,24,M,leeds,North,Consumer
C01301,2023-11-26,26,F,Derby,Central,Small Business
C01302,2025-12-27,63,M,coventry,Central,Small Business
C01303,04/12/2022,35,M,BATH,West,Corporate
C01304,2024-05-25,26,M,OXFORD,South,Consumer
C01305,2024-04-03,40,,Bristol,West,Consumer
C01306,2025-05-10,57,M,Newcastle,North,Consumer
C01307,2025-09-17,31,M,nottingham,Central,Consumer
C01308,2025-02-18,40,M,PETERBOROUGH,East,Corporate
C01309,2024-10-11,18,F,sheffield,North,Consumer
C01310,23/01/2024,35,Other,reading,South,Consumer
C01311,2024-05-14,54,F,BATH,West,Corporate
C01312,13/05/2024,31,M,  Birmingham ,Central,Consumer
C01313,12/03/2022,24,F,PETERBOROUGH,East,Home Office
C01314,2024-05-04,,F,Norwich,East,Consumer
C01315,2025-07-17,33,F,Plymouth,West,Small Business
C01316,2025-01-22,51,Other,Bath,West,Small Business
C01317,2025-05-07,46,F,Bristol,West,Consumer
C01318,2023-12-03,48,M,reading,South,Consumer
C01319,07/06/2024,41,F,exeter,West,Small Business
C01320,14/04/2022,33,M,  Exeter ,West,Small Business
C01321,23/11/2023,31,M,Sheffield,North,Consumer
C01322,2024-03-27,47,F,Portsmouth,South,Consumer
C01323,2023-05-19,62,M,  Sheffield ,North,Home Office
C01324,2022-04-09,29,M,Reading,South,Consumer
C01325,2024-12-30,28,M,Plymouth,West,Consumer
C01326,2024-02-03,26,M,Manchester,North,Corporate
C01327,2024-01-07,52,F,Norwich,East,Home Office
C01328,11/05/2023,40,M,leeds,North,Small Business
C01329,19/06/2024,48,M,Nottingham,Central,Consumer
C01330,07/02/2024,34,M,Plymouth,West,Small Business
C01331,27/03/2024,49,M,CAMBRIDGE,East,Consumer
C01332,14/08/2024,37,M,Bath,West,Small Business
C01333,29/01/2022,21,M,York,North,Small Business
C01334,2025-09-16,53,M,Cardiff,West,Consumer
C01335,2022-07-06,41,M,Bristol,West,Consumer
C01336,24/02/2024,37,F,York,North,Home Office
C01337,05/03/2023,45,M,Birmingham,Central,Small Business
C01338,01/06/2024,22,M,leeds,North,Home Office
C01339,2023-06-26,47,M,colchester,East,Corporate
C01340,2025-07-22,33,F,  Leeds ,North,Home Office
C01341,2023-12-11,39,F,Plymouth,West,Consumer
C01342,2024-10-26,56,M,Manchester,North,Small Business
C01343,09/05/2023,49,F,manchester,North,Consumer
C01344,2022-03-09,39,F,IPSWICH,East,Consumer
C01345,22/12/2023,40,M,Birmingham,Central,Consumer
C01346,2024-06-17,18,F,Oxford,South,Consumer
C01347,2024-03-07,30,M,peterborough,East,Consumer
C01348,2025-11-18,43,F,Colchester,East,Consumer
C01349,2025-01-19,31,F,  Bristol ,West,Consumer
C01350,2025-12-26,24,Other,Brighton,South,Home Office
C01351,2023-07-18,47,M,CAMBRIDGE,East,Consumer
C01352,2025-04-29,58,M,Derby,Central,Corporate
C01353,12/07/2024,32,M,READING,South,Home Office
C01354,2024-09-22,52,M,brighton,South,Consumer
C01355,15/12/2025,50,F,Birmingham,Central,Consumer
C01356,2024-11-14,28,F,Reading,South,Small Business
C01357,2025-09-05,32,F,reading,South,Small Business
C01358,2025-02-11,64,F,Brighton,South,Small Business
C01359,2022-10-21,26,,Exeter,West,Consumer
C01360,2025-01-10,33,M,Nottingham,Central,Home Office
C01361,2024-04-09,67,M,Norwich,East,Consumer
C01362,2025-09-29,34,M,cambridge,East,Consumer
C01363,2025-05-20,59,F,SOUTHAMPTON,South,Consumer
C01364,08/09/2022,28,M,  Sheffield ,North,Consumer
C01365,2022-11-01,43,M,Leeds,North,Home Office
C01366,2022-07-03,55,F,Newcastle,North,Home Office
C01367,21/04/2024,35,F,York,North,Consumer
C01368,2022-07-25,42,F,Bristol,West,Home Office
C01369,08/02/2025,51,M,Newcastle,North,Consumer
C01370,2024-07-08,29,M,Sheffield,North,Consumer
C01371,2025-06-23,70,M,portsmouth,South,Corporate
C01372,2023-06-26,54,M,reading,South,Small Business
C01373,2024-05-26,36,F,  York ,North,Small Business
C01374,2022-10-03,38,F,York,North,Home Office
C01375,2025-08-20,66,M,Brighton,South,Consumer
C01376,2023-01-11,36,M,NORWICH,East,Corporate
C01377,2022-09-05,35,F,  Cardiff ,West,Small Business
C01378,01/03/2023,56,M,Bath,West,Small Business
C01379,19/05/2025,23,F,Exeter,West,Consumer
C01380,2022-09-11,40,M,Ipswich,East,Consumer
C01381,26/09/2024,42,M,  Derby ,Central,Consumer
C01382,2025-03-08,32,M,CAMBRIDGE,East,Consumer
C01383,2025-03-14,21,F,CAMBRIDGE,East,Consumer
C01384,2023-02-05,42,F,Oxford,South,Corporate
C01385,16/06/2022,50,M,Reading,South,Home Office
C01386,2024-02-22,32,M,Southampton,South,Small Business
C01387,2023-02-25,26,M,Newcastle,North,Consumer
C01388,2025-01-10,57,F,Plymouth,West,Home Office
C01389,16/10/2023,48,M,Leeds,North,Consumer
C01390,22/02/2024,36,F,  Cardiff ,West,Small Business
C01391,25/09/2022,53,Other,EXETER,West,Consumer
C01392,2024-07-28,44,,Cambridge,East,Consumer
C01393,2023-01-28,64,F,York,North,Consumer
C01394,2024-12-15,50,F,reading,South,Consumer
C01395,06/07/2022,23,F,southampton,South,Corporate
C01396,03/12/2025,32,Other,coventry,Central,Corporate
C01397,2024-12-22,33,F,Bristol,West,Small Business
C01398,22/01/2023,45,M,exeter,West,Small Business
C01399,23/02/2022,37,M,COLCHESTER,East,Consumer
C01400,2023-09-14,26,F,BATH,West,Consumer
C01401,04/12/2022,49,M,cardiff,West,Consumer
C01402,2023-03-23,54,M,  York ,North,Small Business
C01403,2025-08-06,40,M,leeds,North,Home Office
C01404,2024-09-11,44,F,newcastle,North,Consumer
C01405,13/01/2023,130,M,Norwich,East,Consumer
C01406,2024-07-14,34,M,Leicester,Central,Consumer
C01407,20/05/2023,35,Other,Colchester,East,Consumer
C01408,2025-12-04,48,M,Ipswich,East,Small Business
C01409,2022-04-12,44,F,  Birmingham ,Central,Small Business
C01410,2025-02-19,37,F,  Leeds ,North,Home Office
C01411,09/04/2025,36,M,Leeds,North,Small Business
C01412,28/06/2022,18,Other,Coventry,Central,Home Office
C01413,2023-01-06,62,F,Coventry,Central,Corporate
C01414,2023-11-24,18,F,Plymouth,West,Home Office
C01415,01/08/2025,46,F,Reading,South,Home Office
C01416,18/06/2024,41,F,Coventry,Central,Corporate
C01417,2024-11-16,38,F,Exeter,West,Small Business
C01418,2025-04-21,41,F,Bath,West,Consumer
C01419,2025-06-14,32,F,Leeds,North,Home Office
C01420,30/03/2024,49,M,Peterborough,East,Consumer
C01421,2024-05-12,24,M,plymouth,West,Consumer
C01422,2025-02-02,45,,  Cardiff ,West,Consumer
C01423,01/06/2023,32,M,Colchester,East,Consumer
C01424,15/07/2025,35,F,Colchester,East,Consumer
C01425,2022-03-13,36,M,Exeter,West,Home Office
C01426,14/02/2023,39,M,peterborough,East,Consumer
C01427,12/05/2025,48,F,Portsmouth,South,Consumer
C01428,23/09/2023,41,M,sheffield,North,Small Business
C01429,2022-11-29,53,F,Manchester,North,Consumer
C01430,2023-01-30,55,F,BATH,West,Home Office
C01431,2024-06-10,45,F,York,North,Home Office
C01432,2025-07-06,50,F,leeds,North,Consumer
C01433,05/07/2022,67,F,BIRMINGHAM,Central,Home Office
C01434,2022-04-07,23,M,exeter,West,Small Business
C01435,2024-03-15,55,,Leeds,North,Consumer
C01436,11/11/2025,61,M,PORTSMOUTH,South,Small Business
C01437,2023-06-24,47,F,BATH,West,Small Business
C01438,14/11/2025,66,F,Southampton,South,Small Business
C01439,2025-08-23,64,M,norwich,East,Consumer
C01440,01/07/2023,37,M,Norwich,East,Consumer
C01441,01/06/2025,38,M,  Manchester ,North,Consumer
C01442,24/12/2024,48,M,  Bath ,West,Small Business
C01443,16/05/2024,33,M,Leeds,North,Home Office
C01444,17/01/2024,76,Other,  Peterborough ,East,Small Business
C01445,2025-05-30,51,F,Newcastle,North,Home Office
C01446,2025-05-03,42,Other,Newcastle,North,Consumer
C01447,2025-03-21,23,F,Sheffield,North,Consumer
C01448,2025-12-29,44,F,exeter,West,Small Business
C01449,2024-04-02,26,F,York,North,Small Business
C01450,2025-05-20,51,M,  Portsmouth ,South,Consumer
C01451,2025-07-25,18,F,York,North,Consumer
C01452,2023-03-12,59,F,Bath,West,Consumer
C01453,2022-05-04,35,F,  Oxford ,South,Consumer
C01454,2023-12-23,19,M,Birmingham,Central,Consumer
C01455,2025-07-18,,M,exeter,West,Consumer
C01456,2023-07-10,41,M,Peterborough,East,Home Office
C01457,10/01/2025,40,M,PLYMOUTH,West,Small Business
C01458,02/02/2022,59,M,Manchester,North,Small Business
C01459,2023-10-14,46,M,Nottingham,Central,Consumer
C01460,2024-09-27,51,M,Leicester,Central,Consumer
C01461,2022-10-25,38,M,Oxford,South,Consumer
C01462,03/09/2025,47,M,Colchester,East,Home Office
C01463,2022-12-10,24,M,  York ,North,Consumer
C01464,18/09/2025,44,F,ipswich,East,Consumer
C01465,2023-03-19,31,M,Bath,West,Small Business
C01466,2025-12-24,58,M,coventry,Central,Consumer
C01467,2024-09-13,42,F,southampton,South,Small Business
C01468,01/08/2022,50,M,BATH,West,Consumer
C01469,2022-06-24,44,F,BRISTOL,West,Home Office
C01470,2022-07-13,64,F,sheffield,North,Consumer
C01471,2024-08-25,,M,Colchester,East,Home Office
C01472,2025-05-23,40,M,Cardiff,West,Consumer
C01473,2023-12-21,29,M,CARDIFF,West,Small Business
C01474,2024-02-16,,Other,NOTTINGHAM,Central,Home Office
C01475,2024-08-25,28,F,Sheffield,North,Home Office
C01476,2024-06-13,56,F,York,North,Corporate
C01477,2024-12-27,41,F,York,North,Small Business
C01478,24/03/2024,38,Other,Newcastle,North,Home Office
C01479,2025-01-27,51,F,Peterborough,East,Consumer
C01480,28/12/2025,43,F,nottingham,Central,Corporate
C01481,07/10/2023,49,M,reading,South,Consumer
C01482,17/02/2022,45,F,bath,West,Home Office
C01483,2022-10-17,48,,READING,South,Consumer
C01484,09/07/2024,35,M,SOUTHAMPTON,South,Small Business
C01485,2023-09-29,55,M,Cardiff,West,Consumer
C01486,2025-10-23,,F,Plymouth,West,Home Office
C01487,12/10/2024,40,F,Portsmouth,South,Small Business
C01488,2024-05-27,55,F,derby,Central,Small Business
C01489,09/05/2025,39,F,IPSWICH,East,Consumer
C01490,24/05/2023,35,F,Leeds,North,Consumer
C01491,04/06/2025,71,F,COLCHESTER,East,Small Business
C01492,2022-01-17,59,M,Exeter,West,Home Office
C01493,2024-10-02,43,F,Brighton,South,Small Business
C01494,17/10/2025,28,M,bristol,West,Home Office
C01495,2025-04-27,18,,NORWICH,East,Consumer
C01496,14/07/2025,50,F,Peterborough,East,Consumer
C01497,2023-12-12,57,M,Bath,West,Consumer
C01498,2025-06-10,46,F,Colchester,East,Consumer
C01499,06/07/2024,19,M,Brighton,South,Corporate
C01500,01/10/2024,43,M,Leeds,North,Consumer
C01501,2022-06-10,35,M,oxford,South,Consumer
C01502,2023-02-24,43,M,READING,South,Consumer
C01503,2024-07-06,66,M,Manchester,North,Consumer
C01504,2022-06-10,51,M,peterborough,East,Small Business
C01505,02/03/2025,48,M,York,North,Small Business
C01506,2025-06-28,40,M,Manchester,North,Small Business
C01507,30/09/2025,46,M,Norwich,East,Consumer
C01508,04/09/2022,32,M,Portsmouth,South,Consumer
C01509,2025-10-23,48,M,Colchester,East,Home Office
C01510,2022-06-29,38,F,  Cardiff ,West,Consumer
C01511,2024-03-27,30,M,SOUTHAMPTON,South,Home Office
C01512,29/06/2025,52,F,York,North,Home Office
C01513,04/07/2022,18,F,ipswich,East,Home Office
C01514,2022-03-06,34,F,  Leeds ,North,Consumer
C01515,2022-03-24,49,,colchester,East,Consumer
C01516,2024-05-15,57,F,Cardiff,West,Consumer
C01517,2025-05-26,47,M,norwich,East,Small Business
C01518,2022-10-21,32,M,Reading,South,Consumer
C01519,16/10/2022,40,F,birmingham,Central,Consumer
C01520,2024-07-29,45,M,York,North,Consumer
C01521,17/04/2023,61,F,Derby,Central,Consumer
C01522,16/02/2025,53,,Cardiff,West,Consumer
C01523,03/11/2025,53,M,Southampton,South,Consumer
C01524,2025-04-01,42,F,Manchester,North,Small Business
C01525,11/08/2025,27,F,Manchester,North,Consumer
C01526,2024-05-26,23,F,Leicester,Central,Consumer
C01527,2025-06-19,37,M,  Leeds ,North,Consumer
C01528,2023-01-24,50,M,Derby,Central,Consumer
C01529,30/06/2022,34,F,colchester,East,Corporate
C01530,2024-11-17,48,F,Ipswich,East,Small Business
C01531,2022-05-26,31,M,PETERBOROUGH,East,Consumer
C01532,2025-08-29,33,M,manchester,North,Consumer
C01533,31/12/2024,59,F,PORTSMOUTH,South,Home Office
C01534,2025-11-06,51,F,Derby,Central,Consumer
C01535,2023-08-15,37,F,sheffield,North,Consumer
C01536,2024-04-12,30,F,DERBY,Central,Home Office
C01537,02/03/2025,53,M,,Central,Consumer
C01538,2023-04-30,52,M,,North,Consumer
C01539,2024-06-24,49,M,Peterborough,East,Consumer
C01540,2024-11-21,39,M,Newcastle,North,Consumer
C01541,07/12/2025,27,F,Peterborough,East,Home Office
C01542,06/03/2025,41,F,Nottingham,Central,Consumer
C01543,2022-10-04,59,M,coventry,Central,Home Office
C01544,28/03/2024,29,M,Coventry,Central,Consumer
C01545,2024-08-24,42,,  Sheffield ,North,Consumer
C01546,2022-11-24,62,F,ipswich,East,Consumer
C01547,30/01/2024,37,F,manchester,North,Consumer
C01548,02/07/2023,39,M,coventry,Central,Small Business
C01549,05/10/2022,23,F,Manchester,North,Consumer
C01550,2024-05-16,49,F,York,North,Consumer
C01551,2022-12-26,31,M,Newcastle,North,Consumer
C01552,26/08/2024,21,,Sheffield,North,Consumer
C01553,2023-01-02,29,F,  York ,North,Home Office
C01554,2025-02-08,44,M,York,North,Home Office
C01555,2023-02-13,20,F,exeter,West,Consumer
C01556,02/09/2025,23,M,Cardiff,West,Corporate
C01557,2022-03-27,48,M,reading,South,Consumer
C01558,2024-05-29,40,M,Bath,West,Home Office
C01559,24/08/2023,29,F,Oxford,South,Consumer
C01560,2023-04-02,37,M,Exeter,West,Home Office
C01561,2024-03-23,64,M,Oxford,South,Consumer
C01562,01/07/2025,58,F,peterborough,East,Consumer
C01563,2025-09-25,40,F,Brighton,South,Consumer
C01564,31/07/2023,52,M,York,North,Small Business
C01565,2022-12-07,43,M,ipswich,East,Consumer
C01566,2025-02-04,18,Other,Plymouth,West,Consumer
C01567,2024-08-15,18,M,Exeter,West,Consumer
C01568,2023-02-23,29,F,  Southampton ,South,Consumer
C01569,2025-03-25,21,F,Colchester,East,Small Business
C01570,2024-05-25,45,M,plymouth,West,Consumer
C01571,2024-11-14,34,M,SHEFFIELD,North,Consumer
C01572,20/10/2023,47,F,Leeds,North,Home Office
C01573,08/02/2024,47,F,southampton,South,Consumer
C01574,2023-01-20,50,M,  Leeds ,North,Consumer
C01575,2025-03-20,29,F,READING,South,Home Office
C01576,2022-12-11,48,F,NEWCASTLE,North,Small Business
C01577,2025-04-16,29,M,ipswich,East,Consumer
C01578,2025-05-09,50,M,cardiff,West,Small Business
C01579,2025-03-08,57,M,Bristol,West,Consumer
C01580,2022-03-09,50,M,Bath,West,Consumer
C01581,2023-06-16,39,M,Oxford,South,Consumer
C01582,2024-03-19,48,F,leicester,Central,Small Business
C01583,2024-09-02,21,M,Bath,West,Consumer
C01584,29/09/2025,18,M,colchester,East,Consumer
C01585,2023-11-12,47,M,sheffield,North,Consumer
C01586,2025-08-09,58,F,Cardiff,West,Consumer
C01587,2022-12-22,25,M,Colchester,East,Home Office
C01588,2023-11-06,41,M,Bath,West,Small Business
C01589,2022-05-27,47,F,Bath,West,Consumer
C01590,2025-03-03,33,M,NOTTINGHAM,Central,Corporate
C01591,01/12/2022,37,F,Coventry,Central,Consumer
C01592,22/05/2023,49,F,Ipswich,East,Home Office
C01593,2025-04-12,42,F,Nottingham,Central,Corporate
C01594,2024-06-15,42,M,  Nottingham ,Central,Corporate
C01595,2022-02-22,28,F,  Leeds ,North,Consumer
C01596,2022-01-13,41,M,ipswich,East,Home Office
C01597,2024-05-14,36,F,York,North,Home Office
C01598,2023-08-02,37,F,Oxford,South,Consumer
C01599,2023-01-20,34,F,Brighton,South,Small Business
C01600,24/09/2024,41,M,Ipswich,East,Home Office
C01601,2023-04-08,30,F,york,North,Corporate
C01602,28/08/2024,41,M,Leeds,North,Consumer
C01603,2023-11-17,36,M,SHEFFIELD,North,Consumer
C01604,2023-01-30,29,M,Bristol,West,Small Business
C01605,2022-11-09,18,M,Leicester,Central,Home Office
C01606,21/04/2023,53,M,Derby,Central,Corporate
C01607,2022-04-05,51,M,Southampton,South,Consumer
C01608,2023-08-07,31,F,portsmouth,South,Small Business
C01609,09/09/2025,50,F,bristol,West,Home Office
C01610,18/06/2025,28,Other,york,North,Home Office
C01611,2023-11-07,37,M,Coventry,Central,Small Business
C01612,2024-08-07,34,M,Exeter,West,Consumer
C01613,2024-07-27,37,M,Colchester,East,Consumer
C01614,15/06/2025,49,M,NEWCASTLE,North,Consumer
C01615,2023-04-20,36,F,york,North,Small Business
C01616,20/07/2023,37,F,  Cambridge ,East,Corporate
C01617,28/07/2023,51,F,Reading,South,Consumer
C01618,2022-05-02,42,M,cardiff,West,Home Office
C01619,17/08/2023,33,M,cardiff,West,Home Office
C01620,2025-08-12,44,F,  Reading ,South,Home Office
C01621,2025-09-21,54,F,MANCHESTER,North,Small Business
C01622,18/09/2022,55,M,Cambridge,East,Consumer
C01623,2024-03-05,24,M,Newcastle,North,Corporate
C01624,20/11/2023,24,M,Exeter,West,Corporate
C01625,2024-04-16,54,F,Cambridge,East,Consumer
C01626,2024-07-11,37,F,,West,Consumer
C01627,2022-03-12,18,M,southampton,South,Small Business
C01628,01/07/2025,32,F,Southampton,South,Consumer
C01629,01/12/2025,35,F,Bath,West,Home Office
C01630,2024-11-14,37,,Exeter,West,Consumer
C01631,2024-11-22,51,M,Exeter,West,Consumer
C01632,2024-06-06,29,F,Ipswich,East,Consumer
C01633,2023-09-14,53,F,birmingham,Central,Small Business
C01634,28/11/2022,45,F,Newcastle,North,Home Office
C01635,2024-08-18,24,M,Reading,South,Consumer
C01636,2022-05-11,37,M,Cardiff,West,Consumer
C01637,10/06/2025,47,M,Leeds,North,Corporate
C01638,14/01/2024,42,F,Bath,West,Corporate
C01639,2024-01-06,46,M,oxford,South,Consumer
C01640,2023-09-04,33,F,MANCHESTER,North,Consumer
C01641,2025-11-26,48,M,York,North,Home Office
C01642,2023-01-11,36,M,exeter,West,Consumer
C01643,02/12/2022,74,F,Plymouth,West,Consumer
C01644,2022-12-26,24,M,portsmouth,South,Small Business
C01645,2024-11-20,76,F,York,North,Consumer
C01646,22/12/2025,29,M,Portsmouth,South,Consumer
C01647,2023-04-19,58,M,Leeds,North,Home Office
C01648,2025-09-13,52,F,Bristol,West,Consumer
C01649,24/06/2023,29,M,Leeds,North,Home Office
C01650,2024-11-07,49,M,york,North,Consumer
C01651,2022-05-01,35,Other,MANCHESTER,North,Home Office
C01652,24/04/2024,45,F,  Peterborough ,East,Small Business
C01653,2024-11-15,43,M,bristol,West,Small Business
C01654,2024-06-17,36,M,Exeter,West,Home Office
C01655,2023-04-22,35,F,Cambridge,East,Consumer
C01656,2025-06-15,45,M,Derby,Central,Consumer
C01657,2025-11-27,29,M,Colchester,East,Consumer
C01658,2024-03-07,30,M,Cardiff,West,Consumer
C01659,2024-10-23,53,M,Bath,West,Consumer
C01660,30/04/2025,47,M,newcastle,North,Consumer
C01661,2023-04-28,24,M,cardiff,West,Consumer
C01662,27/07/2025,28,F,Peterborough,East,Consumer
C01663,26/06/2023,18,M,  Plymouth ,West,Consumer
C01664,2025-04-13,53,F,MANCHESTER,North,Home Office
C01665,2022-09-23,50,M,  Southampton ,South,Home Office
C01666,09/07/2023,27,Other,Derby,Central,Consumer
C01667,2024-06-14,49,F,Manchester,North,Consumer
C01668,2024-06-02,67,F,LEEDS,North,Consumer
C01669,2025-07-11,21,M,Reading,South,Consumer
C01670,2025-12-27,33,F,  Colchester ,East,Consumer
C01671,14/09/2022,21,F,  Bristol ,West,Consumer
C01672,2023-06-13,53,F,Bath,West,Consumer
C01673,2023-10-18,40,M,leicester,Central,Consumer
C01674,2024-04-02,36,F,Norwich,East,Small Business
C01675,22/04/2024,44,F,Southampton,South,Home Office
C01676,2025-07-17,34,M,SHEFFIELD,North,Consumer
C01677,2025-04-06,36,M,Sheffield,North,Home Office
C01678,2022-03-08,45,M,bristol,West,Consumer
C01679,2024-03-01,33,F,MANCHESTER,North,Home Office
C01680,2024-09-30,35,M,southampton,South,Consumer
C01681,2024-03-08,39,F,Coventry,Central,Home Office
C01682,2022-10-26,42,M,IPSWICH,East,Consumer
C01683,2023-12-13,49,F,leeds,North,Home Office
C01684,02/01/2024,49,M,Cardiff,West,Small Business
C01685,2023-02-01,22,M,Norwich,East,Consumer
C01686,2025-03-20,59,F,exeter,West,Corporate
C01687,26/08/2023,42,F,Bristol,West,Consumer
C01688,2024-08-24,37,F,Newcastle,North,Consumer
C01689,21/05/2024,29,,  Newcastle ,North,Small Business
C01690,2025-08-11,67,M,Reading,South,Consumer
C01691,2022-10-11,72,F,Exeter,West,Small Business
C01692,27/09/2022,65,F,CAMBRIDGE,East,Corporate
C01693,2023-07-26,43,F,exeter,West,Small Business
C01694,29/01/2024,45,F,Ipswich,East,Consumer
C01695,2023-07-24,60,M,Reading,South,Consumer
C01696,2025-03-29,38,F,  Sheffield ,North,Home Office
C01697,2023-05-04,48,F,leeds,North,Small Business
C01698,2022-08-02,44,F,Brighton,South,Consumer
C01699,2024-01-05,66,F,CAMBRIDGE,East,Consumer
C01700,2025-04-10,60,F,Coventry,Central,Corporate
C01701,2025-07-11,39,F,york,North,Consumer
C01702,2025-02-20,61,F,bristol,West,Small Business
C01703,2024-07-15,41,F,leeds,North,Consumer
C01704,2025-02-09,34,M,Cardiff,West,Consumer
C01705,2024-12-18,37,M,Sheffield,North,Consumer
C01706,2023-04-17,43,M,BRISTOL,West,Corporate
C01707,2024-07-06,31,M,MANCHESTER,North,Small Business
C01708,06/04/2025,34,F,Leeds,North,Consumer
C01709,2023-08-20,22,F,  Ipswich ,East,Consumer
C01710,2024-11-14,30,,Brighton,South,Small Business
C01711,06/04/2024,44,M,Peterborough,East,Home Office
C01712,2024-05-04,55,F,SOUTHAMPTON,South,Home Office
C01713,12/08/2022,53,M,Nottingham,Central,Small Business
C01714,30/11/2024,47,F,Brighton,South,Consumer
C01715,2025-07-29,21,F,Peterborough,East,Consumer
C01716,15/11/2022,30,M,bristol,West,Consumer
C01717,2023-10-30,38,M,exeter,West,Consumer
C01718,2022-05-19,54,,Brighton,South,Small Business
C01719,2022-04-05,34,M,peterborough,East,Consumer
C01720,2025-12-19,25,F,Manchester,North,Consumer
C01721,2024-04-22,60,F,Norwich,East,Home Office
C01722,15/10/2023,31,F,Reading,South,Consumer
C01723,2023-06-18,26,F,PLYMOUTH,West,Consumer
C01724,2025-12-08,44,M,cardiff,West,Small Business
C01725,15/05/2023,40,F,Newcastle,North,Home Office
C01726,2025-02-11,34,,Newcastle,North,Home Office
C01727,2023-07-02,41,M,READING,South,Consumer
C01728,04/07/2022,29,F,Norwich,East,Home Office
C01729,21/12/2024,34,F,Reading,South,Consumer
C01730,2022-01-11,,M,PETERBOROUGH,East,Consumer
C01731,2024-12-11,18,F,Colchester,East,Home Office
C01732,2023-05-12,53,M,Leicester,Central,Corporate
C01733,2025-03-08,23,F,  Portsmouth ,South,Small Business
C01734,05/04/2025,29,F,York,North,Consumer
C01735,09/02/2025,54,F,Brighton,South,Consumer
C01736,2022-03-23,48,F,Cambridge,East,Consumer
C01737,15/01/2025,42,F,Southampton,South,Home Office
C01738,2025-12-20,19,M,southampton,South,Consumer
C01739,30/04/2023,33,,Reading,South,Consumer
C01740,2023-06-17,38,F,BATH,West,Home Office
C01741,28/05/2025,39,F,  Birmingham ,Central,Home Office
C01742,2022-12-17,56,M,Reading,South,Consumer
C01743,23/11/2024,67,F,leeds,North,Corporate
C01744,19/03/2025,49,F,Oxford,South,Consumer
C01745,2022-04-23,34,M,Reading,South,Small Business
C01746,10/07/2024,57,M,COVENTRY,Central,Consumer
C01747,2024-08-07,33,F,Cambridge,East,Consumer
C01748,2023-07-31,18,F,Plymouth,West,Consumer
C01749,2025-08-10,25,M,Derby,Central,Home Office
C01750,2022-12-21,18,F,Cambridge,East,Consumer
C01751,2023-10-27,36,M,Oxford,South,Small Business
C01752,2025-07-09,39,F,Cambridge,East,Home Office
C01753,2023-02-06,20,F,oxford,South,Home Office
C01754,06/06/2025,30,M,OXFORD,South,Consumer
C01755,22/07/2022,22,F,Derby,Central,Corporate
C01756,2024-04-16,39,,Oxford,South,Home Office
C01757,2022-07-14,30,M,NORWICH,East,Consumer
C01758,2024-12-14,54,M,  Newcastle ,North,Consumer
C01759,2025-05-01,43,F,York,North,Corporate
C01760,2025-07-10,62,M,Cambridge,East,Corporate
C01761,2025-12-10,35,F,Bath,West,Small Business
C01762,2024-12-07,69,M,Norwich,East,Consumer
C01763,2025-04-05,41,F,Reading,South,Corporate
C01764,2024-05-08,34,F,manchester,North,Home Office
C01765,2025-09-22,72,F,Colchester,East,Consumer
C01766,02/11/2024,18,M,COLCHESTER,East,Small Business
C01767,19/08/2025,34,F,exeter,West,Small Business
C01768,2023-04-19,19,M,BATH,West,Consumer
C01769,2024-04-26,18,F,  Birmingham ,Central,Small Business
C01770,16/02/2025,18,M,  Cardiff ,West,Small Business
C01771,2023-02-25,49,M,Reading,South,Consumer
C01772,2023-03-11,24,F,,East,Corporate
C01773,2025-12-06,38,M,exeter,West,Home Office
C01774,2024-02-02,53,F,  Birmingham ,Central,Consumer
C01775,2023-01-22,47,M,READING,South,Small Business
C01776,2023-09-10,46,F,Cardiff,West,Home Office
C01777,2023-12-13,57,F,Oxford,South,Consumer
C01778,06/10/2024,62,M,Cardiff,West,Consumer
C01779,04/10/2025,,F,Leicester,Central,Home Office
C01780,2025-12-16,47,F,DERBY,Central,Corporate
C01781,11/11/2024,37,F,Sheffield,North,Small Business
C01782,2025-01-10,39,M,NEWCASTLE,North,Small Business
C01783,27/08/2023,21,Other,bristol,West,Small Business
C01784,19/07/2025,34,M,cambridge,East,Consumer
C01785,2023-03-22,36,M,Nottingham,Central,Small Business
C01786,2022-09-12,60,M,Brighton,South,Consumer
C01787,2025-11-30,26,M,Exeter,West,Consumer
C01788,2025-07-27,18,M,BRISTOL,West,Home Office
C01789,2023-07-31,41,M,LEEDS,North,Consumer
C01790,2024-12-11,25,M,Manchester,North,Consumer
C01791,2024-03-17,39,F,Cardiff,West,Consumer
C01792,2023-08-29,50,M,Sheffield,North,Corporate
C01793,2023-07-06,40,M,EXETER,West,Consumer
C01794,2022-11-05,35,F,norwich,East,Consumer
C01795,2024-07-04,39,,Norwich,East,Corporate
C01796,19/02/2024,52,M,Portsmouth,South,Small Business
C01797,2024-05-16,26,M,Birmingham,Central,Home Office
C01798,2023-03-18,50,M,plymouth,West,Consumer
C01799,2025-10-22,28,F,Bristol,West,Consumer
C01800,2024-10-26,49,M,Cardiff,West,Consumer
C01801,2025-09-06,21,F,Ipswich,East,Home Office
C01802,2022-09-18,48,F,Leicester,Central,Corporate
C01803,06/10/2024,40,M,Peterborough,East,Consumer
C01804,2025-07-10,42,M,peterborough,East,Corporate
C01805,2023-09-09,53,M,Southampton,South,Home Office
C01806,2023-02-13,30,M,Southampton,South,Small Business
C01807,03/06/2023,41,M,exeter,West,Small Business
C01808,15/06/2023,45,M,OXFORD,South,Consumer
C01809,2024-02-19,37,M,  Cardiff ,West,Home Office
C01810,2023-09-02,50,F,birmingham,Central,Consumer
C01811,13/06/2023,45,Other,reading,South,Consumer
C01812,2024-11-07,33,M,Leeds,North,Consumer
C01813,2022-05-29,57,M,Cardiff,West,Consumer
C01814,2023-09-23,48,F,sheffield,North,Home Office
C01815,2024-12-29,30,M,Bristol,West,Consumer
C01816,12/01/2023,30,F,CAMBRIDGE,East,Corporate
C01817,2023-03-27,38,F,COLCHESTER,East,Corporate
C01818,22/02/2023,47,F,Colchester,East,Corporate
C01819,2022-01-07,18,M,Norwich,East,Small Business
C01820,26/03/2024,31,M,Brighton,South,Consumer
C01821,2022-04-27,33,M,Brighton,South,Consumer
C01822,15/06/2023,22,M,Portsmouth,South,Small Business
C01823,2025-12-25,28,M,derby,Central,Consumer
C01824,2025-09-28,43,F,York,North,Small Business
C01825,17/03/2023,35,M,Portsmouth,South,Consumer
C01826,10/08/2023,36,F,Sheffield,North,Home Office
C01827,13/03/2024,23,M,Oxford,South,Consumer
C01828,2025-07-04,38,F,SHEFFIELD,North,Consumer
C01829,2025-05-15,21,F,Exeter,West,Consumer
C01830,2022-10-19,60,M,leeds,North,Consumer
C01831,2022-10-15,64,F,Bath,West,Consumer
C01832,2024-01-09,35,M,Southampton,South,Corporate
C01833,2025-08-03,26,M,Colchester,East,Corporate
C01834,2025-08-17,52,F,Leeds,North,Home Office
C01835,2022-09-14,49,M,  Cardiff ,West,Home Office
C01836,2024-08-05,65,F,derby,Central,Home Office
C01837,2022-12-09,69,M,Sheffield,North,Consumer
C01838,24/12/2024,18,F,Coventry,Central,Consumer
C01839,2025-09-26,56,F,Southampton,South,Consumer
C01840,01/03/2024,38,M,colchester,East,Consumer
C01841,2022-07-30,48,M,Bath,West,Consumer
C01842,2024-08-12,51,F,Sheffield,North,Consumer
C01843,2023-12-28,51,Other,READING,South,Consumer
C01844,25/05/2025,54,M,  Manchester ,North,Consumer
C01845,2023-09-23,34,F,Exeter,West,Home Office
C01846,08/08/2025,29,M,Reading,South,Consumer
C01847,16/06/2023,56,M,Coventry,Central,Home Office
C01848,2022-12-12,30,M,portsmouth,South,Consumer
C01849,04/08/2023,65,F,Nottingham,Central,Consumer
C01850,2022-04-18,31,M,Manchester,North,Consumer
C01851,2023-06-28,36,M,peterborough,East,Home Office
C01852,2024-11-22,39,M,Reading,South,Consumer
C01853,2022-11-16,21,M,Leeds,North,Small Business
C01854,22/09/2022,21,F,leeds,North,Consumer
C01855,2022-10-30,53,M,Plymouth,West,Consumer
C01856,2022-07-19,19,M,Sheffield,North,Corporate
C01857,08/08/2025,74,F,IPSWICH,East,Home Office
C01858,2025-10-28,40,,  Nottingham ,Central,Home Office
C01859,2022-05-14,28,F,Portsmouth,South,Small Business
C01860,2025-03-25,46,M,newcastle,North,Consumer
C01861,2025-02-25,18,F,Manchester,North,Corporate
C01862,2025-12-27,37,M,Manchester,North,Consumer
C01863,2023-10-04,38,F,Cambridge,East,Consumer
C01864,2023-07-04,25,M,plymouth,West,Small Business
C01865,2024-02-27,33,M,Reading,South,Consumer
C01866,2025-07-18,61,F,NEWCASTLE,North,Consumer
C01867,14/02/2025,43,F,  Bristol ,West,Home Office
C01868,2024-03-23,46,M,Brighton,South,Consumer
C01869,2023-05-03,31,F,Colchester,East,Corporate
C01870,2025-02-13,24,M,Birmingham,Central,Consumer
C01871,16/07/2025,38,M,Reading,South,Consumer
C01872,2023-12-16,18,M,Colchester,East,Consumer
C01873,03/12/2024,27,F,BATH,West,Consumer
C01874,2023-12-17,25,F,Plymouth,West,Small Business
C01875,2024-04-02,18,M,  Bristol ,West,Consumer
C01876,02/06/2024,49,F,Plymouth,West,Home Office
C01877,13/04/2025,39,M,Peterborough,East,Consumer
C01878,05/12/2025,33,M,Norwich,East,Consumer
C01879,16/02/2024,50,M,bath,West,Consumer
C01880,26/09/2023,20,F,Exeter,West,Home Office
C01881,2023-11-09,24,M,Exeter,West,Consumer
C01882,01/11/2022,56,M,Oxford,South,Small Business
C01883,2023-07-21,,F,bath,West,Home Office
C01884,05/08/2022,50,F,Newcastle,North,Small Business
C01885,2024-01-24,47,F,YORK,North,Small Business
C01886,2022-12-29,33,F,Oxford,South,Consumer
C01887,2023-10-02,34,M,portsmouth,South,Corporate
C01888,2025-05-04,44,M,BATH,West,Consumer
C01889,2023-05-05,59,M,newcastle,North,Small Business
C01890,22/09/2024,47,Other,plymouth,West,Consumer
C01891,2025-09-08,53,F,Peterborough,East,Home Office
C01892,2024-07-27,29,F,,North,Small Business
C01893,2023-02-11,49,F,brighton,South,Consumer
C01894,29/09/2023,32,M,Colchester,East,Home Office
C01895,26/08/2024,43,F,Exeter,West,Consumer
C01896,2024-05-09,,F,Southampton,South,Small Business
C01897,2022-11-27,34,F,Newcastle,North,Consumer
C01898,19/02/2024,28,M,Oxford,South,Consumer
C01899,2024-06-26,46,F,newcastle,North,Consumer
C01900,07/06/2023,39,F,MANCHESTER,North,Small Business
C01901,2024-09-23,43,M,COVENTRY,Central,Small Business
C01902,2022-07-04,50,F,Manchester,North,Consumer
C01903,2023-09-17,58,M,Manchester,North,Consumer
C01904,17/05/2025,50,M,Leicester,Central,Consumer
C01905,2023-05-25,48,M,bristol,West,Consumer
C01906,2024-09-14,34,M,brighton,South,Consumer
C01907,2023-12-30,36,,bristol,West,Consumer
C01908,19/08/2023,47,M,Leicester,Central,Small Business
C01909,26/09/2025,36,M,Leeds,North,Consumer
C01910,27/09/2023,47,M,Oxford,South,Home Office
C01911,2023-04-20,30,F,cardiff,West,Small Business
C01912,2025-09-18,66,F,exeter,West,Home Office
C01913,08/03/2025,44,M,Leicester,Central,Consumer
C01914,2024-12-19,43,M,Portsmouth,South,Consumer
C01915,2022-05-21,35,M,  Derby ,Central,Small Business
C01916,2022-10-27,66,F,  Reading ,South,Consumer
C01917,2024-10-26,25,F,EXETER,West,Small Business
C01918,2023-03-08,32,M,  Derby ,Central,Consumer
C01919,2023-04-03,52,F,Manchester,North,Home Office
C01920,17/04/2025,44,M,York,North,Consumer
C01921,2023-07-05,34,Other,  Ipswich ,East,Consumer
C01922,2022-07-07,34,F,Exeter,West,Consumer
C01923,2022-04-21,37,F,Sheffield,North,Consumer
C01924,2024-02-14,42,F,bristol,West,Home Office
C01925,2024-09-29,61,F,BRIGHTON,South,Consumer
C01926,2025-08-01,49,M,southampton,South,Consumer
C01927,20/09/2022,54,M,Brighton,South,Home Office
C01928,2023-02-16,35,M,derby,Central,Corporate
C01929,2024-06-09,48,F,Manchester,North,Consumer
C01930,2023-10-27,21,M,ipswich,East,Consumer
C01931,2024-04-07,43,F,Manchester,North,Consumer
C01932,05/10/2025,43,F,  Nottingham ,Central,Home Office
C01933,2024-06-28,65,M,Exeter,West,Home Office
C01934,2024-01-06,61,M,York,North,Home Office
C01935,2025-12-19,38,F,southampton,South,Consumer
C01936,2022-06-24,30,F,portsmouth,South,Small Business
C01937,2025-10-14,31,M,Oxford,South,Consumer
C01938,2024-05-02,37,M,bristol,West,Home Office
C01939,2024-05-05,58,F,Colchester,East,Home Office
C01940,02/10/2025,46,M,southampton,South,Consumer
C01941,2024-05-10,48,F,bristol,West,Corporate
C01942,2024-02-07,52,F,Ipswich,East,Home Office
C01943,2023-06-15,28,F,leeds,North,Consumer
C01944,20/11/2024,32,F,Leeds,North,Consumer
C01945,2024-07-30,48,F,Portsmouth,South,Consumer
C01946,2023-03-16,31,F,Colchester,East,Corporate
C01947,2025-01-22,21,M,Sheffield,North,Corporate
C01948,2024-11-02,27,F,ipswich,East,Home Office
C01949,2023-12-13,55,F,oxford,South,Consumer
C01950,2022-01-22,36,M,BATH,West,Home Office
C01951,2024-02-19,44,F,Newcastle,North,Home Office
C01952,2022-01-28,28,M,cambridge,East,Consumer
C01953,14/07/2022,46,F,MANCHESTER,North,Consumer
C01954,2024-01-28,37,M,Brighton,South,Consumer
C01955,2022-07-27,47,Other,SHEFFIELD,North,Small Business
C01956,2023-06-19,35,F,colchester,East,Consumer
C01957,2024-11-16,48,M,Plymouth,West,Corporate
C01958,2023-08-08,34,M,  Leeds ,North,Consumer
C01959,2025-12-28,40,M,Bath,West,Consumer
C01960,2025-09-26,37,,Ipswich,East,Corporate
C01961,2024-08-19,41,F,Colchester,East,Consumer
C01962,2025-11-23,45,M,Peterborough,East,Home Office
C01963,2025-07-31,35,F,Oxford,South,Consumer
C01964,2023-08-23,39,M,BRISTOL,West,Consumer
C01965,2025-03-12,43,F,plymouth,West,Consumer
C01966,2022-11-06,48,F,Exeter,West,Corporate
C01967,2024-12-22,40,F,  Brighton ,South,Consumer
C01968,18/04/2024,29,F,Bristol,West,Small Business
C01969,02/03/2022,42,M,manchester,North,Consumer
C01970,17/06/2023,50,F,Ipswich,East,Consumer
C01971,2025-11-10,24,M,manchester,North,Consumer
C01972,2023-08-18,24,M,  York ,North,Consumer
C01973,22/01/2023,32,M,  Peterborough ,East,Consumer
C01974,01/02/2023,38,M,Coventry,Central,Home Office
C01975,03/04/2024,18,M,manchester,North,Consumer
C01976,2025-07-01,48,M,peterborough,East,Consumer
C01977,2025-03-22,39,M,COLCHESTER,East,Consumer
C01978,2024-02-05,18,F,Nottingham,Central,Consumer
C01979,07/03/2023,27,Other,Exeter,West,Consumer
C01980,2022-05-13,37,,Sheffield,North,Consumer
C01981,2024-03-11,18,F,Newcastle,North,Consumer
C01982,2025-05-29,54,F,norwich,East,Consumer
C01983,2025-02-16,43,M,leeds,North,Consumer
C01984,2023-12-28,50,,Nottingham,Central,Consumer
C01985,31/08/2024,28,M,birmingham,Central,Corporate
C01986,2024-02-04,46,F,leicester,Central,Home Office
C01987,2024-08-11,32,F,BRIGHTON,South,Consumer
C01988,2024-05-23,38,F,bristol,West,Consumer
C01989,2024-12-18,46,F,cardiff,West,Consumer
C01990,2024-05-10,40,F,leeds,North,Consumer
C01991,2025-10-24,52,F,portsmouth,South,Consumer
C01992,24/01/2024,43,Other,leeds,North,Consumer
C01993,2022-02-28,35,M,Southampton,South,Home Office
C01994,2023-04-20,52,F,Nottingham,Central,Small Business
C01995,01/05/2024,55,F,Bath,West,Consumer
C01996,2024-06-23,42,M,Oxford,South,Small Business
C01997,2024-07-08,58,M,Cambridge,East,Consumer
C01998,28/01/2025,38,M,Newcastle,North,Home Office
C01999,18/06/2023,39,M,reading,South,Home Office
C02000,28/11/2024,41,F,York,North,Consumer
C02001,2025-01-15,39,F,exeter,West,Consumer
C02002,2024-01-01,37,F,Plymouth,West,Home Office
C02003,19/12/2023,32,M,Plymouth,West,Consumer
C02004,2023-01-17,28,M,Birmingham,Central,Consumer
C02005,05/01/2024,42,,York,North,Consumer
C02006,26/04/2025,57,M,EXETER,West,Consumer
C02007,2025-09-17,52,M,YORK,North,Home Office
C02008,30/08/2024,46,M,Brighton,South,Consumer
C02009,2023-07-25,57,M,cambridge,East,Small Business
C02010,2024-12-20,41,M,Manchester,North,Consumer
C02011,2025-03-01,28,M,York,North,Consumer
C02012,2023-09-11,36,M,Southampton,South,Consumer
C02013,2025-06-12,40,M,Leeds,North,Consumer
C02014,2022-07-11,34,F,Birmingham,Central,Home Office
C02015,2022-02-13,49,M,Reading,South,Small Business
C02016,13/10/2022,53,M,  Peterborough ,East,Consumer
C02017,2022-12-10,18,M,coventry,Central,Home Office
C02018,2025-08-13,39,F,Peterborough,East,Home Office
C02019,2024-01-20,18,F,Oxford,South,Consumer
C02020,18/06/2023,40,F,leicester,Central,Small Business
C02021,26/01/2024,40,M,  York ,North,Consumer
C02022,2023-12-09,64,F,NEWCASTLE,North,Small Business
C02023,2023-07-28,60,F,Norwich,East,Home Office
C02024,2022-11-08,53,M,Oxford,South,Consumer
C02025,2024-11-17,29,M,Bath,West,Consumer
C02026,2022-11-06,28,M,Sheffield,North,Home Office
C02027,12/04/2025,27,F,Colchester,East,Home Office
C02028,2023-02-24,61,M,Bristol,West,Consumer
C02029,2025-02-18,29,F,Derby,Central,Consumer
C02030,2025-05-18,36,F,  York ,North,Corporate
C02031,2022-10-17,,M,Portsmouth,South,Consumer
C02032,2022-08-06,25,F,Birmingham,Central,Consumer
C02033,2025-11-03,45,F,Peterborough,East,Small Business
C02034,2024-03-12,43,F,SHEFFIELD,North,Small Business
C02035,2024-10-16,18,M,newcastle,North,Consumer
C02036,20/03/2022,24,M,PLYMOUTH,West,Corporate
C02037,24/06/2023,44,M,ipswich,East,Consumer
C02038,2024-05-07,40,F,Cambridge,East,Consumer
C02039,22/08/2025,36,F,Leicester,Central,Consumer
C02040,2023-06-13,49,Other,Portsmouth,South,Small Business
C02041,12/04/2025,22,F,sheffield,North,Consumer
C02042,25/11/2024,33,M,  Cambridge ,East,Small Business
C02043,2022-09-29,48,F,LEICESTER,Central,Small Business
C02044,2023-07-16,33,F,portsmouth,South,Home Office
C02045,2023-04-22,45,M,Bristol,West,Home Office
C02046,2024-02-13,26,F,Leeds,North,Home Office
C02047,2024-10-22,30,M,york,North,Home Office
C02048,2024-02-01,18,F,Nottingham,Central,Small Business
C02049,03/05/2023,18,F,Manchester,North,Consumer
C02050,2025-01-05,35,M,NEWCASTLE,North,Consumer
C02051,2024-08-18,47,M,Bristol,West,Consumer
C02052,2024-05-26,40,M,Reading,South,Consumer
C02053,2024-07-11,56,M,Reading,South,Corporate
C02054,2023-03-28,36,Other,exeter,West,Consumer
C02055,2024-12-17,18,F,Sheffield,North,Home Office
C02056,2023-11-29,45,F,cardiff,West,Consumer
C02057,2023-10-26,27,F,portsmouth,South,Small Business
C02058,29/11/2022,43,M,newcastle,North,Consumer
C02059,2024-09-03,18,F,exeter,West,Home Office
C02060,2024-09-11,37,F,southampton,South,Consumer
C02061,2023-09-23,50,F,Bristol,West,Home Office
C02062,22/07/2025,49,F,Derby,Central,Corporate
C02063,2025-07-05,38,,Cardiff,West,Consumer
C02064,17/09/2022,40,F,Oxford,South,Home Office
C02065,2025-01-04,35,F,Newcastle,North,Corporate
C02066,2023-12-08,37,F,Coventry,Central,Small Business
C02067,31/12/2025,49,F,colchester,East,Home Office
C02068,2023-04-02,31,F,BATH,West,Home Office
C02069,2023-06-27,33,F,Bath,West,Home Office
C02070,12/02/2024,20,M,OXFORD,South,Consumer
C02071,09/06/2023,49,M,NEWCASTLE,North,Consumer
C02072,01/01/2025,37,F,Ipswich,East,Consumer
C02073,2024-04-05,25,F,Ipswich,East,Consumer
C02074,27/03/2023,52,F,SOUTHAMPTON,South,Consumer
C02075,2024-05-09,40,M,peterborough,East,Consumer
C02076,2025-08-25,31,M,plymouth,West,Consumer
C02077,03/05/2025,52,M,southampton,South,Consumer
C02078,2024-04-29,36,M,Reading,South,Small Business
C02079,09/07/2023,20,F,bristol,West,Consumer
C02080,2023-01-19,53,M,Cardiff,West,Consumer
C02081,2025-08-13,,M,Birmingham,Central,Consumer
C02082,2025-01-23,80,F,leeds,North,Consumer
C02083,03/08/2024,34,M,Birmingham,Central,Consumer
C02084,2025-08-14,18,F,EXETER,West,Consumer
C02085,2022-10-10,63,M,Exeter,West,Consumer
C02086,2024-12-20,40,F,PORTSMOUTH,South,Consumer
C02087,2023-03-20,44,F,Sheffield,North,Small Business
C02088,2022-10-08,45,F,cambridge,East,Consumer
C02089,2024-03-15,23,F,Southampton,South,Consumer
C02090,2023-11-29,18,F,Oxford,South,Corporate
C02091,2025-10-25,66,F,Derby,Central,Consumer
C02092,30/08/2023,20,F,Leeds,North,Corporate
C02093,2025-05-30,62,M,Birmingham,Central,Consumer
C02094,2025-03-11,47,M,Peterborough,East,Consumer
C02095,02/12/2024,43,F,Cardiff,West,Consumer
C02096,2025-10-01,34,F,Oxford,South,Small Business
C02097,27/12/2023,70,M,IPSWICH,East,Consumer
C02098,2023-12-02,31,F,Colchester,East,Consumer
C02099,2022-12-18,32,F,derby,Central,Consumer
C02100,2023-06-20,49,F,York,North,Consumer
C02101,14/08/2025,32,F,sheffield,North,Small Business
C02102,2024-03-27,27,F,Birmingham,Central,Small Business
C02103,24/09/2023,40,M,sheffield,North,Consumer
C02104,19/03/2023,49,M,Ipswich,East,Small Business
C02105,2024-04-10,65,Other,york,North,Consumer
C02106,2025-01-31,67,M,LEEDS,North,Consumer
C02107,2023-07-06,18,F,Ipswich,East,Consumer
C02108,2025-03-22,54,M,norwich,East,Small Business
C02109,15/10/2024,28,M,  Norwich ,East,Consumer
C02110,2025-04-27,28,M,Cambridge,East,Small Business
C02111,2023-05-13,33,M,Bristol,West,Small Business
C02112,2024-10-17,32,F,Derby,Central,Consumer
C02113,06/12/2022,26,M,Southampton,South,Consumer
C02114,2023-10-26,18,F,Reading,South,Consumer
C02115,2025-02-09,59,F,Reading,South,Home Office
C02116,2024-10-17,52,F,BRISTOL,West,Consumer
C02117,01/02/2023,40,F,BRIGHTON,South,Consumer
C02118,2025-07-20,28,F,bristol,West,Consumer
C02119,2022-05-29,56,M,Brighton,South,Consumer
C02120,2024-09-01,40,M,Peterborough,East,Consumer
C02121,2025-12-13,33,M,Bristol,West,Corporate
C02122,2024-06-11,19,M,Peterborough,East,Consumer
C02123,13/05/2025,47,F,  Cambridge ,East,Consumer
C02124,01/09/2024,36,M,  Southampton ,South,Consumer
C02125,21/04/2025,44,M,Cambridge,East,Consumer
C02126,16/11/2024,43,F,OXFORD,South,Consumer
C02127,2024-12-30,49,F,PLYMOUTH,West,Consumer
C02128,2023-04-07,43,M,OXFORD,South,Corporate
C02129,03/03/2025,36,M,newcastle,North,Consumer
C02130,2023-04-22,48,F,Newcastle,North,Consumer
C02131,09/12/2025,53,M,Cambridge,East,Consumer
C02132,2023-04-06,60,M,coventry,Central,Consumer
C02133,20/04/2023,26,M,Reading,South,Small Business
C02134,2025-07-20,55,M,Southampton,South,Small Business
C02135,2023-04-30,20,F,Southampton,South,Home Office
C02136,2023-10-22,54,M,Coventry,Central,Consumer
C02137,2025-01-28,33,M,Bristol,West,Consumer
C02138,14/12/2022,51,F,NEWCASTLE,North,Corporate
C02139,2022-12-15,60,M,Peterborough,East,Consumer
C02140,2024-04-12,43,M,exeter,West,Consumer
C02141,2023-05-01,40,F,Exeter,West,Consumer
C02142,2023-04-19,40,M,cambridge,East,Consumer
C02143,2022-02-08,35,F,exeter,West,Corporate
C02144,2023-11-05,56,F,Colchester,East,Consumer
C02145,2023-08-22,40,M,Leeds,North,Small Business
C02146,2022-04-09,18,M,manchester,North,Corporate
C02147,04/10/2024,52,M,OXFORD,South,Corporate
C02148,11/10/2024,52,F,Manchester,North,Consumer
C02149,2022-07-05,42,M,portsmouth,South,Corporate
C02150,2023-08-20,31,F,  Exeter ,West,Small Business
C02151,06/08/2025,26,M,  Bath ,West,Consumer
C02152,15/08/2024,31,M,Manchester,North,Home Office
C02153,2024-01-02,44,M,newcastle,North,Consumer
C02154,2024-03-15,18,M,BRISTOL,West,Consumer
C02155,2023-03-06,47,F,colchester,East,Consumer
C02156,2025-05-26,42,M,Leeds,North,Small Business
C02157,2025-09-23,58,F,Exeter,West,Consumer
C02158,19/09/2025,50,F,newcastle,North,Consumer
C02159,2023-03-31,32,F,Sheffield,North,Consumer
C02160,2023-08-11,19,M,BATH,West,Home Office
C02161,2022-12-18,30,M,cambridge,East,Small Business
C02162,2023-08-05,59,M,Reading,South,Consumer
C02163,2023-09-12,45,M,Plymouth,West,Consumer
C02164,19/10/2024,49,M,Coventry,Central,Consumer
C02165,2023-02-04,33,M,York,North,Home Office
C02166,2025-09-29,47,M,  Cambridge ,East,Home Office
C02167,2022-09-06,21,F,  Manchester ,North,Home Office
C02168,2022-01-31,53,M,Cambridge,East,Consumer
C02169,2025-07-16,26,M,reading,South,Consumer
C02170,2025-01-15,18,M,PORTSMOUTH,South,Home Office
C02171,2023-10-14,70,M,Manchester,North,Home Office
C02172,2024-09-01,43,M,Cardiff,West,Small Business
C02173,31/03/2023,42,M,Southampton,South,Consumer
C02174,2022-12-31,18,F,  Leicester ,Central,Consumer
C02175,2024-03-23,49,M,OXFORD,South,Consumer
C02176,2023-10-11,53,M,bristol,West,Small Business
C02177,27/09/2024,38,M,Ipswich,East,Consumer
C02178,2023-03-22,53,F,oxford,South,Consumer
C02179,2024-11-25,56,F,cardiff,West,Consumer
C02180,02/04/2025,48,F,Exeter,West,Consumer
C02181,2022-12-28,18,F,norwich,East,Consumer
C02182,08/05/2022,26,F,portsmouth,South,Corporate
C02183,2024-02-09,63,M,Colchester,East,Corporate
C02184,2025-04-11,42,F,CAMBRIDGE,East,Consumer
C02185,2024-11-10,42,F,Brighton,South,Consumer
C02186,2025-01-13,30,F,bristol,West,Consumer
C02187,2023-12-20,33,M,Southampton,South,Corporate
C02188,2023-04-18,57,M,Norwich,East,Consumer
C02189,11/06/2024,60,F,peterborough,East,Consumer
C02190,2023-02-28,51,F,LEICESTER,Central,Small Business
C02191,2025-02-12,48,F,brighton,South,Consumer
C02192,2023-02-16,49,M,York,North,Consumer
C02193,2023-07-13,40,M,Manchester,North,Consumer
C02194,2024-05-09,25,M,  Bristol ,West,Consumer
C02195,2024-04-13,23,M,PORTSMOUTH,South,Corporate
C02196,2024-09-08,58,M,Portsmouth,South,Corporate
C02197,2024-02-06,41,F,  Sheffield ,North,Consumer
C02198,2025-09-29,47,F,,Central,Small Business
C02199,2025-06-28,44,F,Brighton,South,Small Business
C02200,2025-08-13,44,F,cambridge,East,Consumer
C02201,2024-10-15,45,F,sheffield,North,Consumer
C02202,2024-10-22,50,F,  Leeds ,North,Consumer
C02203,2024-09-19,31,F,Newcastle,North,Consumer
C02204,2024-02-03,56,F,  Portsmouth ,South,Corporate
C02205,2023-08-27,31,M,IPSWICH,East,Consumer
C02206,2024-08-28,44,M,reading,South,Consumer
C02207,2022-03-26,26,F,  Oxford ,South,Small Business
C02208,2022-02-02,39,F,  Newcastle ,North,Consumer
C02209,2025-07-12,32,M,Reading,South,Corporate
C02210,2022-05-14,41,Other,  Manchester ,North,Home Office
C02211,2024-06-02,51,F,SHEFFIELD,North,Consumer
C02212,26/09/2024,42,M,leeds,North,Consumer
C02213,2023-02-18,66,M,Cardiff,West,Home Office
C02214,2025-09-02,51,M,derby,Central,Corporate
C02215,2023-02-05,38,M,ipswich,East,Small Business
C02216,2025-08-20,40,F,MANCHESTER,North,Small Business
C02217,28/03/2025,46,F,Leicester,Central,Consumer
C02218,27/04/2023,50,M,leicester,Central,Consumer
C02219,2022-12-01,25,M,Cambridge,East,Corporate
C02220,19/08/2023,49,M,York,North,Consumer
C02221,14/12/2023,25,F,Bath,West,Consumer
C02222,2023-05-05,48,F,DERBY,Central,Consumer
C02223,30/12/2025,55,F,Exeter,West,Consumer
C02224,2023-04-09,45,Other,ipswich,East,Consumer
C02225,2025-06-17,18,F,Cambridge,East,Consumer
C02226,15/12/2022,18,F,coventry,Central,Consumer
C02227,08/12/2025,48,M,Leeds,North,Consumer
C02228,03/04/2023,18,F,Manchester,North,Consumer
C02229,15/01/2024,49,F,Cardiff,West,Corporate
C02230,2024-07-16,54,F,Newcastle,North,Consumer
C02231,2022-10-08,56,M,brighton,South,Small Business
C02232,2025-06-01,38,F,Reading,South,Consumer
C02233,2023-06-18,47,F,Reading,South,Small Business
C02234,04/07/2024,44,M,Leeds,North,Consumer
C02235,2024-07-04,22,M,cambridge,East,Small Business
C02236,2024-09-11,51,M,OXFORD,South,Consumer
C02237,03/06/2022,59,M,Colchester,East,Home Office
C02238,2022-12-31,50,M,Reading,South,Corporate
C02239,2022-12-19,34,M,  Coventry ,Central,Home Office
C02240,2023-07-29,51,F,Peterborough,East,Corporate
C02241,21/11/2022,58,F,nottingham,Central,Small Business
C02242,02/10/2025,56,M,Southampton,South,Consumer
C02243,2024-05-17,54,F,Leeds,North,Corporate
C02244,2024-10-07,20,F,Plymouth,West,Consumer
C02245,17/10/2023,46,F,  Bath ,West,Consumer
C02246,20/06/2023,49,M,Manchester,North,Consumer
C02247,04/05/2024,55,M,Cambridge,East,Home Office
C02248,17/07/2023,48,,Bristol,West,Consumer
C02249,28/09/2023,61,F,Leeds,North,Consumer
C02250,2024-02-27,18,F,  Colchester ,East,Small Business
C02251,08/05/2024,48,F,  Reading ,South,Small Business
C02252,2025-12-13,47,F,Sheffield,North,Small Business
C02253,2023-03-30,53,F,  Plymouth ,West,Consumer
C02254,2024-04-14,61,M,colchester,East,Small Business
C02255,2022-11-29,29,M,plymouth,West,Small Business
C02256,2023-10-07,61,F,Bath,West,Consumer
C02257,01/02/2025,52,F,Birmingham,Central,Consumer
C02258,2023-01-10,39,M,  Brighton ,South,Consumer
C02259,2024-08-14,29,F,Oxford,South,Consumer
C02260,2024-01-09,,F,Reading,South,Small Business
C02261,2022-05-26,45,F,Ipswich,East,Consumer
C02262,2025-10-15,45,M,COLCHESTER,East,Consumer
C02263,2024-01-04,33,F,  Exeter ,West,Small Business
C02264,2025-04-23,49,F,Southampton,South,Consumer
C02265,2024-01-08,36,M,Manchester,North,Consumer
C02266,2025-10-20,57,F,cardiff,West,Small Business
C02267,2023-07-12,63,M,exeter,West,Corporate
C02268,2024-01-02,30,M,Brighton,South,Consumer
C02269,23/03/2025,42,F,CARDIFF,West,Consumer
C02270,2023-09-28,54,F,Colchester,East,Consumer
C02271,2023-10-27,45,M,bath,West,Consumer
C02272,2025-12-25,23,F,SOUTHAMPTON,South,Home Office
C02273,2024-07-12,52,F,  Ipswich ,East,Corporate
C02274,2024-12-28,33,F,Leeds,North,Small Business
C02275,2024-11-01,44,Other,manchester,North,Small Business
C02276,14/06/2025,28,Other,  Exeter ,West,Home Office
C02277,2025-07-24,51,M,Reading,South,Small Business
C02278,2024-07-22,36,F,sheffield,North,Corporate
C02279,2023-07-18,53,,,North,Small Business
C02280,18/03/2022,38,F,OXFORD,South,Consumer
C02281,2024-09-25,35,F,Exeter,West,Corporate
C02282,2025-06-11,46,M,Reading,South,Consumer
C02283,2024-02-24,27,M,exeter,West,Consumer
C02284,2022-12-25,64,F,Plymouth,West,Consumer
C02285,08/07/2023,43,M,Southampton,South,Corporate
C02286,2024-05-13,34,F,Bath,West,Consumer
C02287,2025-06-24,36,M,Manchester,North,Consumer
C02288,2023-01-05,41,,Reading,South,Consumer
C02289,23/09/2024,54,F,newcastle,North,Consumer
C02290,2025-03-17,29,F,Newcastle,North,Consumer
C02291,2025-10-19,36,F,Newcastle,North,Small Business
C02292,01/10/2022,40,M,sheffield,North,Consumer
C02293,2025-10-07,61,M,PLYMOUTH,West,Consumer
C02294,2024-09-09,54,M,Peterborough,East,Consumer
C02295,02/04/2025,62,M,Derby,Central,Corporate
C02296,30/05/2022,41,F,cambridge,East,Consumer
C02297,2024-05-08,60,F,Norwich,East,Small Business
C02298,2024-10-06,57,F,york,North,Home Office
C02299,2023-08-05,50,F,cambridge,East,Consumer
C02300,2024-01-29,51,F,reading,South,Consumer
C02301,2024-07-10,33,M,Derby,Central,Home Office
C02302,2024-07-08,65,M,Nottingham,Central,Consumer
C02303,2022-05-04,38,F,manchester,North,Consumer
C02304,2024-02-09,48,F,colchester,East,Consumer
C02305,2023-03-15,50,M,cambridge,East,Home Office
C02306,26/09/2025,23,M,Ipswich,East,Consumer
C02307,04/12/2025,40,F,Newcastle,North,Consumer
C02308,2023-07-25,44,F,cardiff,West,Consumer
C02309,2023-01-11,40,M,bath,West,Corporate
C02310,2023-03-24,40,M,READING,South,Home Office
C02311,01/04/2024,60,M,Cambridge,East,Consumer
C02312,2025-08-08,30,F,newcastle,North,Consumer
C02313,2024-04-30,25,M,Derby,Central,Home Office
C02314,2022-06-03,33,M,Manchester,North,Small Business
C02315,29/04/2022,51,F,Newcastle,North,Consumer
C02316,06/04/2023,52,F,Brighton,South,Small Business
C02317,2025-07-02,49,M,Plymouth,West,Consumer
C02318,2024-10-04,53,F,plymouth,West,Home Office
C02319,2024-07-22,44,F,York,North,Consumer
C02320,23/08/2023,34,F,Leeds,North,Consumer
C02321,2025-10-11,29,F,Plymouth,West,Home Office
C02322,2023-09-10,25,M,Brighton,South,Home Office
C02323,2025-06-22,38,F,newcastle,North,Home Office
C02324,2025-09-02,51,F,Birmingham,Central,Small Business
C02325,08/04/2024,44,M,Sheffield,North,Small Business
C02326,2025-08-31,41,M,Cambridge,East,Consumer
C02327,2023-06-21,27,F,Portsmouth,South,Small Business
C02328,20/11/2024,75,F,Cardiff,West,Small Business
C02329,08/08/2022,30,F,bath,West,Home Office
C02330,26/03/2024,43,M,SOUTHAMPTON,South,Consumer
C02331,2023-03-21,54,F,bristol,West,Home Office
C02332,2022-06-18,42,M,Derby,Central,Small Business
C02333,20/01/2022,31,M,exeter,West,Consumer
C02334,2023-08-31,52,F,OXFORD,South,Small Business
C02335,2024-08-25,24,M,Oxford,South,Consumer
C02336,2024-03-01,64,M,Birmingham,Central,Small Business
C02337,2023-07-28,45,F,Leeds,North,Consumer
C02338,21/12/2025,38,M,York,North,Consumer
C02339,2025-10-23,23,F,MANCHESTER,North,Consumer
C02340,2022-10-18,26,M,bristol,West,Small Business
C02341,2024-01-06,40,F,Sheffield,North,Corporate
C02342,2024-11-08,66,F,SOUTHAMPTON,South,Consumer
C02343,2025-02-20,44,F,peterborough,East,Consumer
C02344,30/10/2023,46,M,Sheffield,North,Small Business
C02345,2025-03-08,46,F,Brighton,South,Small Business
C02346,2022-10-15,72,F,Ipswich,East,Small Business
C02347,11/09/2023,35,F,NEWCASTLE,North,Small Business
C02348,31/01/2025,61,F,Coventry,Central,Consumer
C02349,10/10/2024,36,F,Newcastle,North,Consumer
C02350,2025-06-25,32,M,bath,West,Corporate
C02351,2022-05-15,40,M,Norwich,East,Consumer
C02352,2023-01-10,40,M,York,North,Consumer
C02353,2022-05-19,48,M,Sheffield,North,Small Business
C02354,2023-02-08,18,F,Peterborough,East,Consumer
C02355,2022-01-22,43,F,SOUTHAMPTON,South,Home Office
C02356,2024-05-06,33,M,Manchester,North,Corporate
C02357,2024-06-07,32,F,nottingham,Central,Corporate
C02358,19/11/2024,24,M,Colchester,East,Small Business
C02359,25/11/2023,36,F,nottingham,Central,Home Office
C02360,2022-01-18,34,F,,North,Consumer
C02361,09/12/2024,35,F,Newcastle,North,Consumer
C02362,31/05/2022,20,M,  Cambridge ,East,Consumer
C02363,29/07/2025,42,M,  Southampton ,South,Home Office
C02364,2022-03-18,31,M,Leeds,North,Small Business
C02365,2024-06-09,20,M,York,North,Home Office
C02366,2025-09-01,34,M,Leeds,North,Home Office
C02367,2024-08-03,31,M,Bath,West,Consumer
C02368,2024-09-18,42,M,SOUTHAMPTON,South,Consumer
C02369,2024-12-19,34,F,BIRMINGHAM,Central,Home Office
C02370,2022-10-12,22,F,leeds,North,Consumer
C02371,2024-12-10,29,M,Oxford,South,Home Office
C02372,2025-08-15,19,M,BRIGHTON,South,Consumer
C02373,2025-12-02,56,F,Cambridge,East,Home Office
C02374,2024-02-14,58,M,Birmingham,Central,Corporate
C02375,2023-09-29,59,F,Cardiff,West,Consumer
C02376,2025-03-17,33,M,York,North,Corporate
C02377,2024-06-26,58,M,Oxford,South,Small Business
C02378,22/05/2023,46,M,cardiff,West,Consumer
C02379,2023-01-06,30,M,newcastle,North,Consumer
C02380,03/01/2023,33,F,Norwich,East,Consumer
C02381,07/03/2024,39,M,Southampton,South,Consumer
C02382,03/01/2023,42,F,oxford,South,Consumer
C02383,10/03/2022,46,M,brighton,South,Home Office
C02384,27/05/2022,41,F,Southampton,South,Consumer
C02385,2025-10-12,36,F,LEICESTER,Central,Consumer
C02386,09/07/2022,59,M,Colchester,East,Consumer
C02387,10/07/2022,40,M,NOTTINGHAM,Central,Consumer
C02388,2024-02-25,39,M,bath,West,Small Business
C02389,2023-05-04,,M,brighton,South,Small Business
C02390,2025-11-18,40,F,peterborough,East,Consumer
C02391,2025-09-20,23,M,Oxford,South,Consumer
C02392,2023-12-23,28,M,bristol,West,Consumer
C02393,2024-02-21,73,M,,North,Consumer
C02394,2023-11-12,20,M,Birmingham,Central,Home Office
C02395,2022-04-25,45,M,  Cambridge ,East,Consumer
C02396,2023-07-15,45,M,norwich,East,Consumer
C02397,2022-10-12,54,M,Norwich,East,Consumer
C02398,05/09/2022,46,F,Colchester,East,Consumer
C02399,2024-07-19,66,M,PLYMOUTH,West,Consumer
C02400,2022-08-29,44,F,PLYMOUTH,West,Consumer
C02401,06/09/2022,59,F,Sheffield,North,Consumer
C02402,2024-04-04,55,F,Peterborough,East,Consumer
C02403,2024-02-13,61,F,Brighton,South,Consumer
C02404,08/11/2022,41,M,PETERBOROUGH,East,Consumer
C02405,2022-01-22,46,F,cambridge,East,Consumer
C02406,2023-02-10,36,M,MANCHESTER,North,Consumer
C02407,2023-04-19,43,M,Bath,West,Home Office
C02408,12/05/2025,44,M,Cambridge,East,Consumer
C02409,2025-09-25,18,F,Peterborough,East,Consumer
C02410,25/12/2023,39,M,Bath,West,Small Business
C02411,2023-12-23,53,F,CARDIFF,West,Corporate
C02412,26/01/2025,23,Other,Bristol,West,Consumer
C02413,2024-10-11,28,F,LEEDS,North,Consumer
C02414,26/01/2023,56,M,Sheffield,North,Home Office
C02415,2022-09-15,58,F,plymouth,West,Home Office
C02416,2024-02-06,33,F,LEEDS,North,Consumer
C02417,2024-07-24,43,M,newcastle,North,Home Office
C02418,2022-11-10,40,M,Leeds,North,Consumer
C02419,2023-07-16,56,F,Oxford,South,Consumer
C02420,2023-08-04,34,M,NOTTINGHAM,Central,Small Business
C02421,2023-05-29,36,F,  Leeds ,North,Consumer
C02422,2024-03-09,58,F,Oxford,South,Consumer
C02423,2024-11-13,28,F,Leicester,Central,Corporate
C02424,2024-05-13,35,F,NOTTINGHAM,Central,Corporate
C02425,23/02/2023,43,F,Leeds,North,Small Business
C02426,2022-09-06,61,F,DERBY,Central,Small Business
C02427,2025-06-07,25,,York,North,Consumer
C02428,2024-04-03,32,F,bristol,West,Small Business
C02429,2022-06-17,49,F,sheffield,North,Small Business
C02430,2023-05-24,51,F,southampton,South,Consumer
C02431,17/05/2025,44,Other,Brighton,South,Home Office
C02432,15/03/2025,39,F,Bath,West,Consumer
C02433,2025-08-10,43,F,MANCHESTER,North,Small Business
C02434,10/09/2024,21,M,Norwich,East,Consumer
C02435,2024-01-17,42,F,Exeter,West,Consumer
C02436,22/01/2024,60,F,Manchester,North,Consumer
C02437,2023-02-11,24,M,birmingham,Central,Home Office
C02438,10/11/2024,31,F,Southampton,South,Home Office
C02439,2024-08-19,36,F,Manchester,North,Consumer
C02440,2022-12-08,37,M,manchester,North,Consumer
C02441,21/08/2025,65,Other,BRIGHTON,South,Consumer
C02442,2023-11-02,29,M,sheffield,North,Consumer
C02443,2022-05-22,26,M,cambridge,East,Consumer
C02444,05/09/2023,51,F,Norwich,East,Consumer
C02445,2025-08-03,33,M,Reading,South,Small Business
C02446,2025-09-27,51,M,OXFORD,South,Small Business
C02447,2024-04-17,38,M,BATH,West,Small Business
C02448,2025-11-11,47,F,Portsmouth,South,Home Office
C02449,2025-08-09,21,Other,Cambridge,East,Consumer
C02450,2025-06-11,47,M,Nottingham,Central,Consumer
C02451,2025-07-22,44,F,York,North,Corporate
C02452,21/11/2023,38,M,Norwich,East,Small Business
C02453,20/03/2025,25,M,birmingham,Central,Small Business
C02454,2024-08-09,44,F,Ipswich,East,Consumer
C02455,2025-02-04,50,M,Derby,Central,Home Office
C02456,2023-01-16,34,F,brighton,South,Consumer
C02457,2025-02-18,34,F,COLCHESTER,East,Consumer
C02458,2025-11-12,51,M,  Reading ,South,Consumer
C02459,2023-07-30,63,M,Newcastle,North,Small Business
C02460,15/12/2025,53,F,  Nottingham ,Central,Consumer
C02461,2023-11-16,44,M,  Reading ,South,Consumer
C02462,2023-02-21,38,M,Nottingham,Central,Home Office
C02463,23/09/2022,41,M,Bristol,West,Home Office
C02464,24/04/2025,24,F,coventry,Central,Home Office
C02465,2024-07-11,39,Other,Derby,Central,Home Office
C02466,2023-08-05,56,M,PETERBOROUGH,East,Home Office
C02467,2024-09-18,42,M,nottingham,Central,Consumer
C02468,2023-09-11,33,F,Bristol,West,Small Business
C02469,2024-02-21,32,F,Colchester,East,Consumer
C02470,2025-07-25,41,F,bristol,West,Consumer
C02471,2024-12-02,25,F,leeds,North,Consumer
C02472,28/03/2025,29,M,YORK,North,Corporate
C02473,17/08/2024,61,M,Southampton,South,Consumer
C02474,2025-12-21,28,M,  Portsmouth ,South,Consumer
C02475,28/04/2023,,F,Newcastle,North,Home Office
C02476,2023-05-30,45,M,  Colchester ,East,Consumer
C02477,2022-08-17,35,F,exeter,West,Consumer
C02478,2024-07-10,42,M,Bristol,West,Home Office
C02479,2024-09-24,52,F,  Birmingham ,Central,Consumer
C02480,2025-02-11,21,F,COVENTRY,Central,Home Office
C02481,16/09/2023,51,F,derby,Central,Consumer
C02482,17/02/2022,33,F,COLCHESTER,East,Small Business
C02483,2024-10-18,37,M,MANCHESTER,North,Consumer
C02484,30/12/2025,66,M,birmingham,Central,Consumer
C02485,2023-07-18,23,F,manchester,North,Consumer
C02486,26/01/2023,49,M,  Manchester ,North,Consumer
C02487,2023-06-29,56,,Oxford,South,Consumer
C02488,2024-01-21,32,M,norwich,East,Consumer
C02489,2023-05-13,32,M,exeter,West,Consumer
C02490,2023-10-02,36,F,Manchester,North,Consumer
C02491,2024-10-26,32,M,Exeter,West,Small Business
C02492,30/09/2023,42,F,York,North,Corporate
C02493,2023-12-11,53,F,southampton,South,Consumer
C02494,30/04/2022,36,F,BRIGHTON,South,Consumer
C02495,2025-09-28,53,F,  Portsmouth ,South,Consumer
C02496,2023-12-26,59,F,Bristol,West,Corporate
C02497,2023-09-05,47,F,Sheffield,North,Consumer
C02498,05/08/2022,48,M,York,North,Consumer
C02499,20/10/2024,33,F,Sheffield,North,Corporate
C02500,26/07/2025,18,F,Bristol,West,Consumer
C02501,2022-05-02,49,F,leicester,Central,Home Office
C02502,2022-11-21,51,M,Cardiff,West,Consumer
C02503,2022-11-23,44,F,Ipswich,East,Small Business
C02504,2024-09-10,53,M,leicester,Central,Consumer
C02505,2025-10-01,34,F,BRIGHTON,South,Small Business
C02506,2024-02-07,48,F,york,North,Consumer
C02507,2023-09-28,60,M,Ipswich,East,Consumer
C02508,2025-04-01,50,F,Southampton,South,Consumer
C02509,2025-03-04,58,Other,COLCHESTER,East,Consumer
C02510,2023-05-06,59,F,Colchester,East,Home Office
C02511,18/12/2022,25,F,Reading,South,Consumer
C02512,18/10/2023,50,F,Peterborough,East,Consumer
C02513,2025-04-12,33,M,southampton,South,Consumer
C02514,04/01/2025,,,leeds,North,Small Business
C02515,29/11/2024,37,M,BATH,West,Consumer
C02516,2025-06-16,64,F,Exeter,West,Consumer
C02517,22/06/2023,34,M,Manchester,North,Home Office
C02518,2023-09-22,18,M,leeds,North,Consumer
C02519,2022-05-05,22,F,Sheffield,North,Consumer
C02520,01/08/2025,47,M,  Leeds ,North,Small Business
C02521,16/08/2024,31,M,Newcastle,North,Small Business
C02522,23/07/2023,18,F,Sheffield,North,Consumer
C02523,02/07/2022,23,F,Cardiff,West,Consumer
C02524,08/02/2025,43,F,Bath,West,Corporate
C02525,2025-03-11,51,F,Bath,West,Home Office
C02526,2024-11-30,35,M,PETERBOROUGH,East,Home Office
C02527,27/02/2023,49,M,Plymouth,West,Small Business
C02528,2025-09-22,53,M,PLYMOUTH,West,Consumer
C02529,2025-03-16,31,F,Leicester,Central,Home Office
C02530,2024-11-19,39,M,Bath,West,Consumer
C02531,2024-11-11,33,F,Plymouth,West,Corporate
C02532,12/09/2025,48,M,Cardiff,West,Consumer
C02533,2025-10-10,33,M,Peterborough,East,Consumer
C02534,2024-09-02,25,M,York,North,Consumer
C02535,2024-01-09,42,Other,  York ,North,Consumer
C02536,2023-10-26,55,F,  Oxford ,South,Small Business
C02537,2025-06-04,48,M,Manchester,North,Consumer
C02538,2024-11-03,54,M,sheffield,North,Small Business
C02539,18/07/2022,53,F,Newcastle,North,Consumer
C02540,2022-11-16,42,M,Southampton,South,Consumer
C02541,2025-09-07,33,F,nottingham,Central,Corporate
C02542,2025-08-20,30,M,Brighton,South,Home Office
C02543,06/11/2025,20,F,Southampton,South,Consumer
C02544,2024-01-24,56,F,Portsmouth,South,Consumer
C02545,2025-04-23,37,M,OXFORD,South,Consumer
C02546,14/06/2025,19,F,plymouth,West,Consumer
C02547,2023-08-18,57,F,Norwich,East,Corporate
C02548,21/11/2022,42,M,Manchester,North,Consumer
C02549,2025-12-28,54,M,Cambridge,East,Small Business
C02550,2022-04-06,38,F,SHEFFIELD,North,Consumer
C02551,2024-09-04,31,M,Bath,West,Consumer
C02552,2024-11-10,47,Other,birmingham,Central,Corporate
C02553,2024-12-19,48,F,Birmingham,Central,Home Office
C02554,2023-05-20,37,Other,YORK,North,Consumer
C02555,2025-02-06,58,Other,Exeter,West,Corporate
C02556,19/03/2023,53,F,Exeter,West,Corporate
C02557,2025-06-15,48,M,Plymouth,West,Consumer
C02558,2023-03-24,27,M,brighton,South,Home Office
C02559,2025-01-06,25,M,Norwich,East,Consumer
C02560,22/04/2025,57,F,Manchester,North,Consumer
C02561,2023-02-03,18,M,newcastle,North,Consumer
C02562,2023-04-23,40,F,plymouth,West,Consumer
C02563,2025-04-17,43,M,  Reading ,South,Small Business
C02564,2022-08-04,35,F,brighton,South,Consumer
C02565,2023-02-06,41,M,BRISTOL,West,Home Office
C02566,2024-03-02,46,M,Cambridge,East,Home Office
C02567,2025-10-12,33,M,  Coventry ,Central,Home Office
C02568,20/07/2024,52,F,Plymouth,West,Home Office
C02569,2023-11-29,49,F,BRISTOL,West,Consumer
C02570,2025-12-06,39,F,  Bristol ,West,Small Business
C02571,2024-03-13,30,Other,york,North,Consumer
C02572,2024-02-01,40,M,  Sheffield ,North,Home Office
C02573,2024-01-02,68,M,Nottingham,Central,Consumer
C02574,13/08/2023,31,M,Leeds,North,Consumer
C02575,2023-09-02,61,M,Brighton,South,Home Office
C02576,26/12/2024,18,F,cambridge,East,Consumer
C02577,2022-05-01,30,F,NEWCASTLE,North,Corporate
C02578,2024-12-19,34,F,newcastle,North,Corporate
C02579,23/02/2023,53,M,ipswich,East,Home Office
C02580,2023-11-24,42,M,READING,South,Consumer
C02581,23/11/2022,58,F,PLYMOUTH,West,Consumer
C02582,2024-07-08,37,M,  Manchester ,North,Small Business
C02583,2025-02-15,,M,Cambridge,East,Corporate
C02584,2023-10-13,37,M,,North,Corporate
C02585,2022-12-22,67,M,norwich,East,Consumer
C02586,04/04/2023,26,F,NEWCASTLE,North,Home Office
C02587,2025-06-02,34,M,newcastle,North,Consumer
C02588,2023-06-07,28,M,Plymouth,West,Corporate
C02589,2025-04-11,48,F,York,North,Home Office
C02590,10/09/2023,26,M,Bath,West,Consumer
C02591,2023-02-03,65,F,oxford,South,Consumer
C02592,2025-02-13,42,M,newcastle,North,Home Office
C02593,2024-03-19,46,M,BRIGHTON,South,Consumer
C02594,09/04/2022,47,M,birmingham,Central,Small Business
C02595,2025-11-15,41,F,brighton,South,Small Business
C02596,26/11/2022,43,M,Oxford,South,Home Office
C02597,12/10/2023,42,F,Norwich,East,Consumer
C02598,25/11/2023,48,M,Reading,South,Consumer
C02599,2024-04-16,30,F,CARDIFF,West,Corporate
C02600,2025-04-24,28,F,birmingham,Central,Corporate
C02601,2022-01-28,52,M,colchester,East,Consumer
C02602,2025-10-15,41,F,peterborough,East,Consumer
C02603,2024-11-04,18,M,  Brighton ,South,Consumer
C02604,04/11/2025,35,M,coventry,Central,Home Office
C02605,2025-06-02,61,M,COLCHESTER,East,Consumer
C02606,09/10/2025,39,F,  Sheffield ,North,Consumer
C02607,08/09/2024,34,F,NOTTINGHAM,Central,Corporate
C02608,2023-10-17,22,M,Nottingham,Central,Consumer
C02609,14/02/2024,34,F,Reading,South,Consumer
C02610,19/11/2024,26,F,portsmouth,South,Consumer
C02611,2024-01-23,47,M,Bath,West,Consumer
C02612,18/02/2025,42,M,PLYMOUTH,West,Consumer
C02613,16/08/2022,36,M,ipswich,East,Consumer
C02614,2025-06-16,31,F,Portsmouth,South,Consumer
C02615,28/02/2023,61,F,southampton,South,Home Office
C02616,2025-10-28,32,F,Brighton,South,Consumer
C02617,2022-12-09,32,M,york,North,Consumer
C02618,2022-10-24,38,Other,EXETER,West,Corporate
C02619,26/05/2025,40,M,LEEDS,North,Consumer
C02620,03/06/2025,47,M,Oxford,South,Consumer
C02621,2025-02-27,53,M,Bristol,West,Consumer
C02622,16/11/2025,52,M,brighton,South,Consumer
C02623,12/06/2023,73,M,brighton,South,Consumer
C02624,13/06/2025,19,M,Nottingham,Central,Home Office
C02625,2023-10-10,44,M,Manchester,North,Consumer
C02626,2024-06-18,34,F,  Coventry ,Central,Home Office
C02627,17/02/2024,67,M,LEEDS,North,Home Office
C02628,27/01/2022,43,F,Oxford,South,Home Office
C02629,2024-08-05,18,M,Norwich,East,Consumer
C02630,10/03/2025,47,M,portsmouth,South,Consumer
C02631,2023-01-10,44,M,Norwich,East,Consumer
C02632,2025-10-14,51,F,Newcastle,North,Small Business
C02633,2024-06-09,32,M,Norwich,East,Home Office
C02634,16/01/2023,45,F,  York ,North,Small Business
C02635,2024-11-04,37,M,Exeter,West,Small Business
C02636,08/02/2023,32,F,  Peterborough ,East,Corporate
C02637,2022-06-20,45,M,CAMBRIDGE,East,Small Business
C02638,2024-12-23,43,M,sheffield,North,Consumer
C02639,2022-09-20,55,F,Norwich,East,Consumer
C02640,2022-09-12,41,M,Colchester,East,Home Office
C02641,2025-02-28,49,M,Reading,South,Consumer
C02642,02/06/2022,25,M,Bristol,West,Home Office
C02643,2025-05-23,59,,Sheffield,North,Consumer
C02644,2025-05-07,31,F,Leeds,North,Consumer
C02645,2022-11-14,53,F,exeter,West,Home Office
C02646,2024-05-25,44,M,York,North,Consumer
C02647,2022-08-25,43,M,Reading,South,Consumer
C02648,18/10/2024,51,M,bath,West,Consumer
C02649,2022-06-19,18,M,exeter,West,Consumer
C02650,2025-10-28,34,M,Newcastle,North,Small Business
C02651,2023-03-06,51,F,Leeds,North,Consumer
C02652,2024-12-20,66,,Portsmouth,South,Consumer
C02653,2022-10-22,41,M,ipswich,East,Consumer
C02654,2023-03-09,18,F,,East,Small Business
C02655,2024-02-24,37,M,Bristol,West,Home Office
C02656,2024-08-04,40,M,Plymouth,West,Small Business
C02657,2025-12-30,55,F,Birmingham,Central,Corporate
C02658,2022-03-27,42,M,brighton,South,Corporate
C02659,04/01/2022,24,F,  Manchester ,North,Consumer
C02660,2023-10-07,54,Other,Reading,South,Consumer
C02661,30/10/2023,48,M,Manchester,North,Consumer
C02662,2025-08-19,32,F,Oxford,South,Consumer
C02663,2025-09-21,50,M,Nottingham,Central,Consumer
C02664,2025-08-15,34,M,Portsmouth,South,Consumer
C02665,2022-11-18,37,F,Newcastle,North,Consumer
C02666,02/01/2024,34,F,Norwich,East,Home Office
C02667,08/03/2025,37,M,NOTTINGHAM,Central,Consumer
C02668,2023-08-13,53,M,newcastle,North,Home Office
C02669,2024-11-26,18,F,Cardiff,West,Consumer
C02670,2023-04-21,55,M,bristol,West,Consumer
C02671,2023-08-29,43,M,reading,South,Home Office
C02672,2025-07-22,36,M,Colchester,East,Small Business
C02673,2023-05-12,41,M,Brighton,South,Small Business
C02674,20/11/2025,29,F,  Portsmouth ,South,Home Office
C02675,2023-08-04,20,M,  Portsmouth ,South,Small Business
C02676,20/03/2022,30,M,newcastle,North,Consumer
C02677,2023-05-19,18,F,Bristol,West,Consumer
C02678,05/01/2023,23,F,bristol,West,Small Business
C02679,2024-05-09,20,M,Southampton,South,Consumer
C02680,2022-09-24,57,M,Norwich,East,Home Office
C02681,2024-10-10,24,F,Leeds,North,Consumer
C02682,2025-08-08,40,F,manchester,North,Corporate
C02683,2023-10-25,56,M,Bath,West,Consumer
C02684,31/12/2022,52,Other,Leeds,North,Consumer
C02685,2023-12-16,37,M,Bristol,West,Home Office
C02686,25/04/2025,37,F,Southampton,South,Home Office
C02687,2024-08-27,43,M,Exeter,West,Consumer
C02688,02/09/2022,68,M,Oxford,South,Small Business
C02689,2024-06-18,46,M,portsmouth,South,Consumer
C02690,2024-03-19,50,F,BRISTOL,West,Consumer
C02691,04/09/2023,70,F,Cambridge,East,Consumer
C02692,2022-09-19,45,M,york,North,Consumer
C02693,2025-12-09,56,M,bath,West,Consumer
C02694,2023-01-13,47,M,southampton,South,Small Business
C02695,2023-02-09,47,M,York,North,Consumer
C02696,2022-11-22,28,M,Brighton,South,Consumer
C02697,2024-07-31,26,M,Norwich,East,Consumer
C02698,2024-02-15,34,M,Cambridge,East,Consumer
C02699,2023-05-10,52,F,CARDIFF,West,Consumer
C02700,26/01/2024,52,F,Cambridge,East,Consumer
C02701,2024-12-09,58,M,Newcastle,North,Small Business
C02702,2023-06-28,41,F,southampton,South,Small Business
C02703,25/09/2025,130,M,sheffield,North,Corporate
C02704,04/08/2023,48,M,Plymouth,West,Consumer
C02705,2023-02-18,40,F,  York ,North,Consumer
C02706,09/11/2025,37,F,  Ipswich ,East,Consumer
C02707,24/05/2025,22,M,  Ipswich ,East,Consumer
C02708,27/09/2023,39,M,Bristol,West,Home Office
C02709,2025-06-30,40,M,Sheffield,North,Consumer
C02710,25/05/2024,56,F,  Manchester ,North,Home Office
C02711,2023-10-02,57,M,  Coventry ,Central,Small Business
C02712,2025-06-28,43,M,PETERBOROUGH,East,Consumer
C02713,2025-03-15,68,M,Cambridge,East,Small Business
C02714,23/07/2023,43,Other,cardiff,West,Small Business
C02715,2024-09-16,54,M,NOTTINGHAM,Central,Corporate
C02716,03/11/2023,40,M,  Portsmouth ,South,Consumer
C02717,2022-01-08,26,M,birmingham,Central,Small Business
C02718,17/11/2025,35,Other,sheffield,North,Consumer
C02719,04/07/2024,60,M,Coventry,Central,Small Business
C02720,05/09/2024,38,M,Leeds,North,Home Office
C02721,2024-09-07,35,F,Portsmouth,South,Consumer
C02722,06/07/2024,41,M,NEWCASTLE,North,Consumer
C02723,11/07/2023,36,M,,West,Consumer
C02724,29/11/2025,57,M,Coventry,Central,Corporate
C02725,2024-10-05,66,M,  Brighton ,South,Small Business
C02726,2024-12-05,41,M,Reading,South,Home Office
C02727,2024-03-01,48,M,Oxford,South,Consumer
C02728,2023-07-08,54,F,Newcastle,North,Home Office
C02729,2022-06-22,42,M,bristol,West,Home Office
C02730,07/10/2023,30,F,Newcastle,North,Home Office
C02731,2023-01-13,36,M,COVENTRY,Central,Home Office
C02732,2024-11-24,46,M,Nottingham,Central,Small Business
C02733,2025-08-13,46,F,SHEFFIELD,North,Consumer
C02734,2023-07-30,18,M,Colchester,East,Consumer
C02735,2023-09-12,35,M,Nottingham,Central,Consumer
C02736,2024-12-05,31,M,bath,West,Small Business
C02737,2022-11-28,52,F,Bristol,West,Small Business
C02738,2025-10-11,32,F,sheffield,North,Home Office
C02739,27/10/2023,35,M,Leeds,North,Small Business
C02740,2022-09-03,35,M,Exeter,West,Corporate
C02741,10/01/2023,51,M,Brighton,South,Corporate
C02742,2025-10-15,54,M,cardiff,West,Corporate
C02743,07/05/2023,47,M,Plymouth,West,Home Office
C02744,2024-11-25,55,M,southampton,South,Consumer
C02745,2022-12-10,57,F,Leeds,North,Consumer
C02746,2023-02-11,18,F,  Southampton ,South,Corporate
C02747,2025-08-14,49,M,Coventry,Central,Consumer
C02748,2022-11-26,36,F,Oxford,South,Consumer
C02749,2022-03-08,25,M,Manchester,North,Small Business
C02750,2024-05-02,37,M,NOTTINGHAM,Central,Corporate
C02751,2025-07-25,51,F,bath,West,Small Business
C02752,2023-09-02,60,F,COLCHESTER,East,Consumer
C02753,2022-10-22,24,F,exeter,West,Consumer
C02754,2025-12-11,49,F,Brighton,South,Consumer
C02755,2024-12-13,67,F,coventry,Central,Consumer
C02756,11/07/2025,65,F,Plymouth,West,Consumer
C02757,2025-03-15,18,M,Oxford,South,Small Business
C02758,08/01/2025,69,M,reading,South,Consumer
C02759,25/11/2023,53,F,Reading,South,Consumer
C02760,2023-08-31,18,M,bath,West,Small Business
C02761,31/01/2025,31,F,Colchester,East,Home Office
C02762,2025-01-31,57,F,Colchester,East,Consumer
C02763,2025-11-04,46,F,Birmingham,Central,Small Business
C02764,2024-07-29,34,M,Peterborough,East,Small Business
C02765,2023-07-18,42,F,  Cardiff ,West,Consumer
C02766,2024-04-16,48,M,Cardiff,West,Home Office
C02767,2024-09-25,33,M,Colchester,East,Home Office
C02768,2024-01-22,39,M,Manchester,North,Consumer
C02769,2025-05-01,53,M,BATH,West,Consumer
C02770,19/08/2024,32,F,  Cardiff ,West,Small Business
C02771,2022-02-08,23,M,Manchester,North,Consumer
C02772,31/07/2024,33,F,exeter,West,Consumer
C02773,20/10/2024,29,M,PETERBOROUGH,East,Consumer
C02774,2025-09-25,33,F,reading,South,Consumer
C02775,2024-01-04,19,,plymouth,West,Consumer
C02776,2024-08-06,44,M,Oxford,South,Consumer
C02777,2024-03-28,,F,Ipswich,East,Consumer
C02778,2024-06-11,30,F,Colchester,East,Small Business
C02779,2022-06-28,33,M,newcastle,North,Corporate
C02780,2025-09-04,39,F,Southampton,South,Small Business
C02781,2025-09-19,29,F,leeds,North,Consumer
C02782,2024-07-02,54,F,Newcastle,North,Small Business
C02783,13/07/2024,29,M,PLYMOUTH,West,Small Business
C02784,07/06/2022,34,M,Sheffield,North,Consumer
C02785,05/09/2024,31,M,birmingham,Central,Corporate
C02786,2024-01-26,54,M,Reading,South,Corporate
C02787,2025-01-22,38,F,  Southampton ,South,Small Business
C02788,2022-05-16,67,M,Coventry,Central,Small Business
C02789,2025-01-24,46,M,CAMBRIDGE,East,Consumer
C02790,2023-07-06,56,M,peterborough,East,Consumer
C02791,2024-11-11,37,F,plymouth,West,Consumer
C02792,12/10/2024,29,M,,Central,Small Business
C02793,2023-04-05,41,F,York,North,Small Business
C02794,2024-02-10,32,M,Newcastle,North,Small Business
C02795,23/06/2025,18,M,Derby,Central,Home Office
C02796,2024-09-14,54,M,,North,Consumer
C02797,2022-07-01,41,M,Plymouth,West,Small Business
C02798,14/02/2024,,F,IPSWICH,East,Consumer
C02799,12/08/2023,46,F,norwich,East,Consumer
C02800,2024-10-30,42,Other,exeter,West,Consumer
C02801,2024-09-26,59,F,Nottingham,Central,Corporate
C02802,2022-02-11,47,F,LEEDS,North,Consumer
C02803,2024-09-17,39,F,cambridge,East,Small Business
C02804,2025-02-22,,M,Bath,West,Home Office
C02805,2025-04-04,41,M,brighton,South,Consumer
C02806,2022-06-11,43,F,Coventry,Central,Home Office
C02807,31/07/2023,57,M,norwich,East,Consumer
C02808,15/01/2024,26,M,LEEDS,North,Home Office
C02809,2023-01-19,30,M,Exeter,West,Consumer
C02810,14/01/2024,36,F,DERBY,Central,Consumer
C02811,2022-07-06,37,F,Leeds,North,Corporate
C02812,25/09/2022,56,F,PLYMOUTH,West,Consumer
C02813,03/12/2024,23,F,York,North,Small Business
C02814,2023-05-30,41,F,Newcastle,North,Consumer
C02815,24/01/2025,34,M,Southampton,South,Consumer
C02816,18/05/2022,63,M,bath,West,Home Office
C02817,2024-07-21,52,F,  Newcastle ,North,Consumer
C02818,04/12/2023,44,M,  Leeds ,North,Consumer
C02819,2025-05-08,54,F,exeter,West,Consumer
C02820,2025-04-23,24,F,Portsmouth,South,Consumer
C02821,12/11/2023,67,M,Leeds,North,Corporate
C02822,06/10/2024,30,F,Newcastle,North,Corporate
C02823,06/04/2023,57,F,CARDIFF,West,Home Office
C02824,2024-08-13,48,F,Colchester,East,Consumer
C02825,2022-07-26,44,M,Cardiff,West,Small Business
C02826,2024-02-02,,M,Sheffield,North,Consumer
C02827,2023-01-24,54,F,  Norwich ,East,Consumer
C02828,2025-08-18,42,F,  Plymouth ,West,Consumer
C02829,2024-02-16,36,F,brighton,South,Small Business
C02830,2024-08-26,43,F,  York ,North,Consumer
C02831,2023-10-22,40,F,reading,South,Consumer
C02832,2023-07-09,46,M,PORTSMOUTH,South,Consumer
C02833,2023-02-26,54,M,york,North,Consumer
C02834,21/09/2025,47,M,Leicester,Central,Consumer
C02835,2025-05-11,43,F,NORWICH,East,Consumer
C02836,2022-10-31,32,M,peterborough,East,Consumer
C02837,2025-03-09,45,M,York,North,Home Office
C02838,2024-01-11,19,F,Cambridge,East,Consumer
C02839,26/02/2022,31,F,peterborough,East,Small Business
C02840,2024-06-07,49,M,NOTTINGHAM,Central,Consumer
C02841,2022-10-25,53,M,Brighton,South,Corporate
C02842,09/03/2023,41,M,Exeter,West,Home Office
C02843,2025-01-06,44,M,Oxford,South,Consumer
C02844,2023-05-22,46,F,Colchester,East,Consumer
C02845,2025-08-28,50,F,Derby,Central,Home Office
C02846,2024-11-18,38,M,peterborough,East,Consumer
C02847,2025-06-19,28,M,cardiff,West,Small Business
C02848,2024-09-26,46,F,Nottingham,Central,Home Office
C02849,2025-08-01,66,F,Nottingham,Central,Consumer
C02850,23/10/2023,29,M,york,North,Consumer
C02851,04/07/2024,39,M,Manchester,North,Consumer
C02852,2024-05-21,36,F,CAMBRIDGE,East,Small Business
C02853,2025-09-11,72,F,coventry,Central,Consumer
C02854,2022-12-25,29,M,cambridge,East,Home Office
C02855,2024-08-10,39,F,Southampton,South,Consumer
C02856,18/03/2025,36,F,  Norwich ,East,Small Business
C02857,04/11/2023,25,,  Manchester ,North,Consumer
C02858,31/07/2025,24,M,York,North,Small Business
C02859,2023-11-09,48,Other,Leeds,North,Consumer
C02860,2023-01-08,50,F,Sheffield,North,Consumer
C02861,2024-08-18,34,F,bath,West,Home Office
C02862,14/01/2024,59,M,Brighton,South,Corporate
C02863,2022-02-26,18,M,YORK,North,Corporate
C02864,03/07/2022,25,M,  Peterborough ,East,Home Office
C02865,2023-02-13,30,F,  Portsmouth ,South,Home Office
C02866,05/04/2025,41,M,  Southampton ,South,Home Office
C02867,29/08/2025,35,F,BRIGHTON,South,Consumer
C02868,29/06/2024,38,M,Leeds,North,Home Office
C02869,11/09/2022,47,M,Plymouth,West,Small Business
C02870,2024-06-15,60,F,Newcastle,North,Home Office
C02871,2025-07-17,51,F,Newcastle,North,Consumer
C02872,2025-03-12,42,F,Manchester,North,Corporate
C02873,2023-07-13,40,M,Brighton,South,Small Business
C02874,2022-10-14,55,F,York,North,Corporate
C02875,2025-09-08,65,M,OXFORD,South,Home Office
C02876,2025-07-15,49,F,READING,South,Consumer
C02877,30/05/2022,35,M,york,North,Corporate
C02878,2025-06-09,44,M,Leicester,Central,Consumer
C02879,26/08/2022,49,F,portsmouth,South,Consumer
C02880,2022-06-20,34,F,Manchester,North,Consumer
C02881,2025-03-23,52,F,peterborough,East,Consumer
C02882,17/06/2024,44,M,Manchester,North,Consumer
C02883,06/01/2024,56,F,cardiff,West,Consumer
C02884,2025-09-11,28,F,manchester,North,Consumer
C02885,2025-06-28,18,M,Colchester,East,Home Office
C02886,2022-06-08,36,F,Nottingham,Central,Consumer
C02887,2024-09-28,41,M,York,North,Consumer
C02888,2025-04-08,18,F,SHEFFIELD,North,Consumer
C02889,2024-07-06,33,Other,Peterborough,East,Corporate
C02890,2025-12-12,58,M,LEICESTER,Central,Consumer
C02891,2024-12-24,48,M,Portsmouth,South,Home Office
C02892,2022-09-08,43,F,EXETER,West,Consumer
C02893,2023-02-18,27,F,Newcastle,North,Consumer
C02894,2025-06-12,57,F,Exeter,West,Small Business
C02895,2025-12-27,36,M,Southampton,South,Corporate
C02896,2022-08-28,42,Other,Ipswich,East,Consumer
C02897,2022-09-01,46,F,Leeds,North,Consumer
C02898,2025-03-29,43,,CAMBRIDGE,East,Consumer
C02899,2022-06-22,60,M,  Leeds ,North,Consumer
C02900,2022-07-01,48,M,Plymouth,West,Home Office
C02901,25/08/2025,45,Other,Bristol,West,Home Office
C02902,2025-05-12,40,Other,Plymouth,West,Consumer
C02903,16/08/2025,47,M,Coventry,Central,Consumer
C02904,10/11/2024,,M,Norwich,East,Home Office
C02905,2023-08-28,43,M,Bristol,West,Consumer
C02906,14/09/2025,37,F,Sheffield,North,Consumer
C02907,24/07/2023,35,F,Leicester,Central,Consumer
C02908,2023-06-19,29,M,  Ipswich ,East,Small Business
C02909,2025-08-22,37,F,southampton,South,Consumer
C02910,2024-12-18,37,F,Reading,South,Small Business
C02911,02/09/2025,65,F,Bath,West,Home Office
C02912,10/12/2022,54,M,Bristol,West,Small Business
C02913,06/11/2025,39,F,  Bath ,West,Consumer
C02914,23/09/2024,35,M,Cambridge,East,Consumer
C02915,2024-12-02,49,M,Brighton,South,Home Office
C02916,2025-09-23,66,F,nottingham,Central,Small Business
C02917,2023-11-19,51,F,Colchester,East,Home Office
C02918,2025-02-03,19,F,Norwich,East,Small Business
C02919,2024-10-28,52,F,  Norwich ,East,Home Office
C02920,27/04/2025,55,F,ipswich,East,Consumer
C02921,03/09/2025,70,F,Plymouth,West,Consumer
C02922,2024-12-17,38,M,Colchester,East,Consumer
C02923,29/06/2022,43,F,Derby,Central,Consumer
C02924,2023-01-24,47,F,EXETER,West,Corporate
C02925,2025-11-08,31,M,Southampton,South,Small Business
C02926,2025-11-25,30,M,Newcastle,North,Consumer
C02927,2025-11-24,46,,Norwich,East,Consumer
C02928,2022-04-22,21,M,Peterborough,East,Consumer
C02929,2023-11-22,24,F,Ipswich,East,Consumer
C02930,2025-03-24,52,M,Birmingham,Central,Consumer
C02931,16/03/2025,47,M,York,North,Home Office
C02932,2022-08-04,57,M,Oxford,South,Consumer
C02933,2024-09-19,47,M,plymouth,West,Small Business
C02934,2022-11-17,41,M,leicester,Central,Home Office
C02935,2024-04-21,58,F,Oxford,South,Consumer
C02936,2023-04-25,36,M,Manchester,North,Consumer
C02937,2022-05-29,37,F,southampton,South,Corporate
C02938,2022-07-24,40,F,Colchester,East,Corporate
C02939,2025-09-19,47,M,Cambridge,East,Small Business
C02940,2025-03-06,40,F,reading,South,Home Office
C02941,2025-10-14,22,F,Brighton,South,Small Business
C02942,2024-03-21,38,F,Bath,West,Small Business
C02943,2024-01-04,41,Other,Peterborough,East,Home Office
C02944,19/10/2023,42,F,bath,West,Consumer
C02945,28/09/2024,35,F,Oxford,South,Consumer
C02946,09/10/2023,48,F,Southampton,South,Home Office
C02947,2025-03-08,20,M,Southampton,South,Consumer
C02948,2025-05-13,46,F,Derby,Central,Corporate
C02949,2025-08-10,64,M,Brighton,South,Consumer
C02950,2023-04-30,33,F,Colchester,East,Corporate
C02951,2024-06-05,42,M,  Ipswich ,East,Small Business
C02952,2023-03-31,38,M,leicester,Central,Consumer
C02953,2022-04-24,38,F,Oxford,South,Consumer
C02954,2025-01-20,28,F,oxford,South,Consumer
C02955,04/07/2024,67,F,bath,West,Consumer
C02956,2025-02-09,46,F,YORK,North,Consumer
C02957,08/08/2022,32,M,Norwich,East,Consumer
C02958,26/12/2025,31,F,PORTSMOUTH,South,Consumer
C02959,2025-12-25,42,M,birmingham,Central,Corporate
C02960,14/03/2024,18,F,Plymouth,West,Consumer
C02961,2025-07-29,55,F,Manchester,North,Consumer
C02962,2023-05-01,34,M,Bath,West,Corporate
C02963,2025-02-25,46,M,Bristol,West,Consumer
C02964,2025-08-14,47,F,Peterborough,East,Consumer
C02965,2025-05-29,54,Other,Manchester,North,Corporate
C02966,2025-05-26,47,F,leeds,North,Consumer
C02967,2024-03-12,51,M,Cambridge,East,Consumer
C02968,2025-06-05,54,F,portsmouth,South,Corporate
C02969,2024-12-30,37,F,Cardiff,West,Home Office
C02970,30/10/2022,69,M,Portsmouth,South,Consumer
C02971,27/09/2022,46,F,Peterborough,East,Consumer
C02972,2025-04-08,41,M,Brighton,South,Consumer
C02973,09/10/2024,30,M,Norwich,East,Consumer
C02974,26/05/2024,38,F,York,North,Small Business
C02975,15/09/2025,46,M,Southampton,South,Corporate
C02976,21/11/2024,42,M,Newcastle,North,Home Office
C02977,11/12/2023,65,F,norwich,East,Consumer
C02978,2024-01-05,36,F,Southampton,South,Small Business
C02979,2024-09-14,50,F,Cardiff,West,Small Business
C02980,2025-03-25,26,F,Manchester,North,Consumer
C02981,23/07/2024,69,F,  Norwich ,East,Corporate
C02982,12/05/2024,25,,Peterborough,East,Home Office
C02983,2025-02-12,,F,  Sheffield ,North,Small Business
C02984,2025-01-17,39,F,MANCHESTER,North,Consumer
C02985,2025-06-17,18,M,Oxford,South,Small Business
C02986,2022-06-18,59,F,Norwich,East,Consumer
C02987,19/03/2025,42,Other,Coventry,Central,Corporate
C02988,18/05/2024,35,M,Manchester,North,Consumer
C02989,2022-07-13,49,M,bath,West,Consumer
C02990,2024-12-15,50,M,Plymouth,West,Corporate
C02991,2025-01-31,46,F,Cardiff,West,Consumer
C02992,31/05/2024,56,M,Norwich,East,Consumer
C02993,04/05/2025,44,F,birmingham,Central,Home Office
C02994,2023-07-26,49,M,NORWICH,East,Consumer
C02995,2023-02-24,34,F,Bristol,West,Consumer
C02996,08/10/2023,51,F,Reading,South,Consumer
C02997,2023-12-30,34,F,CARDIFF,West,Consumer
C02998,2025-01-05,26,M,Leicester,Central,Small Business
C02999,05/07/2025,38,F,coventry,Central,Consumer
C03000,2025-02-05,37,M,,South,Consumer
C03001,09/01/2023,53,M,Bristol,West,Consumer
C03002,30/10/2023,22,F,York,North,Consumer
C03003,2022-12-14,55,F,bath,West,Home Office
C03004,2024-12-25,33,M,Portsmouth,South,Small Business
C03005,2023-05-08,18,Other,Bristol,West,Corporate
C03006,2024-06-03,25,M,Oxford,South,Small Business
C03007,02/05/2025,37,F,NEWCASTLE,North,Consumer
C03008,2024-12-05,47,M,Newcastle,North,Corporate
C03009,23/07/2023,39,F,  Leeds ,North,Home Office
C03010,12/09/2023,25,F,Reading,South,Consumer
C03011,14/11/2024,31,M,Bristol,West,Consumer
C03012,04/07/2024,25,M,Bristol,West,Consumer
C03013,2022-08-24,44,F,Plymouth,West,Small Business
C03014,2025-08-07,40,M,Cardiff,West,Small Business
C03015,17/05/2024,49,F,Southampton,South,Small Business
C03016,2024-03-26,18,F,Peterborough,East,Consumer
C03017,19/02/2023,34,Other,Cambridge,East,Consumer
C03018,2023-11-14,67,M,Newcastle,North,Consumer
C03019,2023-09-12,49,F,Ipswich,East,Consumer
C03020,12/06/2023,37,M,bristol,West,Consumer
C03021,2024-07-27,28,F,Norwich,East,Small Business
C03022,2024-03-11,55,F,bath,West,Consumer
C03023,2025-08-25,61,,Newcastle,North,Home Office
C03024,2025-10-25,26,M,,West,Consumer
C03025,24/03/2023,27,F,  Sheffield ,North,Corporate
C03026,2022-08-31,45,F,coventry,Central,Small Business
C03027,2025-04-24,46,M,  Southampton ,South,Home Office
C03028,2025-12-25,47,F,peterborough,East,Small Business
C03029,2025-07-26,65,F,colchester,East,Consumer
C03030,2022-03-21,28,F,READING,South,Small Business
C03031,2023-05-13,42,M,OXFORD,South,Small Business
C03032,2022-05-07,50,F,newcastle,North,Small Business
C03033,2025-06-06,50,F,CAMBRIDGE,East,Consumer
C03034,2024-08-14,33,,derby,Central,Home Office
C03035,18/05/2024,33,F,Southampton,South,Home Office
C03036,2024-07-11,35,F,  Colchester ,East,Consumer
C03037,15/05/2023,63,M,  Bath ,West,Corporate
C03038,2024-09-09,28,M,Ipswich,East,Consumer
C03039,07/04/2022,37,M,Bath,West,Small Business
C03040,04/11/2024,51,F,Brighton,South,Corporate
C03041,2025-02-22,27,F,brighton,South,Consumer
C03042,2024-12-08,44,F,Newcastle,North,Home Office
C03043,2023-09-11,18,M,sheffield,North,Consumer
C03044,2025-06-12,44,M,Ipswich,East,Corporate
C03045,2025-01-30,42,F,Bristol,West,Small Business
C03046,22/10/2022,43,M,sheffield,North,Consumer
C03047,2023-02-13,30,F,Leicester,Central,Corporate
C03048,2024-10-24,44,M,BRIGHTON,South,Home Office
C03049,2023-07-10,40,M,Southampton,South,Consumer
C03050,2022-10-06,58,F,,Central,Corporate
C03051,2022-12-08,49,F,Coventry,Central,Home Office
C03052,2022-12-26,22,F,Peterborough,East,Corporate
C03053,01/04/2024,30,F,Reading,South,Consumer
C03054,2024-09-17,33,M,Newcastle,North,Small Business
C03055,2023-01-13,43,F,Reading,South,Consumer
C03056,2025-01-26,39,M,Bath,West,Consumer
C03057,2023-06-27,39,F,  Oxford ,South,Corporate
C03058,2023-08-12,78,F,Bath,West,Small Business
C03059,2023-03-31,34,F,Sheffield,North,Consumer
C03060,24/04/2025,59,F,Colchester,East,Corporate
C03061,15/11/2025,39,M,Brighton,South,Consumer
C03062,2024-04-20,18,M,IPSWICH,East,Home Office
C03063,2022-05-04,43,F,Peterborough,East,Home Office
C03064,27/05/2023,56,F,  Derby ,Central,Home Office
C03065,2022-12-13,49,M,Nottingham,Central,Consumer
C03066,2025-07-02,44,F,cardiff,West,Small Business
C03067,2022-08-02,41,F,Leeds,North,Consumer
C03068,2025-11-23,35,F,Birmingham,Central,Home Office
C03069,2024-08-24,53,F,NOTTINGHAM,Central,Small Business
C03070,2024-05-24,35,M,derby,Central,Corporate
C03071,2025-07-07,33,M,NORWICH,East,Home Office
C03072,31/03/2022,46,F,Newcastle,North,Home Office
C03073,2025-04-14,37,F,  Plymouth ,West,Consumer
C03074,2022-10-01,58,M,Reading,South,Home Office
C03075,29/06/2025,47,F,OXFORD,South,Home Office
C03076,2024-06-08,31,Other,Oxford,South,Consumer
C03077,2022-06-15,26,M,Peterborough,East,Consumer
C03078,2025-06-20,34,M,Oxford,South,Small Business
C03079,2022-03-30,71,F,EXETER,West,Corporate
C03080,2022-11-09,38,M,EXETER,West,Home Office
C03081,2025-05-09,51,F,Peterborough,East,Small Business
C03082,2024-03-14,24,M,manchester,North,Consumer
C03083,2025-08-16,27,,NOTTINGHAM,Central,Small Business
C03084,22/10/2024,39,M,Southampton,South,Consumer
C03085,2024-10-07,63,F,Reading,South,Consumer
C03086,2023-07-14,24,F,colchester,East,Small Business
C03087,2022-11-01,33,M,PORTSMOUTH,South,Home Office
C03088,2025-11-17,53,F,Cardiff,West,Small Business
C03089,09/09/2022,62,M,Newcastle,North,Consumer
C03090,2024-06-07,47,F,nottingham,Central,Consumer
C03091,15/06/2023,50,M,Manchester,North,Consumer
C03092,2023-06-02,29,F,derby,Central,Home Office
C03093,2024-08-31,24,M,Colchester,East,Consumer
C03094,2025-05-09,,F,MANCHESTER,North,Consumer
C03095,2025-04-14,30,M,cambridge,East,Small Business
C03096,2025-08-01,44,M,Reading,South,Consumer
C03097,2023-07-15,25,F,Nottingham,Central,Consumer
C03098,15/03/2024,44,M,bath,West,Consumer
C03099,2022-02-08,37,M,Norwich,East,Consumer
C03100,2025-03-09,34,F,Southampton,South,Consumer
C03101,2023-07-29,53,F,COVENTRY,Central,Consumer
C03102,20/07/2024,29,M,CARDIFF,West,Consumer
C03103,2023-01-01,60,M,  Colchester ,East,Home Office
C03104,04/06/2025,52,F,Reading,South,Consumer
C03105,01/06/2025,28,M,READING,South,Consumer
C03106,2025-08-11,57,F,Bristol,West,Home Office
C03107,2022-05-13,27,F,Colchester,East,Consumer
C03108,2025-12-22,58,M,  Plymouth ,West,Consumer
C03109,08/05/2023,45,F,Peterborough,East,Home Office
C03110,2023-08-09,20,M,Ipswich,East,Home Office
C03111,2023-05-10,24,F,ipswich,East,Corporate
C03112,2023-06-07,36,F,bath,West,Home Office
C03113,08/07/2024,52,M,,South,Consumer
C03114,2023-04-25,39,F,bristol,West,Consumer
C03115,2023-12-08,38,M,Portsmouth,South,Home Office
C03116,2024-11-16,42,M,Cardiff,West,Small Business
C03117,24/06/2025,18,M,Derby,Central,Consumer
C03118,2025-01-01,52,M,exeter,West,Home Office
C03119,2024-08-31,58,M,Brighton,South,Small Business
C03120,25/11/2022,51,F,  Bath ,West,Corporate
C03121,2025-05-31,35,M,Manchester,North,Small Business
C03122,2022-04-23,29,,Leeds,North,Consumer
C03123,2023-06-02,27,M,Plymouth,West,Consumer
C03124,06/06/2022,26,M,  Plymouth ,West,Consumer
C03125,2024-12-01,70,F,York,North,Corporate
C03126,2023-11-02,40,M,nottingham,Central,Small Business
C03127,2024-11-12,53,F,brighton,South,Home Office
C03128,2023-10-02,52,M,Leicester,Central,Small Business
C03129,2024-03-02,43,F,plymouth,West,Consumer
C03130,2024-03-05,29,F,DERBY,Central,Consumer
C03131,2022-05-12,48,M,Cardiff,West,Home Office
C03132,27/01/2024,27,M,nottingham,Central,Consumer
C03133,2024-10-29,49,M,Colchester,East,Consumer
C03134,30/06/2024,28,M,sheffield,North,Small Business
C03135,2022-07-14,35,M,Portsmouth,South,Corporate
C03136,2024-12-02,35,M,Plymouth,West,Consumer
C03137,2023-08-08,59,M,Sheffield,North,Home Office
C03138,24/02/2022,18,F,NOTTINGHAM,Central,Consumer
C03139,09/12/2022,71,M,manchester,North,Consumer
C03140,27/04/2024,31,F,  Nottingham ,Central,Home Office
C03141,2023-08-10,39,M,Norwich,East,Home Office
C03142,04/01/2025,46,M,BATH,West,Consumer
C03143,27/04/2023,45,M,leicester,Central,Consumer
C03144,2025-04-09,52,M,OXFORD,South,Consumer
C03145,2023-07-06,49,M,Exeter,West,Consumer
C03146,2024-10-04,67,F,leeds,North,Home Office
C03147,2025-05-11,51,M,Bath,West,Consumer
C03148,2023-11-26,39,F,bath,West,Consumer
C03149,2022-05-15,,F,oxford,South,Small Business
C03150,2024-06-16,33,F,York,North,Consumer
C03151,26/12/2025,58,M,Oxford,South,Consumer
C03152,2025-11-26,64,F,SHEFFIELD,North,Consumer
C03153,2023-03-27,54,M,plymouth,West,Consumer
C03154,19/03/2025,18,F,Reading,South,Consumer
C03155,30/09/2023,18,F,Leicester,Central,Corporate
C03156,2022-12-17,41,F,Coventry,Central,Small Business
C03157,29/11/2024,39,F,Nottingham,Central,Small Business
C03158,2024-05-01,41,M,Ipswich,East,Small Business
C03159,21/06/2024,57,F,reading,South,Corporate
C03160,13/06/2025,57,F,Plymouth,West,Consumer
C03161,2023-09-17,43,F,Cardiff,West,Consumer
C03162,2024-12-01,21,M,Nottingham,Central,Home Office
C03163,2023-10-30,25,M,Portsmouth,South,Corporate
C03164,2022-05-06,42,F,Leeds,North,Home Office
C03165,16/11/2023,46,M,derby,Central,Small Business
C03166,04/11/2025,25,F,BATH,West,Home Office
C03167,2024-04-08,50,M,York,North,Corporate
C03168,16/09/2022,18,M,Bristol,West,Small Business
C03169,2024-12-26,18,F,Sheffield,North,Consumer
C03170,2025-11-19,30,F,COLCHESTER,East,Consumer
C03171,16/09/2025,59,F,BRIGHTON,South,Consumer
C03172,2024-08-02,61,F,brighton,South,Small Business
C03173,2023-11-13,20,F,OXFORD,South,Consumer
C03174,13/08/2024,21,F,  Brighton ,South,Consumer
C03175,2025-05-31,51,F,colchester,East,Small Business
C03176,2025-07-23,35,F,  Brighton ,South,Corporate
C03177,2025-06-03,59,F,ipswich,East,Home Office
C03178,2024-03-02,,F,norwich,East,Home Office
C03179,2022-10-05,53,F,Bath,West,Consumer
C03180,2024-07-30,,M,Plymouth,West,Consumer
C03181,2022-12-10,47,F,Brighton,South,Consumer
C03182,15/06/2022,67,F,Newcastle,North,Consumer
C03183,2024-04-28,43,M,Cardiff,West,Consumer
C03184,16/11/2024,40,F,Birmingham,Central,Consumer
C03185,2025-07-15,35,F,leicester,Central,Small Business
C03186,2025-04-21,20,M,Leicester,Central,Consumer
C03187,19/07/2025,27,F,norwich,East,Consumer
C03188,2025-03-25,29,M,leicester,Central,Small Business
C03189,14/01/2025,20,M,southampton,South,Consumer
C03190,11/02/2022,21,M,Cardiff,West,Consumer
C03191,2024-10-10,18,M,  Birmingham ,Central,Consumer
C03192,2022-10-08,31,F,Plymouth,West,Consumer
C03193,2022-06-10,50,F,Southampton,South,Small Business
C03194,2022-12-10,37,F,Southampton,South,Consumer
C03195,2025-06-09,37,F,READING,South,Consumer
C03196,2025-03-05,51,M,Reading,South,Home Office
C03197,2025-11-02,63,M,Bristol,West,Consumer
C03198,2025-12-07,71,F,Plymouth,West,Consumer
C03199,2025-08-30,43,M,Southampton,South,Consumer
C03200,2022-10-31,37,F,Exeter,West,Home Office
C03201,2025-08-13,36,Other,Oxford,South,Small Business
C03202,2025-06-27,49,F,colchester,East,Small Business
C03203,2025-08-04,39,M,reading,South,Consumer
C03204,2022-12-02,39,M,Colchester,East,Home Office
C03205,2022-10-01,40,M,,West,Consumer
C03206,2025-10-04,29,M,  Cardiff ,West,Consumer
C03207,2023-01-09,18,M,Exeter,West,Consumer
C03208,02/11/2023,32,M,SOUTHAMPTON,South,Consumer
C03209,2024-03-02,60,M,Plymouth,West,Small Business
C03210,2022-10-15,59,F,newcastle,North,Consumer
C03211,2022-03-13,53,M,Colchester,East,Consumer
C03212,2025-12-24,35,M,Cambridge,East,Consumer
C03213,2025-08-11,31,F,Exeter,West,Corporate
C03214,2025-09-21,62,F,Birmingham,Central,Consumer
C03215,03/07/2023,27,F,  Reading ,South,Corporate
C03216,25/03/2023,42,F,bath,West,Small Business
C03217,2024-01-21,63,,brighton,South,Home Office
C03218,28/02/2024,43,M,ipswich,East,Home Office
C03219,2022-01-27,37,F,Cardiff,West,Consumer
C03220,2025-04-17,56,M,Bath,West,Home Office
C03221,2025-12-27,42,F,EXETER,West,Home Office
C03222,2024-06-07,44,M,Exeter,West,Small Business
C03223,2023-11-30,61,M,Portsmouth,South,Consumer
C03224,06/12/2023,18,F,BIRMINGHAM,Central,Consumer
C03225,24/08/2022,46,F,  Derby ,Central,Small Business
C03226,2023-06-05,31,M,SOUTHAMPTON,South,Consumer
C03227,2024-05-03,38,M,Leeds,North,Consumer
C03228,29/01/2024,42,F,Reading,South,Consumer
C03229,28/06/2024,32,M,bath,West,Home Office
C03230,2025-07-09,44,F,Derby,Central,Small Business
C03231,2023-04-02,46,M,Cardiff,West,Small Business
C03232,2022-03-31,44,M,Oxford,South,Consumer
C03233,2022-04-25,42,F,MANCHESTER,North,Consumer
C03234,2022-11-02,39,M,Norwich,East,Small Business
C03235,2024-07-31,40,M,reading,South,Corporate
C03236,2025-05-22,42,F,  Sheffield ,North,Corporate
C03237,2025-08-22,29,M,York,North,Consumer
C03238,2024-10-22,58,F,Sheffield,North,Consumer
C03239,21/12/2023,40,F,Leeds,North,Home Office
C03240,2022-12-07,36,Other,Plymouth,West,Home Office
C03241,18/12/2023,46,M,portsmouth,South,Small Business
C03242,2023-09-11,40,F,Brighton,South,Home Office
C03243,2025-08-03,57,M,Cambridge,East,Corporate
C03244,13/04/2024,53,M,  Derby ,Central,Small Business
C03245,2023-04-04,42,M,,West,Consumer
C03246,2023-07-09,53,F,,West,Home Office
C03247,2022-11-06,44,M,Bath,West,Home Office
C03248,2025-09-28,26,M,Bath,West,Consumer
C03249,2022-05-23,53,M,EXETER,West,Consumer
C03250,19/02/2022,18,F,colchester,East,Consumer
C03251,2023-01-24,18,Other,norwich,East,Consumer
C03252,2025-05-25,50,F,IPSWICH,East,Consumer
C03253,2024-05-31,47,M,reading,South,Consumer
C03254,2024-10-10,46,F,southampton,South,Small Business
C03255,2023-10-18,59,M,brighton,South,Small Business
C03256,2022-07-01,41,M,Oxford,South,Consumer
C03257,17/07/2025,36,M,Colchester,East,Home Office
C03258,2023-02-08,51,F,Colchester,East,Consumer
C03259,13/04/2022,32,M,NEWCASTLE,North,Consumer
C03260,2024-08-03,38,F,portsmouth,South,Small Business
C03261,30/07/2022,44,F,brighton,South,Home Office
C03262,2022-08-23,45,M,cardiff,West,Small Business
C03263,2025-05-12,37,M,Portsmouth,South,Consumer
C03264,2024-04-19,35,M,York,North,Consumer
C03265,2023-04-28,26,F,Leeds,North,Consumer
C03266,05/10/2023,31,M,PETERBOROUGH,East,Consumer
C03267,2025-02-15,65,F,Manchester,North,Small Business
C03268,2022-06-26,38,F,ipswich,East,Consumer
C03269,2022-10-01,43,M,  Norwich ,East,Small Business
C03270,28/09/2024,22,M,BIRMINGHAM,Central,Small Business
C03271,2024-09-16,74,F,Bristol,West,Consumer
C03272,2025-11-30,30,F,Sheffield,North,Consumer
C03273,2023-11-11,26,F,Oxford,South,Consumer
C03274,23/06/2022,40,F,Bristol,West,Consumer
C03275,2024-06-19,29,,portsmouth,South,Home Office
C03276,2024-10-26,46,F,Coventry,Central,Consumer
C03277,2022-11-11,21,F,Norwich,East,Home Office
C03278,09/07/2024,56,F,YORK,North,Corporate
C03279,17/02/2023,53,M,Southampton,South,Small Business
C03280,2025-07-04,39,F,  Coventry ,Central,Corporate
C03281,2025-06-23,19,F,  Birmingham ,Central,Small Business
C03282,2024-01-26,30,M,Plymouth,West,Small Business
C03283,2025-11-23,42,M,PORTSMOUTH,South,Home Office
C03284,08/12/2025,25,F,Bath,West,Consumer
C03285,2022-10-24,27,M,Leeds,North,Corporate
C03286,01/11/2023,55,M,Portsmouth,South,Small Business
C03287,2024-09-08,43,M,plymouth,West,Consumer
C03288,02/08/2022,43,F,Coventry,Central,Consumer
C03289,2023-11-22,48,F,Brighton,South,Consumer
C03290,2023-05-28,39,F,colchester,East,Consumer
C03291,2025-11-06,40,F,york,North,Corporate
C03292,02/01/2024,47,F,Southampton,South,Small Business
C03293,2025-03-28,52,F,Sheffield,North,Small Business
C03294,28/11/2023,47,F,Cardiff,West,Consumer
C03295,2022-10-29,60,F,NEWCASTLE,North,Small Business
C03296,2025-07-26,41,F,Bath,West,Small Business
C03297,04/01/2022,23,F,Reading,South,Corporate
C03298,2022-06-04,55,M,PETERBOROUGH,East,Small Business
C03299,27/10/2023,38,M,Portsmouth,South,Consumer
C03300,2024-12-25,31,Other,brighton,South,Corporate
C03301,2023-09-25,50,F,Ipswich,East,Small Business
C03302,2022-06-26,46,F,Plymouth,West,Corporate
C03303,2023-08-21,24,F,Derby,Central,Small Business
C03304,2023-05-03,50,M,Southampton,South,Consumer
C03305,26/01/2022,65,F,cambridge,East,Consumer
C03306,2024-06-15,45,M,Nottingham,Central,Corporate
C03307,2022-10-01,38,M,portsmouth,South,Consumer
C03308,2023-07-07,19,F,exeter,West,Home Office
C03309,29/10/2024,68,F,  Coventry ,Central,Consumer
C03310,10/02/2025,34,M,exeter,West,Home Office
C03311,2023-06-01,23,M,Ipswich,East,Corporate
C03312,2023-09-07,42,M,CARDIFF,West,Consumer
C03313,2023-05-06,54,F,Colchester,East,Small Business
C03314,2025-11-12,57,F,Cambridge,East,Home Office
C03315,2023-02-06,32,M,  Derby ,Central,Small Business
C03316,2023-01-25,,F,Portsmouth,South,Small Business
C03317,2024-02-16,41,M,Bath,West,Home Office
C03318,04/02/2023,54,F,COLCHESTER,East,Consumer
C03319,2022-12-11,49,F,Sheffield,North,Home Office
C03320,2022-08-23,45,F,bath,West,Home Office
C03321,2024-10-28,53,M,Exeter,West,Consumer
C03322,2024-09-23,23,F,Cambridge,East,Home Office
C03323,2024-11-10,46,F,CARDIFF,West,Small Business
C03324,2025-04-10,44,F,SOUTHAMPTON,South,Consumer
C03325,2023-09-03,40,M,leicester,Central,Home Office
C03326,28/09/2025,38,F,Bath,West,Consumer
C03327,2025-02-20,43,M,BRISTOL,West,Consumer
C03328,2025-05-17,34,M,PORTSMOUTH,South,Consumer
C03329,2025-02-05,76,,Brighton,South,Consumer
C03330,2023-10-19,59,M,derby,Central,Corporate
C03331,2023-06-30,55,F,Sheffield,North,Corporate
C03332,2024-01-17,34,M,Reading,South,Small Business
C03333,26/08/2022,29,F,  Bath ,West,Consumer
C03334,2024-02-25,38,M,Exeter,West,Small Business
C03335,2022-05-07,42,M,Exeter,West,Small Business
C03336,2022-01-20,22,F,Exeter,West,Consumer
C03337,2025-10-13,47,F,Coventry,Central,Small Business
C03338,2024-12-28,55,F,  Cambridge ,East,Consumer
C03339,20/07/2024,18,F,CAMBRIDGE,East,Home Office
C03340,2023-09-24,29,M,  Exeter ,West,Consumer
C03341,2024-07-31,57,M,Exeter,West,Consumer
C03342,2025-08-28,46,F,Manchester,North,Consumer
C03343,12/11/2024,30,F,Brighton,South,Small Business
C03344,2024-09-10,51,Other,ipswich,East,Home Office
C03345,08/03/2024,33,F,  Bristol ,West,Corporate
C03346,01/10/2023,38,M,norwich,East,Home Office
C03347,2025-01-09,26,F,Plymouth,West,Consumer
C03348,2025-12-09,41,M,exeter,West,Home Office
C03349,20/01/2024,54,M,  Reading ,South,Consumer
C03350,06/12/2023,35,F,cambridge,East,Consumer
C03351,24/01/2024,49,M,cambridge,East,Corporate
C03352,2024-01-21,40,F,Leeds,North,Small Business
C03353,20/12/2025,55,F,Peterborough,East,Consumer
C03354,2025-01-19,35,M,Peterborough,East,Consumer
C03355,20/10/2023,61,M,Cardiff,West,Small Business
C03356,2023-11-06,50,M,Ipswich,East,Consumer
C03357,28/01/2024,44,M,Newcastle,North,Home Office
C03358,2022-04-22,45,F,peterborough,East,Home Office
C03359,2024-06-06,35,F,Bristol,West,Small Business
C03360,2025-05-25,34,F,ipswich,East,Home Office
C03361,23/11/2024,44,F,Southampton,South,Home Office
C03362,18/02/2023,25,F,Nottingham,Central,Consumer
C03363,2025-02-14,33,M,Newcastle,North,Consumer
C03364,2025-02-03,29,F,southampton,South,Consumer
C03365,2023-05-30,48,F,OXFORD,South,Home Office
C03366,2024-10-06,,M,Cardiff,West,Consumer
C03367,2024-09-21,57,M,exeter,West,Home Office
C03368,2025-06-28,37,M,Leeds,North,Consumer
C03369,2022-11-05,30,M,bath,West,Consumer
C03370,2023-02-13,22,F,Cardiff,West,Consumer
C03371,12/04/2024,45,F,Leicester,Central,Consumer
C03372,09/05/2022,59,M,Coventry,Central,Small Business
C03373,2024-01-07,40,M,BATH,West,Corporate
C03374,2025-04-28,41,M,Leeds,North,Consumer
C03375,27/11/2022,41,M,OXFORD,South,Small Business
C03376,2024-03-08,44,F,Derby,Central,Consumer
C03377,2025-12-19,54,F,Cambridge,East,Consumer
C03378,2024-05-08,66,M,Colchester,East,Consumer
C03379,28/04/2024,47,M,Derby,Central,Corporate
C03380,2024-07-16,48,F,Birmingham,Central,Consumer
C03381,29/01/2023,38,M,Cardiff,West,Consumer
C03382,25/11/2022,40,Other,Coventry,Central,Consumer
C03383,2024-12-13,39,F,Newcastle,North,Consumer
C03384,11/12/2023,36,F,Bath,West,Home Office
C03385,2023-07-11,43,F,Nottingham,Central,Consumer
C03386,09/04/2022,49,F,Leeds,North,Consumer
C03387,2025-07-06,42,M,York,North,Small Business
C03388,2022-04-11,37,M,Bristol,West,Consumer
C03389,2025-03-13,43,F,cambridge,East,Consumer
C03390,21/11/2023,29,M,Newcastle,North,Home Office
C03391,06/09/2024,51,F,Portsmouth,South,Consumer
C03392,08/05/2023,36,M,reading,South,Home Office
C03393,2022-12-09,26,M,portsmouth,South,Consumer
C03394,13/06/2024,47,M,Birmingham,Central,Home Office
C03395,2025-01-05,48,F,plymouth,West,Consumer
C03396,2023-02-14,30,M,  Bristol ,West,Consumer
C03397,2024-02-05,49,M,York,North,Corporate
C03398,2024-02-16,49,M,  Oxford ,South,Consumer
C03399,2023-03-19,67,M,READING,South,Home Office
C03400,2024-07-24,38,M,CARDIFF,West,Home Office
C03401,2022-11-22,40,F,Leicester,Central,Corporate
C03402,13/05/2024,,F,oxford,South,Consumer
C03403,25/09/2022,47,F,Derby,Central,Small Business
C03404,11/04/2024,41,M,Newcastle,North,Home Office
C03405,2023-08-12,54,M,Portsmouth,South,Corporate
C03406,26/02/2024,35,M,plymouth,West,Home Office
C03407,2024-02-01,47,F,oxford,South,Home Office
C03408,16/09/2025,38,M,Birmingham,Central,Small Business
C03409,2024-04-17,18,F,YORK,North,Small Business
C03410,2025-06-03,49,F,Plymouth,West,Corporate
C03411,03/04/2023,18,M,sheffield,North,Corporate
C03412,10/10/2023,39,M,Sheffield,North,Consumer
C03413,2022-07-14,39,F,Reading,South,Consumer
C03414,2024-01-14,41,M,COVENTRY,Central,Small Business
C03415,2024-12-03,42,M,norwich,East,Consumer
C03416,26/06/2025,41,F,norwich,East,Consumer
C03417,2024-07-25,46,M,manchester,North,Small Business
C03418,28/10/2024,40,F,  Newcastle ,North,Small Business
C03419,2023-01-15,75,M,York,North,Consumer
C03420,2022-04-23,37,M,plymouth,West,Consumer
C03421,02/05/2025,25,F,Sheffield,North,Small Business
C03422,2022-12-29,23,F,oxford,South,Consumer
C03423,14/08/2022,50,F,Norwich,East,Small Business
C03424,20/10/2025,20,,colchester,East,Small Business
C03425,2025-11-19,25,M,Reading,South,Corporate
C03426,28/09/2024,23,M,Sheffield,North,Corporate
C03427,2023-11-16,47,F,SOUTHAMPTON,South,Corporate
C03428,2025-06-20,58,M,Bristol,West,Consumer
C03429,2023-03-01,29,M,Newcastle,North,Corporate
C03430,26/01/2024,46,F,Cardiff,West,Small Business
C03431,17/10/2023,18,F,York,North,Home Office
C03432,2025-09-22,31,F,derby,Central,Consumer
C03433,2025-09-30,49,F,Leicester,Central,Small Business
C03434,2024-11-10,37,F,Manchester,North,Consumer
C03435,2022-09-20,54,F,Cambridge,East,Consumer
C03436,2024-04-07,18,M,oxford,South,Consumer
C03437,2023-05-04,31,F,  Plymouth ,West,Consumer
C03438,2025-08-20,47,F,Peterborough,East,Consumer
C03439,2022-11-09,47,M,Peterborough,East,Consumer
C03440,2022-06-01,48,M,Manchester,North,Consumer
C03441,16/01/2025,44,F,Leeds,North,Small Business
C03442,2024-02-28,26,M,Cardiff,West,Consumer
C03443,2025-06-26,31,F,Ipswich,East,Small Business
C03444,2022-07-13,71,F,Bath,West,Home Office
C03445,13/05/2025,25,F,CARDIFF,West,Small Business
C03446,23/04/2022,23,F,Cambridge,East,Consumer
C03447,2022-04-01,50,F,peterborough,East,Consumer
C03448,2024-03-09,27,M,Birmingham,Central,Home Office
C03449,2023-03-27,64,M,  Cardiff ,West,Corporate
C03450,2024-08-30,77,F,Birmingham,Central,Home Office
C03451,26/03/2022,38,F,LEICESTER,Central,Consumer
C03452,19/04/2022,45,F,Reading,South,Home Office
C03453,2025-02-13,18,M,  Bristol ,West,Consumer
C03454,2023-03-09,54,M,  Bath ,West,Consumer
C03455,2024-11-17,18,F,manchester,North,Home Office
C03456,12/03/2025,24,M,Ipswich,East,Consumer
C03457,2022-06-11,43,F,Southampton,South,Small Business
C03458,2025-04-05,48,M,Peterborough,East,Consumer
C03459,2023-06-08,22,F,Sheffield,North,Consumer
C03460,2023-12-02,34,M,BATH,West,Consumer
C03461,2022-08-06,19,M,BRISTOL,West,Consumer
C03462,2025-06-27,37,M,Ipswich,East,Consumer
C03463,19/07/2024,31,M,  Sheffield ,North,Consumer
C03464,06/05/2024,33,F,Cambridge,East,Home Office
C03465,2025-11-25,49,F,  Manchester ,North,Consumer
C03466,2023-09-14,45,M,southampton,South,Small Business
C03467,2025-08-27,48,M,PORTSMOUTH,South,Consumer
C03468,2025-02-04,39,M,Derby,Central,Consumer
C03469,10/10/2025,50,M,Reading,South,Consumer
C03470,2025-09-16,41,F,ipswich,East,Consumer
C03471,21/12/2025,35,M,Derby,Central,Small Business
C03472,2022-10-28,48,M,Portsmouth,South,Consumer
C03473,2025-05-07,35,F,  Birmingham ,Central,Small Business
C03474,2025-05-17,37,F,NEWCASTLE,North,Home Office
C03475,2024-11-02,55,F,  Portsmouth ,South,Consumer
C03476,2023-06-24,54,F,  Manchester ,North,Home Office
C03477,2025-11-21,37,M,Cambridge,East,Home Office
C03478,2023-02-28,52,M,leicester,Central,Consumer
C03479,30/04/2024,24,M,Bath,West,Corporate
C03480,2024-05-29,37,M,Peterborough,East,Consumer
C03481,2022-12-20,31,M,READING,South,Consumer
C03482,2025-02-07,41,M,  Derby ,Central,Home Office
C03483,2022-08-10,51,F,norwich,East,Consumer
C03484,2025-01-02,,F,oxford,South,Consumer
C03485,2025-07-09,46,M,Leicester,Central,Consumer
C03486,2023-10-06,43,F,reading,South,Consumer
C03487,2025-01-22,39,F,PORTSMOUTH,South,Consumer
C03488,11/12/2022,57,M,manchester,North,Consumer
C03489,2025-07-05,21,M,leeds,North,Home Office
C03490,2025-11-06,32,F,Bristol,West,Consumer
C03491,04/12/2022,46,M,Norwich,East,Consumer
C03492,2024-12-31,61,M,Coventry,Central,Consumer
C03493,08/05/2024,37,M,Manchester,North,Home Office
C03494,2024-06-11,38,M,Cambridge,East,Consumer
C03495,18/01/2025,24,F,Plymouth,West,Home Office
C03496,2024-04-15,34,M,cambridge,East,Consumer
C03497,2024-09-08,50,M,peterborough,East,Consumer
C03498,2023-04-11,62,F,Ipswich,East,Home Office
C03499,16/11/2023,37,,PLYMOUTH,West,Consumer
C03500,2025-07-28,31,M,Cardiff,West,Consumer
C03501,2022-09-19,42,M,OXFORD,South,Home Office
C03502,04/09/2024,20,M,Ipswich,East,Consumer
C03503,26/01/2023,57,F,ipswich,East,Home Office
C03504,2025-07-06,25,F,Reading,South,Home Office
C03505,2024-08-11,45,F,sheffield,North,Consumer
C03506,21/12/2023,45,F,Derby,Central,Consumer
C03507,11/05/2023,49,F,SHEFFIELD,North,Home Office
C03508,2024-02-05,44,M,Leeds,North,Home Office
C03509,2025-11-12,41,F,Cambridge,East,Corporate
C03510,12/05/2024,47,M,  Sheffield ,North,Consumer
C03511,21/03/2024,52,F,York,North,Consumer
C03512,08/03/2025,64,F,sheffield,North,Home Office
C03513,2023-11-17,27,F,Newcastle,North,Consumer
C03514,2024-01-23,18,F,Reading,South,Consumer
C03515,2023-09-18,21,F,Plymouth,West,Consumer
C03516,2022-12-01,18,M,Brighton,South,Consumer
C03517,2025-01-27,25,F,Oxford,South,Consumer
C03518,2025-08-06,24,M,Peterborough,East,Home Office
C03519,2025-09-13,36,F,Reading,South,Consumer
C03520,2025-08-15,52,F,portsmouth,South,Home Office
C03521,2024-02-26,49,M,PORTSMOUTH,South,Consumer
C03522,2023-07-02,33,F,BRIGHTON,South,Consumer
C03523,2024-10-25,34,F,Reading,South,Home Office
C03524,09/11/2025,67,F,leeds,North,Consumer
C03525,2025-02-13,49,M,derby,Central,Corporate
C03526,23/04/2024,43,F,Nottingham,Central,Consumer
C03527,28/12/2024,43,F,,West,Home Office
C03528,2025-04-09,37,M,Sheffield,North,Small Business
C03529,2025-09-29,5,M,bristol,West,Small Business
C03530,29/03/2025,39,M,Peterborough,East,Home Office
C03531,2024-01-31,43,,York,North,Corporate
C03532,2023-06-16,20,M,leicester,Central,Corporate
C03533,30/04/2024,33,M,Exeter,West,Home Office
C03534,2023-09-05,34,F,York,North,Consumer
C03535,26/10/2025,47,M,BIRMINGHAM,Central,Corporate
C03536,2024-05-11,31,M,york,North,Consumer
C03537,24/03/2024,42,F,peterborough,East,Consumer
C03538,2023-10-04,33,M,leeds,North,Home Office
C03539,2024-10-27,27,F,York,North,Home Office
C03540,2024-05-27,26,M,Nottingham,Central,Corporate
C03541,2022-10-24,39,M,Colchester,East,Home Office
C03542,02/08/2025,42,F,brighton,South,Small Business
C03543,2023-10-20,38,F,Bristol,West,Consumer
C03544,2024-01-30,30,F,BIRMINGHAM,Central,Consumer
C03545,2023-03-02,39,F,,Central,Home Office
C03546,2024-07-09,37,M,Nottingham,Central,Small Business
C03547,2025-01-13,27,F,Nottingham,Central,Corporate
C03548,2025-08-16,42,F,Ipswich,East,Small Business
C03549,2022-05-26,,F,  Oxford ,South,Corporate
C03550,01/12/2025,39,F,Coventry,Central,Consumer
C03551,2025-01-15,22,M,  Sheffield ,North,Small Business
C03552,2023-07-02,60,M,sheffield,North,Consumer
C03553,2023-02-28,57,M,Southampton,South,Consumer
C03554,2023-07-20,60,F,Southampton,South,Small Business
C03555,09/08/2025,40,M,norwich,East,Consumer
C03556,2023-07-13,31,F,  Derby ,Central,Consumer
C03557,2024-03-12,29,F,norwich,East,Small Business
C03558,2025-01-17,56,M,CAMBRIDGE,East,Corporate
C03559,05/08/2025,62,F,OXFORD,South,Consumer
C03560,20/11/2024,29,F,Bath,West,Home Office
C03561,2025-03-16,18,F,Sheffield,North,Consumer
C03562,2023-01-08,41,M,Sheffield,North,Corporate
C03563,2025-08-11,29,F,  Bristol ,West,Small Business
C03564,2023-06-19,32,M,Norwich,East,Small Business
C03565,2022-10-22,38,F,READING,South,Consumer
C03566,2025-12-04,46,F,Oxford,South,Home Office
C03567,2023-02-24,31,M,Leeds,North,Corporate
C03568,2022-11-06,43,M,Bath,West,Consumer
C03569,10/10/2024,39,M,Reading,South,Small Business
C03570,2023-08-23,18,F,Oxford,South,Consumer
C03571,2022-10-31,48,M,NOTTINGHAM,Central,Consumer
C03572,09/09/2024,35,M,Plymouth,West,Consumer
C03573,2025-03-23,25,Other,Manchester,North,Consumer
C03574,2025-05-04,32,M,bath,West,Consumer
C03575,2022-12-09,44,F,Newcastle,North,Home Office
C03576,2024-07-14,42,M,  Sheffield ,North,Consumer
C03577,2025-05-28,49,F,bath,West,Small Business
C03578,2022-12-18,47,M,york,North,Consumer
C03579,05/03/2023,26,M,Portsmouth,South,Consumer
C03580,2022-01-14,18,F,Nottingham,Central,Consumer
C03581,02/06/2024,43,F,  Bristol ,West,Consumer
C03582,2023-02-12,49,F,Nottingham,Central,Corporate
C03583,2025-02-09,38,F,Derby,Central,Consumer
C03584,2025-11-18,50,F,Oxford,South,Small Business
C03585,2023-03-07,28,M,PETERBOROUGH,East,Home Office
C03586,2024-11-08,37,F,Southampton,South,Home Office
C03587,12/03/2023,29,F,plymouth,West,Consumer
C03588,2022-03-06,50,M,Portsmouth,South,Consumer
C03589,23/03/2025,29,F,  Leeds ,North,Consumer
C03590,2024-02-01,68,M,Leeds,North,Small Business
C03591,2025-10-31,34,F,Exeter,West,Home Office
C03592,14/06/2024,51,M,York,North,Home Office
C03593,2022-12-12,35,M,ipswich,East,Consumer
C03594,2024-02-23,58,F,Exeter,West,Home Office
C03595,2023-02-26,58,F,cardiff,West,Home Office
C03596,2025-08-12,37,F,Portsmouth,South,Consumer
C03597,2024-12-30,45,F,York,North,Consumer
C03598,2023-09-24,58,F,Nottingham,Central,Home Office
C03599,2024-06-06,45,M,norwich,East,Consumer
C03600,2024-12-04,29,M,  Southampton ,South,Corporate
C03601,2025-04-21,42,F,Coventry,Central,Corporate
C03602,2022-07-24,,M,,North,Consumer
C03603,2022-03-18,43,F,  Brighton ,South,Consumer
C03604,2022-09-27,31,F,  Sheffield ,North,Home Office
C03605,2023-12-09,46,F,Sheffield,North,Home Office
C03606,17/03/2024,18,F,portsmouth,South,Corporate
C03607,2022-11-06,26,F,BRISTOL,West,Consumer
C03608,2024-01-01,31,F,Brighton,South,Small Business
C03609,12/02/2024,39,F,plymouth,West,Corporate
C03610,2022-09-17,21,M,CARDIFF,West,Home Office
C03611,2025-09-26,30,M,Nottingham,Central,Corporate
C03612,2024-09-06,51,M,Sheffield,North,Small Business
C03613,30/11/2023,53,F,Exeter,West,Consumer
C03614,09/05/2024,18,M,York,North,Consumer
C03615,2023-08-16,33,F,PLYMOUTH,West,Consumer
C03616,15/07/2025,58,F,brighton,South,Consumer
C03617,06/08/2024,46,F,Bath,West,Home Office
C03618,2024-04-23,46,F,  Leeds ,North,Consumer
C03619,2025-09-19,48,F,Bristol,West,Corporate
C03620,2025-06-26,29,M,Leeds,North,Home Office
C03621,2025-05-27,44,M,newcastle,North,Consumer
C03622,03/04/2023,47,F,  Ipswich ,East,Consumer
C03623,2022-12-05,42,M,  Southampton ,South,Consumer
C03624,2024-12-29,36,F,Cardiff,West,Consumer
C03625,19/03/2024,40,F,exeter,West,Consumer
C03626,21/12/2024,26,F,Colchester,East,Consumer
C03627,2025-03-25,49,F,Exeter,West,Consumer
C03628,2023-07-19,22,F,Cardiff,West,Consumer
C03629,2023-07-03,30,F,derby,Central,Small Business
C03630,18/04/2024,50,F,York,North,Consumer
C03631,2023-06-16,45,M,colchester,East,Home Office
C03632,2024-12-01,35,M,bristol,West,Consumer
C03633,2025-03-09,19,Other,Manchester,North,Small Business
C03634,24/03/2024,40,F,Southampton,South,Corporate
C03635,2025-02-09,33,F,Reading,South,Consumer
C03636,2024-05-14,47,M,  Cambridge ,East,Consumer
C03637,26/01/2025,34,M,OXFORD,South,Small Business
C03638,2023-04-02,18,F,Exeter,West,Small Business
C03639,27/02/2025,23,M,Ipswich,East,Home Office
C03640,2025-01-29,35,M,BRISTOL,West,Small Business
C03641,06/06/2023,42,F,Oxford,South,Corporate
C03642,2024-07-13,26,M,Exeter,West,Consumer
C03643,16/07/2025,31,F,cardiff,West,Consumer
C03644,2023-05-10,51,F,Newcastle,North,Consumer
C03645,2025-02-23,55,F,Sheffield,North,Consumer
C03646,2025-11-08,45,M,Reading,South,Consumer
C03647,29/07/2025,37,F,NOTTINGHAM,Central,Consumer
C03648,2023-12-19,33,M,Southampton,South,Consumer
C03649,2024-09-16,48,F,  Manchester ,North,Consumer
C03650,2025-12-22,,F,Manchester,North,Home Office
C03651,2024-07-29,53,M,York,North,Home Office
C03652,2022-09-28,54,F,SOUTHAMPTON,South,Consumer
C03653,12/05/2022,46,M,PLYMOUTH,West,Small Business
C03654,30/04/2025,35,Other,Cambridge,East,Consumer
C03655,2024-01-18,36,M,Exeter,West,Consumer
C03656,2023-05-06,20,Other,Leeds,North,Small Business
C03657,2023-10-03,40,F,Norwich,East,Consumer
C03658,21/03/2025,40,M,Bristol,West,Consumer
C03659,2024-03-15,23,M,Exeter,West,Consumer
C03660,2025-08-01,72,M,bristol,West,Home Office
C03661,2025-02-22,48,F,reading,South,Consumer
C03662,01/12/2025,30,Other,colchester,East,Home Office
C03663,2025-08-24,68,F,Bristol,West,Consumer
C03664,2023-05-18,35,M,sheffield,North,Consumer
C03665,2024-11-21,52,M,bath,West,Corporate
C03666,13/03/2022,42,F,portsmouth,South,Home Office
C03667,21/12/2025,35,F,Sheffield,North,Small Business
C03668,28/05/2023,37,F,Bath,West,Small Business
C03669,28/11/2024,60,M,bath,West,Corporate
C03670,2025-07-09,52,M,Derby,Central,Consumer
C03671,2022-12-17,39,F,nottingham,Central,Consumer
C03672,08/07/2025,18,M,southampton,South,Small Business
C03673,2022-02-17,45,,  Exeter ,West,Consumer
C03674,2024-02-12,25,F,Derby,Central,Small Business
C03675,2024-03-24,48,F,Portsmouth,South,Home Office
C03676,2023-11-10,32,F,ipswich,East,Home Office
C03677,2024-08-21,33,F,  Nottingham ,Central,Consumer
C03678,2025-09-24,33,M,Sheffield,North,Home Office
C03679,04/09/2023,54,M,COVENTRY,Central,Consumer
C03680,2024-08-12,18,M,Colchester,East,Consumer
C03681,2025-08-11,51,F,birmingham,Central,Consumer
C03682,09/04/2025,45,M,Cambridge,East,Consumer
C03683,2022-05-01,40,F,Exeter,West,Consumer
C03684,26/10/2025,35,M,plymouth,West,Consumer
C03685,2022-05-15,47,Other,Leeds,North,Corporate
C03686,2024-08-24,35,M,Norwich,East,Consumer
C03687,07/08/2024,35,M,Derby,Central,Corporate
C03688,2025-04-25,42,F,coventry,Central,Corporate
C03689,27/11/2022,63,F,birmingham,Central,Home Office
C03690,2023-01-18,21,M,Cardiff,West,Small Business
C03691,2025-03-15,48,F,Norwich,East,Consumer
C03692,2022-11-29,39,M,Peterborough,East,Consumer
C03693,20/03/2024,38,F,Cambridge,East,Home Office
C03694,2025-02-18,,M,colchester,East,Consumer
C03695,2024-11-11,18,F,Leeds,North,Home Office
C03696,2023-03-10,45,F,Manchester,North,Home Office
C03697,2023-08-01,24,M,  Cambridge ,East,Consumer
C03698,2025-11-26,,M,  Oxford ,South,Consumer
C03699,2024-02-21,28,F,brighton,South,Home Office
C03700,10/05/2022,48,M,Sheffield,North,Home Office
C03701,25/03/2023,34,M,Exeter,West,Consumer
C03702,26/09/2023,33,M,,Central,Small Business
C03703,30/12/2025,29,F,Peterborough,East,Small Business
C03704,2023-07-30,47,M,DERBY,Central,Home Office
C03705,2022-03-28,50,M,Leicester,Central,Home Office
C03706,17/05/2024,37,M,Sheffield,North,Consumer
C03707,31/07/2022,49,M,YORK,North,Consumer
C03708,17/06/2023,41,F,Leeds,North,Home Office
C03709,2025-12-22,24,M,Leeds,North,Consumer
C03710,16/01/2025,46,,Cambridge,East,Consumer
C03711,2022-05-24,37,F,Brighton,South,Small Business
C03712,21/02/2024,18,M,derby,Central,Small Business
C03713,05/01/2023,36,M,Cambridge,East,Consumer
C03714,2022-10-13,19,M,Brighton,South,Consumer
C03715,2024-08-22,25,F,Derby,Central,Home Office
C03716,2024-05-08,38,F,Leicester,Central,Consumer
C03717,2025-03-04,40,F,Cardiff,West,Home Office
C03718,29/08/2025,30,F,cardiff,West,Consumer
C03719,2023-05-06,48,M,NOTTINGHAM,Central,Consumer
C03720,2025-10-04,40,M,Colchester,East,Consumer
C03721,2024-05-24,35,M,LEICESTER,Central,Home Office
C03722,2023-05-25,42,F,Manchester,North,Small Business
C03723,2025-07-05,57,M,colchester,East,Consumer
C03724,19/04/2022,18,M,COLCHESTER,East,Consumer
C03725,17/07/2024,58,M,LEEDS,North,Consumer
C03726,2025-02-06,33,M,Sheffield,North,Consumer
C03727,2023-06-26,31,F,Leeds,North,Consumer
C03728,2025-07-26,36,M,oxford,South,Consumer
C03729,26/04/2023,29,M,SHEFFIELD,North,Consumer
C03730,28/06/2025,27,M,brighton,South,Home Office
C03731,2022-07-21,52,M,Cardiff,West,Consumer
C03732,2022-12-16,43,F,ipswich,East,Consumer
C03733,2023-11-20,18,F,  Cardiff ,West,Consumer
C03734,15/07/2025,50,F,newcastle,North,Consumer
C03735,2022-11-20,48,F,Bath,West,Consumer
C03736,2025-08-09,22,F,  Manchester ,North,Consumer
C03737,10/04/2023,43,M,Brighton,South,Corporate
C03738,2024-02-27,49,M,Ipswich,East,Consumer
C03739,11/10/2023,20,F,Leicester,Central,Consumer
C03740,2022-10-04,45,M,birmingham,Central,Consumer
C03741,2025-10-28,32,F,Cardiff,West,Consumer
C03742,2024-02-07,48,F,bristol,West,Home Office
C03743,2024-12-29,,M,colchester,East,Consumer
C03744,2024-08-07,55,F,Plymouth,West,Consumer
C03745,2024-05-03,38,F,Manchester,North,Corporate
C03746,2024-09-28,33,M,Portsmouth,South,Home Office
C03747,2025-09-05,32,F,LEICESTER,Central,Small Business
C03748,2025-01-10,52,F,coventry,Central,Home Office
C03749,2024-06-12,32,M,Portsmouth,South,Consumer
C03750,2024-11-03,55,Other,oxford,South,Consumer
C03751,2024-09-15,44,F,York,North,Corporate
C03752,2024-01-31,23,F,ipswich,East,Consumer
C03753,09/10/2024,41,M,Manchester,North,Consumer
C03754,14/02/2024,42,M,cardiff,West,Small Business
C03755,2025-03-22,23,M,Sheffield,North,Corporate
C03756,2025-11-25,41,M,York,North,Consumer
C03757,2025-11-15,48,M,Southampton,South,Consumer
C03758,2025-06-06,56,F,Bath,West,Small Business
C03759,09/09/2024,55,M,southampton,South,Consumer
C03760,2025-03-12,72,F,colchester,East,Consumer
C03761,2023-01-16,41,M,Plymouth,West,Home Office
C03762,2024-04-02,48,M,Bristol,West,Corporate
C03763,2023-05-22,33,M,Oxford,South,Consumer
C03764,2022-01-19,65,F,,West,Corporate
C03765,2025-11-23,29,M,Oxford,South,Small Business
C03766,26/07/2025,65,F,plymouth,West,Small Business
C03767,2024-05-18,63,M,Cambridge,East,Corporate
C03768,18/05/2023,31,M,Coventry,Central,Consumer
C03769,2025-01-02,54,F,leicester,Central,Home Office
C03770,02/02/2024,47,F,Cardiff,West,Small Business
C03771,16/05/2025,36,F,Derby,Central,Corporate
C03772,2025-12-30,39,M,Manchester,North,Small Business
C03773,05/10/2023,44,F,  Bath ,West,Consumer
C03774,2023-05-02,46,M,Sheffield,North,Small Business
C03775,2023-06-07,,Other,Brighton,South,Consumer
C03776,2022-08-19,48,F,Cambridge,East,Corporate
C03777,2023-12-08,31,F,Bath,West,Small Business
C03778,2022-03-04,51,M,Bristol,West,Consumer
C03779,2022-09-27,18,M,exeter,West,Consumer
C03780,13/06/2023,36,F,Peterborough,East,Home Office
C03781,16/12/2022,37,F,Derby,Central,Small Business
C03782,2025-02-19,50,M,  Coventry ,Central,Small Business
C03783,2022-09-11,64,M,Bristol,West,Corporate
C03784,29/07/2025,44,F,Sheffield,North,Consumer
C03785,2023-03-27,36,M,Peterborough,East,Consumer
C03786,2022-09-16,32,F,Cardiff,West,Home Office
C03787,2022-02-11,52,M,Birmingham,Central,Small Business
C03788,29/01/2025,38,F,sheffield,North,Consumer
C03789,21/05/2023,34,M,  Portsmouth ,South,Home Office
C03790,13/05/2024,53,M,portsmouth,South,Consumer
C03791,2022-09-22,56,F,southampton,South,Corporate
C03792,14/12/2025,29,M,Exeter,West,Consumer
C03793,17/10/2022,22,F,sheffield,North,Consumer
C03794,2024-01-02,40,F,portsmouth,South,Corporate
C03795,12/07/2025,26,F,Cardiff,West,Consumer
C03796,2023-05-03,24,M,Oxford,South,Small Business
C03797,06/06/2023,27,Other,Sheffield,North,Small Business
C03798,2025-05-22,55,F,Peterborough,East,Consumer
C03799,16/06/2023,49,F,cambridge,East,Consumer
C03800,2022-01-16,73,F,Nottingham,Central,Consumer
C03801,24/01/2024,33,M,Cardiff,West,Small Business
C03802,18/02/2022,58,F,  Coventry ,Central,Corporate
C03803,2025-09-18,47,M,York,North,Corporate
C03804,2024-10-30,34,M,exeter,West,Consumer
C03805,2024-08-16,39,M,Norwich,East,Small Business
C03806,2023-02-24,34,F,bath,West,Consumer
C03807,2025-01-10,44,F,peterborough,East,Consumer
C03808,2024-12-13,54,M,Newcastle,North,Small Business
C03809,2022-06-14,36,M,Leeds,North,Home Office
C03810,2025-08-15,52,M,Bristol,West,Consumer
C03811,2024-08-12,58,M,Bath,West,Consumer
C03812,2025-05-03,60,M,Leeds,North,Consumer
C03813,2023-05-31,26,F,Bath,West,Small Business
C03814,11/10/2022,40,M,Bristol,West,Consumer
C03815,2025-01-13,50,F,Cambridge,East,Home Office
C03816,2025-05-04,27,M,Oxford,South,Consumer
C03817,2023-11-27,24,M,coventry,Central,Consumer
C03818,2022-03-21,41,,  Plymouth ,West,Home Office
C03819,2025-06-03,36,F,cardiff,West,Home Office
C03820,2023-03-03,39,F,Bristol,West,Small Business
C03821,2023-09-21,35,F,Plymouth,West,Home Office
C03822,13/10/2024,69,F,Newcastle,North,Home Office
C03823,2022-08-31,35,F,birmingham,Central,Consumer
C03824,08/07/2022,49,F,portsmouth,South,Small Business
C03825,2022-03-26,48,F,bath,West,Home Office
C03826,2025-09-26,19,F,Nottingham,Central,Consumer
C03827,2023-08-12,60,M,  Bath ,West,Home Office
C03828,23/11/2024,49,F,norwich,East,Consumer
C03829,19/12/2025,43,M,manchester,North,Consumer
C03830,2024-12-04,55,M,  Reading ,South,Consumer
C03831,02/06/2024,40,M,colchester,East,Home Office
C03832,2024-05-28,52,M,NEWCASTLE,North,Consumer
C03833,2023-11-14,18,F,Leeds,North,Consumer
C03834,2024-09-07,52,M,  Derby ,Central,Small Business
C03835,2025-11-14,43,F,southampton,South,Corporate
C03836,2025-04-27,44,F,Reading,South,Home Office
C03837,19/01/2024,30,F,Portsmouth,South,Home Office
C03838,2023-09-11,38,M,Exeter,West,Home Office
C03839,19/08/2025,38,F,  Norwich ,East,Home Office
C03840,2022-11-05,26,F,Exeter,West,Consumer
C03841,2025-07-10,46,F,Colchester,East,Consumer
C03842,19/05/2023,61,F,  Newcastle ,North,Home Office
C03843,2025-01-30,23,F,Colchester,East,Home Office
C03844,2025-05-19,47,F,leeds,North,Consumer
C03845,2024-03-31,36,M,Bath,West,Corporate
C03846,2023-02-08,34,M,Manchester,North,Corporate
C03847,04/07/2025,42,M,leeds,North,Corporate
C03848,2023-11-01,42,M,  Ipswich ,East,Consumer
C03849,2023-08-25,43,M,MANCHESTER,North,Small Business
C03850,14/05/2024,26,F,Norwich,East,Consumer
C03851,2024-02-03,55,M,Norwich,East,Consumer
C03852,2024-12-20,42,F,Coventry,Central,Consumer
C03853,2022-11-07,49,M,York,North,Consumer
C03854,2024-02-04,57,F,Norwich,East,Small Business
C03855,2025-08-28,18,F,Cardiff,West,Corporate
C03856,2022-04-20,49,F,Leeds,North,Consumer
C03857,2024-03-04,39,F,Ipswich,East,Home Office
C03858,2024-11-23,54,M,CARDIFF,West,Consumer
C03859,2025-08-23,31,M,Bath,West,Consumer
C03860,2024-08-30,53,M,birmingham,Central,Home Office
C03861,10/06/2025,27,M,Bath,West,Consumer
C03862,2023-03-29,46,M,Southampton,South,Corporate
C03863,2023-10-11,45,M,,Central,Small Business
C03864,2025-10-26,39,M,york,North,Small Business
C03865,21/08/2025,28,M,Ipswich,East,Consumer
C03866,2024-07-15,36,F,CARDIFF,West,Consumer
C03867,29/03/2024,53,M,Coventry,Central,Small Business
C03868,2024-02-25,60,M,Derby,Central,Consumer
C03869,2022-06-10,66,F,Leeds,North,Small Business
C03870,2025-08-29,48,F,BRISTOL,West,Home Office
C03871,2025-06-02,,M,Manchester,North,Consumer
C03872,2024-03-03,47,M,BATH,West,Small Business
C03873,2023-06-25,66,F,cardiff,West,Small Business
C03874,2023-09-27,48,F,Manchester,North,Consumer
C03875,2022-10-13,42,M,exeter,West,Corporate
C03876,2025-02-06,37,M,Norwich,East,Consumer
C03877,2024-07-14,39,F,colchester,East,Consumer
C03878,2023-04-16,46,M,LEICESTER,Central,Corporate
C03879,2024-10-06,31,M,exeter,West,Corporate
C03880,2025-12-07,33,F,Norwich,East,Consumer
C03881,2022-10-12,40,F,LEEDS,North,Consumer
C03882,2024-03-06,35,F,Leeds,North,Consumer
C03883,22/04/2024,49,M,  Newcastle ,North,Consumer
C03884,2022-12-28,50,M,Southampton,South,Home Office
C03885,2024-06-11,44,Other,Portsmouth,South,Small Business
C03886,2024-09-15,47,M,peterborough,East,Consumer
C03887,2022-12-12,43,F,Cardiff,West,Consumer
C03888,2022-12-08,18,F,leeds,North,Consumer
C03889,2025-07-18,30,M,peterborough,East,Corporate
C03890,2023-08-12,50,F,leicester,Central,Small Business
C03891,16/10/2024,30,M,York,North,Home Office
C03892,11/10/2024,52,M,PLYMOUTH,West,Consumer
C03893,27/06/2025,53,F,Newcastle,North,Home Office
C03894,28/02/2025,38,F,Norwich,East,Home Office
C03895,2025-06-29,33,M,Exeter,West,Small Business
C03896,2024-10-09,41,F,sheffield,North,Home Office
C03897,2024-02-22,40,F,Southampton,South,Consumer
C03898,07/12/2023,49,M,  Leicester ,Central,Corporate
C03899,2023-11-17,18,F,leeds,North,Consumer
C03900,2024-01-11,31,F,Plymouth,West,Consumer
C03901,2022-10-24,28,Other,norwich,East,Small Business
C03902,19/01/2024,18,F,leeds,North,Home Office
C03903,2023-12-02,35,F,  Plymouth ,West,Consumer
C03904,17/04/2022,22,M,Ipswich,East,Consumer
C03905,2023-06-19,36,F,Leeds,North,Consumer
C03906,2025-03-15,35,F,Coventry,Central,Small Business
C03907,10/08/2024,47,M,Peterborough,East,Home Office
C03908,19/05/2025,38,M,plymouth,West,Home Office
C03909,2024-06-25,19,F,manchester,North,Home Office
C03910,15/07/2025,46,M,Leeds,North,Consumer
C03911,2025-05-07,72,F,Bristol,West,Consumer
C03912,28/08/2022,55,M,exeter,West,Small Business
C03913,05/12/2025,50,M,reading,South,Consumer
C03914,2022-02-24,38,M,CARDIFF,West,Consumer
C03915,2024-09-03,35,F,Colchester,East,Consumer
C03916,2025-05-03,34,F,Oxford,South,Home Office
C03917,11/09/2023,44,F,  Plymouth ,West,Consumer
C03918,2024-09-05,26,M,Peterborough,East,Consumer
C03919,24/10/2023,44,M,  Norwich ,East,Small Business
C03920,14/06/2022,32,F,Bristol,West,Consumer
C03921,2022-02-05,19,F,Ipswich,East,Consumer
C03922,2022-08-22,32,F,  Leicester ,Central,Consumer
C03923,2022-08-28,57,F,Cardiff,West,Consumer
C03924,2024-09-21,43,M,Reading,South,Home Office
C03925,2024-06-03,18,M,  Ipswich ,East,Home Office
C03926,2024-03-02,32,M,Coventry,Central,Corporate
C03927,2024-12-31,53,M,NOTTINGHAM,Central,Consumer
C03928,2022-03-02,37,M,MANCHESTER,North,Consumer
C03929,2023-06-12,48,M,Brighton,South,Corporate
C03930,15/04/2025,36,M,Brighton,South,Home Office
C03931,2025-09-18,43,F,  Leicester ,Central,Consumer
C03932,2024-02-07,41,F,Nottingham,Central,Small Business
C03933,2022-07-27,33,M,Exeter,West,Consumer
C03934,2025-05-10,48,F,Reading,South,Corporate
C03935,2025-08-20,61,M,  Leicester ,Central,Corporate
C03936,2024-01-04,46,F,york,North,Home Office
C03937,2023-05-01,42,F,oxford,South,Consumer
C03938,2022-05-09,30,F,reading,South,Consumer
C03939,27/08/2024,53,F,Norwich,East,Consumer
C03940,18/09/2025,34,F,Ipswich,East,Consumer
C03941,2024-12-14,48,F,  York ,North,Small Business
C03942,2023-08-20,51,F,Newcastle,North,Corporate
C03943,2024-10-31,54,F,  Plymouth ,West,Home Office
C03944,19/06/2025,54,F,Leeds,North,Consumer
C03945,29/03/2024,54,M,Ipswich,East,Consumer
C03946,2025-06-04,25,M,  York ,North,Consumer
C03947,2023-12-05,30,M,brighton,South,Consumer
C03948,2023-10-05,23,F,Reading,South,Consumer
C03949,16/08/2024,22,M,exeter,West,Consumer
C03950,2024-03-14,61,Other,PETERBOROUGH,East,Consumer
C03951,2025-12-05,28,F,Reading,South,Consumer
C03952,2024-05-22,26,M,Bristol,West,Small Business
C03953,2023-11-26,40,M,NEWCASTLE,North,Home Office
C03954,09/12/2023,31,F,Cardiff,West,Small Business
C03955,2024-07-02,,F,Reading,South,Consumer
C03956,2023-10-14,37,M,coventry,Central,Consumer
C03957,2025-02-08,47,F,Manchester,North,Consumer
C03958,2023-11-19,31,F,colchester,East,Consumer
C03959,2023-11-24,,F,Peterborough,East,Home Office
C03960,2024-09-29,32,F,Ipswich,East,Consumer
C03961,2022-06-14,32,F,bristol,West,Corporate
C03962,2024-11-16,32,F,Manchester,North,Consumer
C03963,07/05/2024,20,M,Oxford,South,Small Business
C03964,27/02/2024,43,F,Exeter,West,Consumer
C03965,2025-02-03,37,M,Nottingham,Central,Consumer
C03966,2025-03-23,21,Other,Colchester,East,Consumer
C03967,2025-07-06,42,F,norwich,East,Small Business
C03968,11/11/2023,51,Other,Bristol,West,Consumer
C03969,2023-09-04,57,M,Cardiff,West,Consumer
C03970,28/01/2025,18,F,Coventry,Central,Corporate
C03971,2024-08-15,31,F,Cardiff,West,Small Business
C03972,2024-10-17,23,M,,South,Small Business
C03973,2024-07-12,33,M,exeter,West,Consumer
C03974,09/04/2025,59,F,Peterborough,East,Small Business
C03975,2023-02-05,32,M,leeds,North,Home Office
C03976,2024-07-12,35,M,BATH,West,Home Office
C03977,13/12/2022,30,Other,Ipswich,East,Small Business
C03978,2023-12-27,62,M,Leeds,North,Consumer
C03979,27/11/2024,18,F,Plymouth,West,Home Office
C03980,2024-04-21,34,F,  Portsmouth ,South,Corporate
C03981,2023-11-18,30,F,Leeds,North,Consumer
C03982,20/08/2025,19,F,Ipswich,East,Consumer
C03983,2025-04-09,55,M,Cardiff,West,Consumer
C03984,2024-06-04,18,M,colchester,East,Consumer
C03985,04/11/2025,,,York,North,Consumer
C03986,19/01/2024,40,F,Cambridge,East,Consumer
C03987,27/04/2025,31,F,MANCHESTER,North,Consumer
C03988,2022-12-30,18,F,Birmingham,Central,Small Business
C03989,05/07/2023,39,F,Portsmouth,South,Small Business
C03990,20/09/2023,31,M,Leicester,Central,Home Office
C03991,2022-09-11,52,M,Sheffield,North,Consumer
C03992,03/05/2024,48,M,Sheffield,North,Consumer
C03993,2023-02-08,66,M,  Peterborough ,East,Small Business
C03994,2024-10-20,42,F,BRISTOL,West,Consumer
C03995,2023-02-05,49,F,Nottingham,Central,Consumer
C03996,2022-10-14,36,M,Cambridge,East,Consumer
C03997,26/11/2025,63,F,portsmouth,South,Consumer
C03998,2024-11-20,41,F,newcastle,North,Consumer
C03999,2025-10-19,40,F,Cambridge,East,Small Business
C04000,17/04/2024,48,M,oxford,South,Consumer
C04001,14/04/2022,33,M,nottingham,Central,Corporate
C04002,2024-08-05,35,F,  Peterborough ,East,Home Office
C04003,2024-07-16,48,M,cardiff,West,Consumer
C04004,25/02/2022,51,F,Cardiff,West,Small Business
C04005,2025-07-23,49,F,Newcastle,North,Consumer
C04006,03/10/2024,40,F,Oxford,South,Home Office
C04007,2025-03-06,45,F,derby,Central,Consumer
C04008,2024-04-22,53,Other,Reading,South,Home Office
C04009,01/10/2024,27,F,peterborough,East,Consumer
C04010,2023-05-23,41,M,nottingham,Central,Consumer
C04011,2025-12-01,18,M,Sheffield,North,Small Business
C04012,2023-12-17,51,F,Leicester,Central,Corporate
C04013,2022-12-21,31,M,Southampton,South,Small Business
C04014,2022-06-04,31,F,Ipswich,East,Consumer
C04015,2024-10-23,39,F,Reading,South,Home Office
C04016,2025-12-12,49,F,Ipswich,East,Consumer
C04017,2025-09-02,72,M,york,North,Corporate
C04018,2025-01-13,,F,Sheffield,North,Corporate
C04019,2025-12-20,30,F,READING,South,Consumer
C04020,2025-02-07,44,F,  Brighton ,South,Consumer
C04021,21/09/2023,32,M,Cambridge,East,Consumer
C04022,2024-09-09,52,M,Manchester,North,Home Office
C04023,2022-07-23,39,M,Manchester,North,Small Business
C04024,2023-03-28,53,M,York,North,Home Office
C04025,10/01/2024,38,F,brighton,South,Small Business
C04026,2023-02-24,48,F,Southampton,South,Consumer
C04027,08/11/2025,29,F,newcastle,North,Home Office
C04028,2025-12-26,66,F,Cambridge,East,Consumer
C04029,2023-11-06,19,M,Exeter,West,Consumer
C04030,2025-01-22,32,M,Bath,West,Consumer
C04031,2023-12-27,23,F,  Reading ,South,Consumer
C04032,11/11/2022,51,Other,Bath,West,Home Office
C04033,2023-09-18,48,M,NORWICH,East,Consumer
C04034,2023-04-15,25,,colchester,East,Consumer
C04035,05/09/2023,54,F,Newcastle,North,Consumer
C04036,2023-03-17,32,M,Brighton,South,Consumer
C04037,2022-09-23,46,Other,Peterborough,East,Consumer
C04038,2023-03-21,49,F,Manchester,North,Consumer
C04039,2025-09-14,38,F,Cardiff,West,Small Business
C04040,03/08/2022,53,M,Portsmouth,South,Consumer
C04041,31/08/2023,39,M,Newcastle,North,Consumer
C04042,2024-06-07,45,M,leeds,North,Consumer
C04043,13/10/2023,37,F,Manchester,North,Consumer
C04044,2024-05-24,18,M,brighton,South,Corporate
C04045,2022-05-07,39,M,Manchester,North,Home Office
C04046,08/11/2024,30,F,peterborough,East,Consumer
C04047,2024-07-22,59,M,Brighton,South,Consumer
C04048,2024-12-18,23,M,Colchester,East,Consumer
C04049,2024-07-27,57,F,Nottingham,Central,Consumer
C04050,2024-02-07,39,F,Exeter,West,Consumer
C04051,2023-10-07,46,M,norwich,East,Small Business
C04052,2023-04-04,23,F,Reading,South,Consumer
C04053,30/04/2024,37,F,Exeter,West,Consumer
C04054,2022-03-27,32,M,Birmingham,Central,Corporate
C04055,2023-09-05,68,F,Colchester,East,Consumer
C04056,2024-12-14,32,F,newcastle,North,Consumer
C04057,17/09/2022,56,Other,  Cardiff ,West,Small Business
C04058,2022-06-19,56,M,york,North,Consumer
C04059,12/11/2024,56,F,BRISTOL,West,Small Business
C04060,2023-12-13,33,F,leeds,North,Corporate
C04061,2025-05-14,64,F,york,North,Consumer
C04062,20/10/2025,67,M,Cardiff,West,Small Business
C04063,2025-11-12,46,F,Bath,West,Consumer
C04064,2024-01-21,35,F,Cambridge,East,Small Business
C04065,2023-06-02,30,M,Exeter,West,Consumer
C04066,2024-09-18,47,M,Bath,West,Home Office
C04067,2024-10-13,42,M,Cambridge,East,Consumer
C04068,2024-10-06,43,M,Derby,Central,Consumer
C04069,2023-08-27,23,M,Oxford,South,Home Office
C04070,2022-06-21,41,F,  Manchester ,North,Consumer
C04071,09/03/2023,56,F,EXETER,West,Home Office
C04072,2022-12-07,52,F,Oxford,South,Small Business
C04073,2022-10-14,36,F,  Leicester ,Central,Consumer
C04074,07/10/2025,40,M,sheffield,North,Small Business
C04075,2022-02-22,22,M,LEEDS,North,Home Office
C04076,10/09/2024,32,,NEWCASTLE,North,Consumer
C04077,2025-11-01,37,,Peterborough,East,Small Business
C04078,21/10/2023,49,M,  Exeter ,West,Home Office
C04079,2024-06-05,32,F,reading,South,Consumer
C04080,2025-01-05,28,M,leeds,North,Small Business
C04081,20/08/2023,51,M,Southampton,South,Home Office
C04082,2024-03-31,36,M,Brighton,South,Corporate
C04083,2025-06-01,30,F,Bath,West,Consumer
C04084,2025-03-07,52,M,CARDIFF,West,Consumer
C04085,22/05/2025,47,M,Manchester,North,Consumer
C04086,2025-12-17,38,M,Reading,South,Small Business
C04087,05/11/2023,36,F,cardiff,West,Consumer
C04088,2025-03-09,46,M,portsmouth,South,Home Office
C04089,2024-09-11,48,M,brighton,South,Consumer
C04090,30/11/2024,44,F,cambridge,East,Consumer
C04091,2025-02-28,43,F,Brighton,South,Small Business
C04092,2025-03-12,33,F,York,North,Consumer
C04093,2025-08-21,34,M,Sheffield,North,Corporate
C04094,2023-10-06,39,F,Plymouth,West,Small Business
C04095,2024-11-14,29,F,  Reading ,South,Consumer
C04096,2023-06-26,27,M,Bristol,West,Consumer
C04097,31/08/2024,40,F,Cambridge,East,Consumer
C04098,2025-03-14,54,,IPSWICH,East,Consumer
C04099,2025-05-01,18,F,exeter,West,Corporate
C04100,2024-01-13,36,M,  Southampton ,South,Small Business
C04101,2024-05-12,45,F,newcastle,North,Consumer
C04102,2023-09-13,55,F,SHEFFIELD,North,Consumer
C04103,2023-01-01,64,M,exeter,West,Consumer
C04104,2023-05-27,38,M,Colchester,East,Consumer
C04105,2025-09-21,67,F,EXETER,West,Small Business
C04106,2023-08-08,47,F,Norwich,East,Home Office
C04107,02/12/2025,52,F,  Oxford ,South,Home Office
C04108,2023-04-28,27,F,Oxford,South,Consumer
C04109,2025-02-08,47,,Newcastle,North,Consumer
C04110,2024-08-05,53,M,Bath,West,Consumer
C04111,2025-01-07,32,F,NEWCASTLE,North,Corporate
C04112,02/11/2024,18,F,nottingham,Central,Consumer
C04113,2025-01-19,43,M,leeds,North,Home Office
C04114,2025-09-13,38,M,Peterborough,East,Consumer
C04115,2024-07-22,58,F,manchester,North,Consumer
C04116,2022-06-29,34,M,  Cardiff ,West,Consumer
C04117,12/06/2023,32,M,  York ,North,Consumer
C04118,2025-01-21,26,M,Peterborough,East,Home Office
C04119,2024-04-22,33,F,Derby,Central,Corporate
C04120,03/07/2024,76,M,  Plymouth ,West,Corporate
C04121,03/09/2024,20,M,Newcastle,North,Consumer
C04122,2023-11-22,24,Other,  Cardiff ,West,Consumer
C04123,10/04/2025,40,M,southampton,South,Small Business
C04124,2025-02-08,67,F,Manchester,North,Consumer
C04125,2025-01-28,51,Other,Cambridge,East,Home Office
C04126,2025-01-29,61,F,  Bath ,West,Consumer
C04127,27/08/2025,36,F,brighton,South,Consumer
C04128,2024-09-01,23,F,exeter,West,Small Business
C04129,2025-11-23,35,M,bath,West,Consumer
C04130,2022-10-06,39,M,Colchester,East,Consumer
C04131,2024-10-18,41,Other,oxford,South,Consumer
C04132,2025-01-31,38,M,Exeter,West,Home Office
C04133,2024-03-31,49,F,Reading,South,Consumer
C04134,2023-07-08,32,M,newcastle,North,Consumer
C04135,2024-07-05,29,F,Oxford,South,Corporate
C04136,2023-10-28,25,F,,Central,Small Business
C04137,2025-09-17,44,M,Southampton,South,Home Office
C04138,2023-10-16,42,Other,  Manchester ,North,Consumer
C04139,12/01/2023,55,M,manchester,North,Home Office
C04140,2024-08-08,61,F,Sheffield,North,Consumer
C04141,2023-12-11,25,M,Derby,Central,Consumer
C04142,2022-08-24,41,M,Peterborough,East,Consumer
C04143,2024-07-24,38,F,Cardiff,West,Small Business
C04144,2024-06-19,21,F,Exeter,West,Small Business
C04145,2023-01-08,34,F,Portsmouth,South,Home Office
C04146,2024-09-04,61,F,Bath,West,Consumer
C04147,27/07/2024,33,M,Derby,Central,Consumer
C04148,2025-04-10,31,F,bath,West,Consumer
C04149,23/10/2023,40,M,  Bristol ,West,Small Business
C04150,2023-05-09,53,M,Oxford,South,Consumer
C04151,2025-11-05,37,F,Bristol,West,Home Office
C04152,2024-07-19,43,M,york,North,Corporate
C04153,2022-03-30,18,M,Exeter,West,Consumer
C04154,2025-06-05,48,M,Reading,South,Corporate
C04155,2023-02-16,44,M,Ipswich,East,Home Office
C04156,2025-04-25,53,F,Coventry,Central,Small Business
C04157,17/01/2025,18,M,PETERBOROUGH,East,Consumer
C04158,2025-11-25,37,F,Manchester,North,Small Business
C04159,22/11/2025,54,Other,Plymouth,West,Small Business
C04160,17/06/2023,34,M,Derby,Central,Corporate
C04161,01/04/2025,42,,bristol,West,Small Business
C04162,2023-08-20,36,F,Exeter,West,Consumer
C04163,2024-10-14,36,F,exeter,West,Small Business
C04164,2024-09-04,56,F,bath,West,Home Office
C04165,01/06/2022,22,F,Portsmouth,South,Consumer
C04166,2022-01-25,40,F,  Norwich ,East,Consumer
C04167,2022-06-08,44,F,Plymouth,West,Consumer
C04168,2022-10-22,53,M,Leicester,Central,Corporate
C04169,2023-05-23,39,M,Leeds,North,Consumer
C04170,2025-09-15,54,M,Sheffield,North,Small Business
C04171,2024-05-25,40,M,Brighton,South,Small Business
C04172,08/05/2025,43,M,bristol,West,Consumer
C04173,2025-06-26,42,M,nottingham,Central,Small Business
C04174,22/02/2025,50,M,CAMBRIDGE,East,Consumer
C04175,2023-12-04,48,M,Leeds,North,Corporate
C04176,27/07/2025,27,F,  Brighton ,South,Small Business
C04177,2025-03-03,44,M,PLYMOUTH,West,Home Office
C04178,2025-03-04,48,M,portsmouth,South,Consumer
C04179,2025-09-09,60,F,  Manchester ,North,Small Business
C04180,2024-09-05,28,F,Oxford,South,Corporate
C04181,07/06/2024,48,M,Cardiff,West,Corporate
C04182,26/08/2025,36,Other,Cambridge,East,Consumer
C04183,2024-02-29,43,M,Manchester,North,Consumer
C04184,2025-05-26,27,F,Portsmouth,South,Consumer
C04185,2022-05-31,41,F,derby,Central,Small Business
C04186,2022-01-09,45,F,portsmouth,South,Small Business
C04187,2024-06-07,28,M,Portsmouth,South,Consumer
C04188,2022-07-11,60,F,  Newcastle ,North,Consumer
C04189,2025-12-04,21,F,Brighton,South,Consumer
C04190,2022-01-26,48,M,Plymouth,West,Home Office
C04191,2025-02-02,18,M,Plymouth,West,Corporate
C04192,2023-05-01,38,M,oxford,South,Consumer
C04193,24/11/2025,47,F,leicester,Central,Consumer
C04194,2023-11-21,50,F,Brighton,South,Home Office
C04195,2022-03-30,40,F,BATH,West,Consumer
C04196,29/03/2022,38,M,Manchester,North,Consumer
C04197,2024-07-09,48,F,Brighton,South,Consumer
C04198,2025-12-16,53,M,Plymouth,West,Home Office
C04199,2025-12-08,59,F,  Nottingham ,Central,Small Business
C04200,2023-09-18,24,F,Cardiff,West,Corporate
C04201,07/04/2024,38,F,Exeter,West,Consumer
C04202,2022-09-01,18,M,  Plymouth ,West,Small Business
C04203,2024-05-30,23,M,Bristol,West,Consumer
C04204,2024-09-07,32,M,Brighton,South,Home Office
C04205,2023-05-13,52,F,COLCHESTER,East,Home Office
C04206,2024-09-23,35,F,Exeter,West,Consumer
C04207,2025-09-06,37,F,Norwich,East,Consumer
C04208,2022-01-07,45,M,Birmingham,Central,Corporate
C04209,2023-04-08,32,F,cambridge,East,Consumer
C04210,2023-03-09,18,F,York,North,Consumer
C04211,2022-10-14,31,M,York,North,Consumer
C04212,27/12/2022,39,M,bristol,West,Consumer
C04213,10/10/2024,47,F,Sheffield,North,Small Business
C04214,05/09/2022,38,F,cardiff,West,Small Business
C04215,2025-02-27,47,F,newcastle,North,Home Office
C04216,23/08/2025,53,M,Oxford,South,Small Business
C04217,2025-10-08,,M,Bristol,West,Corporate
C04218,2024-11-22,43,F,Reading,South,Home Office
C04219,2023-02-17,26,F,bath,West,Consumer
C04220,03/08/2022,25,F,manchester,North,Consumer
C04221,13/04/2023,26,F,Cambridge,East,Home Office
C04222,2025-11-17,27,M,cambridge,East,Consumer
C04223,2025-11-18,42,F,coventry,Central,Corporate
C04224,2023-11-21,66,M,leeds,North,Corporate
C04225,02/09/2023,44,F,  Portsmouth ,South,Consumer
C04226,2024-05-14,40,M,Exeter,West,Consumer
C04227,2023-07-13,54,M,birmingham,Central,Home Office
C04228,2025-12-08,30,M,bristol,West,Corporate
C04229,2023-03-27,55,M,CARDIFF,West,Home Office
C04230,2023-11-03,54,M,  Peterborough ,East,Corporate
C04231,26/01/2024,42,M,Colchester,East,Small Business
C04232,2022-10-16,68,M,cardiff,West,Consumer
C04233,2023-11-22,55,M,  Plymouth ,West,Corporate
C04234,18/07/2025,42,F,Plymouth,West,Small Business
C04235,2022-11-13,39,M,Bath,West,Consumer
C04236,2024-08-18,35,M,coventry,Central,Small Business
C04237,26/12/2023,39,M,york,North,Consumer
C04238,2023-01-03,40,M,READING,South,Small Business
C04239,2022-02-17,37,Other,Derby,Central,Consumer
C04240,16/06/2023,38,F,Peterborough,East,Consumer
C04241,2022-06-17,25,M,Leeds,North,Small Business
C04242,2023-11-14,34,M,  Peterborough ,East,Home Office
C04243,2025-05-24,20,F,Plymouth,West,Corporate
C04244,04/02/2025,46,F,  Cardiff ,West,Consumer
C04245,01/11/2025,42,F,bristol,West,Consumer
C04246,2024-01-23,39,M,newcastle,North,Consumer
C04247,20/01/2025,53,Other,Ipswich,East,Corporate
C04248,2024-11-28,30,M,leeds,North,Consumer
C04249,20/03/2023,32,F,Birmingham,Central,Consumer
C04250,2023-07-31,22,M,  Manchester ,North,Consumer
C04251,09/06/2024,54,F,ipswich,East,Consumer
C04252,2025-05-08,49,Other,colchester,East,Home Office
C04253,10/03/2024,58,M,Colchester,East,Consumer
C04254,2023-04-06,62,M,ipswich,East,Consumer
C04255,24/12/2025,35,F,CARDIFF,West,Consumer
C04256,29/09/2022,32,M,NORWICH,East,Corporate
C04257,2025-11-11,18,M,Newcastle,North,Consumer
C04258,2025-05-23,27,Other,portsmouth,South,Home Office
C04259,27/06/2025,37,M,ipswich,East,Small Business
C04260,2025-05-06,18,F,Southampton,South,Consumer
C04261,06/03/2023,27,F,Plymouth,West,Small Business
C04262,2024-10-18,40,M,Portsmouth,South,Consumer
C04263,21/03/2025,53,M,Plymouth,West,Consumer
C04264,07/03/2025,32,F,YORK,North,Corporate
C04265,2023-06-13,43,M,bristol,West,Small Business
C04266,21/01/2023,65,,  Sheffield ,North,Consumer
C04267,2023-09-05,18,F,colchester,East,Consumer
C04268,2024-04-03,55,M,brighton,South,Consumer
C04269,2024-08-05,46,M,Cambridge,East,Corporate
C04270,25/06/2025,57,M,York,North,Consumer
C04271,05/04/2025,54,M,BRISTOL,West,Consumer
C04272,12/12/2024,32,M,ipswich,East,Home Office
C04273,2023-06-01,41,F,coventry,Central,Consumer
C04274,2024-04-02,22,M,Bristol,West,Consumer
C04275,2023-09-16,34,M,Cambridge,East,Home Office
C04276,2023-04-18,41,F,Cardiff,West,Consumer
C04277,2022-02-11,45,F,  York ,North,Home Office
C04278,2023-09-22,51,F,Norwich,East,Consumer
C04279,2023-05-21,62,M,Oxford,South,Consumer
C04280,2024-08-02,35,F,  Plymouth ,West,Small Business
C04281,2022-06-18,56,F,york,North,Consumer
C04282,12/06/2023,44,M,Portsmouth,South,Small Business
C04283,10/05/2022,24,M,  Bath ,West,Corporate
C04284,2024-10-30,39,M,Colchester,East,Consumer
C04285,2024-07-28,43,M,York,North,Consumer
C04286,19/09/2023,30,F,Peterborough,East,Home Office
C04287,25/11/2022,27,M,CARDIFF,West,Consumer
C04288,2025-11-13,27,M,LEEDS,North,Consumer
C04289,2024-08-18,34,F,portsmouth,South,Small Business
C04290,16/12/2024,30,F,derby,Central,Home Office
C04291,2024-06-11,57,M,  Leicester ,Central,Consumer
C04292,2025-05-20,18,M,Newcastle,North,Consumer
C04293,03/09/2025,42,M,Cambridge,East,Home Office
C04294,2023-11-22,48,M,Sheffield,North,Small Business
C04295,2024-12-29,28,M,Leicester,Central,Home Office
C04296,2023-04-10,38,F,oxford,South,Home Office
C04297,2024-11-12,37,M,oxford,South,Consumer
C04298,15/12/2023,40,F,brighton,South,Home Office
C04299,2022-01-31,50,F,Colchester,East,Small Business
C04300,2025-11-10,48,M,Newcastle,North,Consumer
C04301,2025-08-01,33,F,cardiff,West,Consumer
C04302,2023-07-12,21,F,peterborough,East,Corporate
C04303,2025-12-28,43,F,Peterborough,East,Consumer
C04304,2023-08-20,32,Other,exeter,West,Home Office
C04305,2024-03-06,34,M,Manchester,North,Small Business
C04306,2025-07-12,44,Other,Sheffield,North,Consumer
C04307,2023-08-02,35,F,BRIGHTON,South,Home Office
C04308,2024-02-24,45,F,cardiff,West,Consumer
C04309,2024-11-29,74,F,sheffield,North,Small Business
C04310,2022-10-26,50,,cardiff,West,Small Business
C04311,2024-01-16,58,Other,Norwich,East,Consumer
C04312,09/08/2023,48,F,Colchester,East,Consumer
C04313,13/12/2024,42,M,ipswich,East,Home Office
C04314,2022-11-05,48,F,Leeds,North,Consumer
C04315,2023-04-14,47,M,Oxford,South,Small Business
C04316,2025-01-24,52,M,Bristol,West,Consumer
C04317,2022-12-10,42,M,portsmouth,South,Consumer
C04318,2024-01-16,24,M,Peterborough,East,Consumer
C04319,26/01/2025,22,F,Leicester,Central,Small Business
C04320,31/03/2025,47,F,LEEDS,North,Consumer
C04321,22/08/2022,26,F,Portsmouth,South,Small Business
C04322,2025-07-13,50,M,Southampton,South,Small Business
C04323,09/02/2025,58,M,York,North,Consumer
C04324,21/09/2023,38,F,derby,Central,Consumer
C04325,29/03/2025,57,M,Leicester,Central,Small Business
C04326,2025-02-14,44,F,Portsmouth,South,Consumer
C04327,2024-09-08,41,F,Birmingham,Central,Consumer
C04328,16/07/2024,42,F,Leeds,North,Consumer
C04329,22/02/2025,30,M,leicester,Central,Home Office
C04330,2025-12-30,29,F,BATH,West,Home Office
C04331,2024-08-11,20,M,York,North,Consumer
C04332,2025-05-22,31,F,colchester,East,Small Business
C04333,06/03/2025,69,F,cardiff,West,Consumer
C04334,17/07/2025,22,M,Oxford,South,Small Business
C04335,2025-11-09,26,F,Portsmouth,South,Consumer
C04336,10/02/2023,31,M,Peterborough,East,Consumer
C04337,2022-12-26,31,M,SHEFFIELD,North,Consumer
C04338,2024-08-21,45,F,york,North,Small Business
C04339,2024-02-22,33,M,Brighton,South,Home Office
C04340,2024-08-01,38,F,  Plymouth ,West,Home Office
C04341,2025-05-09,30,F,Brighton,South,Small Business
C04342,2025-10-14,35,M,colchester,East,Consumer
C04343,10/01/2024,40,F,Newcastle,North,Home Office
C04344,01/02/2025,39,M,Newcastle,North,Consumer
C04345,2023-02-16,67,F,Cardiff,West,Consumer
C04346,2024-06-15,41,M,  Newcastle ,North,Consumer
C04347,2022-03-16,38,F,Exeter,West,Home Office
C04348,2024-05-05,18,F,Reading,South,Consumer
C04349,2024-06-29,44,Other,Plymouth,West,Consumer
C04350,23/02/2025,18,,BRIGHTON,South,Consumer
C04351,2024-11-09,48,M,EXETER,West,Consumer
C04352,19/10/2023,43,M,Leeds,North,Consumer
C04353,2022-01-27,,M,derby,Central,Home Office
C04354,2022-09-29,33,F,Reading,South,Corporate
C04355,2025-11-30,41,M,york,North,Consumer
C04356,03/10/2025,50,F,PETERBOROUGH,East,Corporate
C04357,2023-09-01,29,,Leeds,North,Consumer
C04358,25/05/2023,49,F,Colchester,East,Consumer
C04359,05/02/2024,48,M,bath,West,Consumer
C04360,2024-12-29,39,F,Bath,West,Corporate
C04361,2023-10-17,62,F,Cambridge,East,Consumer
C04362,2022-06-28,48,M,Nottingham,Central,Consumer
C04363,2023-12-20,19,F,colchester,East,Home Office
C04364,27/05/2023,54,F,Leeds,North,Consumer
C04365,2023-09-01,32,F,Cardiff,West,Corporate
C04366,22/12/2022,51,F,Manchester,North,Corporate
C04367,20/11/2024,45,M,manchester,North,Consumer
C04368,04/06/2024,18,M,newcastle,North,Home Office
C04369,12/06/2023,49,F,Portsmouth,South,Corporate
C04370,2024-07-10,38,F,Southampton,South,Corporate
C04371,2024-04-21,35,M,portsmouth,South,Corporate
C04372,2025-05-07,36,F,peterborough,East,Consumer
C04373,2025-11-11,51,F,bath,West,Small Business
C04374,2022-10-27,29,M,Nottingham,Central,Consumer
C04375,19/08/2025,55,M,York,North,Small Business
C04376,16/01/2025,21,F,sheffield,North,Consumer
C04377,2025-01-01,45,F,colchester,East,Consumer
C04378,2023-11-10,51,M,YORK,North,Consumer
C04379,2023-09-28,51,F,BRIGHTON,South,Consumer
C04380,2022-01-27,43,F,Cambridge,East,Consumer
C04381,11/12/2025,38,M,Plymouth,West,Home Office
C04382,15/09/2024,34,F,Leeds,North,Small Business
C04383,2023-12-20,25,M,exeter,West,Consumer
C04384,2024-06-27,32,M,  Bristol ,West,Consumer
C04385,2022-05-01,29,F,CARDIFF,West,Consumer
C04386,09/01/2023,26,,READING,South,Small Business
C04387,07/10/2024,64,M,Plymouth,West,Consumer
C04388,2024-05-19,19,F,Exeter,West,Consumer
C04389,26/04/2025,56,F,york,North,Home Office
C04390,2024-11-20,25,M,Ipswich,East,Home Office
C04391,2024-09-09,28,F,Plymouth,West,Consumer
C04392,2025-05-30,27,M,Portsmouth,South,Consumer
C04393,2022-06-30,27,M,Peterborough,East,Home Office
C04394,30/12/2024,53,M,Southampton,South,Consumer
C04395,2025-01-30,49,F,,West,Consumer
C04396,19/06/2023,38,M,york,North,Consumer
C04397,2023-02-14,76,M,CAMBRIDGE,East,Home Office
C04398,2023-03-15,41,F,Manchester,North,Small Business
C04399,2023-02-18,42,M,Bristol,West,Consumer
C04400,2024-06-01,32,M,PLYMOUTH,West,Consumer
C04401,2022-11-04,31,F,Ipswich,East,Small Business
C04402,21/11/2024,34,F,  Colchester ,East,Consumer
C04403,2022-09-10,52,M,Reading,South,Small Business
C04404,2022-03-29,48,F,Oxford,South,Corporate
C04405,23/08/2023,58,M,Cardiff,West,Consumer
C04406,08/02/2023,32,F,sheffield,North,Home Office
C04407,2025-12-18,49,F,Plymouth,West,Small Business
C04408,2023-07-30,45,F,  Bristol ,West,Home Office
C04409,28/03/2023,47,F,LEICESTER,Central,Corporate
C04410,2023-02-16,30,M,Southampton,South,Consumer
C04411,10/11/2023,27,F,Peterborough,East,Consumer
C04412,2024-09-15,48,M,Leeds,North,Consumer
C04413,20/04/2025,52,F,COVENTRY,Central,Corporate
C04414,2023-10-28,33,M,Cardiff,West,Small Business
C04415,2024-10-10,49,M,Norwich,East,Home Office
C04416,2024-04-06,57,F,cardiff,West,Home Office
C04417,2025-07-06,36,M,SOUTHAMPTON,South,Consumer
C04418,2024-07-30,22,F,Peterborough,East,Consumer
C04419,2023-07-11,24,M,exeter,West,Small Business
C04420,2025-01-15,32,F,Sheffield,North,Small Business
C04421,05/06/2025,35,F,leicester,Central,Consumer
C04422,2024-03-15,41,F,derby,Central,Home Office
C04423,2025-12-16,41,F,derby,Central,Home Office
C04424,2025-08-13,37,M,Bristol,West,Consumer
C04425,2023-02-16,50,M,  Reading ,South,Consumer
C04426,2025-04-26,31,M,Cambridge,East,Consumer
C04427,2024-09-08,57,M,YORK,North,Small Business
C04428,2024-06-15,53,M,plymouth,West,Corporate
C04429,2024-05-19,52,M,Leeds,North,Home Office
C04430,2025-07-14,32,M,EXETER,West,Consumer
C04431,21/09/2024,39,M,reading,South,Home Office
C04432,2024-06-19,50,F,York,North,Home Office
C04433,2022-05-20,38,,Manchester,North,Consumer
C04434,21/02/2024,32,F,Exeter,West,Corporate
C04435,2025-09-16,31,F,Sheffield,North,Consumer
C04436,25/01/2025,32,F,York,North,Home Office
C04437,2022-05-24,26,M,Manchester,North,Consumer
C04438,2025-08-19,78,M,Reading,South,Home Office
C04439,2025-06-13,18,F,Derby,Central,Home Office
C04440,2024-07-01,28,M,ipswich,East,Home Office
C04441,2022-03-17,49,M,oxford,South,Corporate
C04442,2024-07-21,32,M,SHEFFIELD,North,Consumer
C04443,01/06/2022,36,F,sheffield,North,Consumer
C04444,2023-08-25,46,F,OXFORD,South,Consumer
C04445,2024-10-14,54,M,leeds,North,Small Business
C04446,2025-09-22,37,F,manchester,North,Consumer
C04447,18/10/2023,53,F,Manchester,North,Small Business
C04448,2025-07-22,19,F,  Southampton ,South,Consumer
C04449,2025-09-28,33,M,EXETER,West,Consumer
C04450,2022-03-14,47,F,York,North,Small Business
C04451,2023-04-25,67,M,Plymouth,West,Consumer
C04452,2025-01-23,28,M,Peterborough,East,Consumer
C04453,2025-03-21,26,Other,Nottingham,Central,Small Business
C04454,2023-12-06,45,F,sheffield,North,Consumer
C04455,18/11/2024,42,F,Cardiff,West,Consumer
C04456,23/09/2024,32,M,Plymouth,West,Consumer
C04457,2025-02-28,25,Other,derby,Central,Consumer
C04458,2025-02-02,34,F,cardiff,West,Consumer
C04459,04/08/2022,48,F,Manchester,North,Consumer
C04460,14/12/2022,37,M,Nottingham,Central,Home Office
C04461,30/10/2022,56,M,Cardiff,West,Small Business
C04462,2025-10-15,39,F,manchester,North,Consumer
C04463,2025-09-23,49,F,Sheffield,North,Consumer
C04464,2025-05-09,45,F,Birmingham,Central,Consumer
C04465,01/10/2022,36,F,Newcastle,North,Home Office
C04466,2024-08-05,52,F,Bath,West,Consumer
C04467,2023-01-31,25,M,Southampton,South,Corporate
C04468,02/11/2023,34,F,Bath,West,Corporate
C04469,2023-06-06,36,F,NEWCASTLE,North,Consumer
C04470,2025-06-15,46,M,plymouth,West,Home Office
C04471,2022-11-20,49,F,Colchester,East,Corporate
C04472,2024-11-05,30,M,birmingham,Central,Consumer
C04473,2025-12-13,29,M,Leeds,North,Consumer
C04474,2024-12-25,42,M,manchester,North,Consumer
C04475,2022-07-22,21,,SHEFFIELD,North,Consumer
C04476,2025-09-16,54,F,  Sheffield ,North,Consumer
C04477,01/11/2024,38,M,leicester,Central,Consumer
C04478,03/03/2024,26,F,Newcastle,North,Consumer
C04479,2024-11-21,26,F,newcastle,North,Consumer
C04480,2025-08-13,45,M,Exeter,West,Consumer
C04481,2024-03-31,45,F,brighton,South,Corporate
C04482,11/06/2024,31,M,manchester,North,Home Office
C04483,26/02/2024,40,F,  Cardiff ,West,Consumer
C04484,2022-07-09,26,,oxford,South,Small Business
C04485,2025-04-26,38,M,cardiff,West,Consumer
C04486,2022-10-19,60,M,Norwich,East,Consumer
C04487,09/12/2023,69,F,OXFORD,South,Consumer
C04488,2023-11-28,38,F,Colchester,East,Home Office
C04489,2023-06-26,47,F,bath,West,Consumer
C04490,2023-12-20,46,M,brighton,South,Consumer
C04491,2024-09-30,19,M,bath,West,Consumer
C04492,2023-08-12,26,F,oxford,South,Small Business
C04493,2023-01-07,18,M,Ipswich,East,Small Business
C04494,2025-08-02,47,M,bath,West,Corporate
C04495,2025-11-28,66,M,Leeds,North,Consumer
C04496,2024-03-06,55,M,CAMBRIDGE,East,Small Business
C04497,2023-09-04,42,F,Sheffield,North,Consumer
C04498,2022-05-17,40,F,BATH,West,Consumer
C04499,2022-04-22,36,F,Colchester,East,Consumer
C04500,2023-12-06,55,F,Southampton,South,Consumer
C04501,2025-10-12,44,F,  Leeds ,North,Consumer
C04502,2025-02-17,42,M,  Leicester ,Central,Consumer
C04503,2023-10-06,27,M,Portsmouth,South,Home Office
C04504,2025-11-24,49,M,BRIGHTON,South,Consumer
C04505,2024-01-25,39,M,Manchester,North,Home Office
C04506,2023-06-21,,F,cambridge,East,Consumer
C04507,2024-01-22,54,F,portsmouth,South,Consumer
C04508,12/03/2023,20,F,Exeter,West,Home Office
C04509,21/08/2025,,M,CARDIFF,West,Consumer
C04510,23/10/2023,35,M,Newcastle,North,Consumer
C04511,2024-11-19,34,M,cambridge,East,Consumer
C04512,2023-12-01,26,M,york,North,Home Office
C04513,2025-09-09,32,F,York,North,Small Business
C04514,2024-10-31,27,F,  Peterborough ,East,Consumer
C04515,15/04/2024,52,F,Manchester,North,Home Office
C04516,29/10/2022,46,M,Derby,Central,Corporate
C04517,09/09/2025,45,F,Colchester,East,Home Office
C04518,2024-07-01,18,F,Newcastle,North,Consumer
C04519,2023-07-04,66,Other,nottingham,Central,Consumer
C04520,12/08/2025,36,F,peterborough,East,Small Business
C04521,2022-06-01,64,F,Manchester,North,Small Business
C04522,2023-08-16,51,F,  Peterborough ,East,Consumer
C04523,2024-06-18,38,F,nottingham,Central,Home Office
C04524,2023-09-22,68,M,Reading,South,Consumer
C04525,2024-03-30,48,M,Oxford,South,Small Business
C04526,2023-06-02,38,F,Ipswich,East,Home Office
C04527,2022-10-25,36,M,Oxford,South,Consumer
C04528,2022-04-22,54,F,York,North,Corporate
C04529,2022-12-13,34,M,  Ipswich ,East,Corporate
C04530,07/11/2025,36,F,derby,Central,Small Business
C04531,2024-08-07,33,F,Bristol,West,Home Office
C04532,2024-04-16,31,F,Newcastle,North,Consumer
C04533,24/11/2023,32,M,portsmouth,South,Small Business
C04534,21/01/2025,64,F,Manchester,North,Consumer
C04535,2022-11-14,54,F,Oxford,South,Home Office
C04536,2023-06-20,44,F,Plymouth,West,Corporate
C04537,2024-11-17,34,Other,Reading,South,Consumer
C04538,2024-04-02,34,F,Bristol,West,Consumer
C04539,06/04/2025,36,M,Peterborough,East,Home Office
C04540,03/09/2025,64,F,bath,West,Corporate
C04541,09/06/2025,45,F,Coventry,Central,Consumer
C04542,2023-01-26,51,F,Exeter,West,Small Business
C04543,15/08/2022,44,F,Leicester,Central,Consumer
C04544,2023-01-02,29,M,cardiff,West,Consumer
C04545,2025-04-22,42,F,Peterborough,East,Corporate
C04546,23/09/2025,27,F,Southampton,South,Consumer
C04547,06/10/2025,57,F,SOUTHAMPTON,South,Home Office
C04548,2023-07-23,31,M,  Derby ,Central,Consumer
C04549,29/06/2025,34,F,manchester,North,Small Business
C04550,2024-06-17,52,F,BIRMINGHAM,Central,Small Business
C04551,2025-06-08,32,M,BRIGHTON,South,Consumer
C04552,2024-07-03,38,M,cardiff,West,Consumer
C04553,22/11/2022,18,M,BRIGHTON,South,Consumer
C04554,2022-07-22,37,F,Nottingham,Central,Home Office
C04555,2025-11-12,49,M,leeds,North,Home Office
C04556,21/01/2024,33,F,reading,South,Consumer
C04557,08/10/2023,48,F,bath,West,Home Office
C04558,2023-10-16,41,F,Reading,South,Consumer
C04559,2023-11-17,55,M,southampton,South,Consumer
C04560,2025-10-29,31,F,nottingham,Central,Small Business
C04561,18/06/2022,38,F,bristol,West,Home Office
C04562,2022-10-06,22,F,york,North,Consumer
C04563,29/04/2025,40,F,  Peterborough ,East,Consumer
C04564,2024-07-04,36,F,Newcastle,North,Home Office
C04565,2022-10-23,53,F,Newcastle,North,Consumer
C04566,2022-04-17,33,M,peterborough,East,Corporate
C04567,01/04/2023,35,F,Sheffield,North,Home Office
C04568,2023-05-28,32,M,Cambridge,East,Consumer
C04569,23/02/2022,41,F,Oxford,South,Small Business
C04570,19/03/2023,67,F,Plymouth,West,Consumer
C04571,26/02/2025,18,F,  Peterborough ,East,Consumer
C04572,2025-07-17,40,F,Newcastle,North,Consumer
C04573,2025-09-05,56,F,coventry,Central,Small Business
C04574,2023-12-02,34,F,Bristol,West,Corporate
C04575,23/08/2023,48,F,Portsmouth,South,Home Office
C04576,2025-12-31,56,M,coventry,Central,Home Office
C04577,2025-04-05,37,M,Oxford,South,Consumer
C04578,2024-06-18,33,F,  Portsmouth ,South,Consumer
C04579,2023-05-19,53,F,Reading,South,Small Business
C04580,2023-08-26,47,F,York,North,Small Business
C04581,2024-05-21,40,M,Cardiff,West,Home Office
C04582,25/06/2024,49,F,Cambridge,East,Consumer
C04583,2022-02-21,53,F,coventry,Central,Home Office
C04584,2025-11-15,40,M,  Portsmouth ,South,Home Office
C04585,2024-08-07,45,M,York,North,Consumer
C04586,2024-08-24,48,F,Brighton,South,Consumer
C04587,2023-03-12,35,M,Manchester,North,Consumer
C04588,2025-03-31,56,F,birmingham,Central,Home Office
C04589,25/02/2025,28,F,Bath,West,Consumer
C04590,22/08/2022,39,M,Plymouth,West,Consumer
C04591,01/09/2024,51,M,plymouth,West,Small Business
C04592,2024-11-20,27,F,brighton,South,Small Business
C04593,23/06/2025,52,F,Sheffield,North,Consumer
C04594,2023-03-03,43,F,SOUTHAMPTON,South,Corporate
C04595,2025-08-12,58,M,Bristol,West,Consumer
C04596,10/03/2024,49,F,Brighton,South,Small Business
C04597,2022-08-25,39,M,  Manchester ,North,Home Office
C04598,11/09/2022,44,M,Bristol,West,Consumer
C04599,2023-02-17,44,M,Leeds,North,Corporate
C04600,2023-06-30,67,M,Colchester,East,Small Business
C04601,2024-04-25,42,F,Manchester,North,Consumer
C04602,11/03/2025,39,F,Norwich,East,Home Office
C04603,2023-01-30,38,F,Reading,South,Consumer
C04604,2025-12-23,43,M,Coventry,Central,Consumer
C04605,2022-12-19,26,Other,bristol,West,Small Business
C04606,2024-09-06,36,F,NEWCASTLE,North,Small Business
C04607,10/10/2025,28,F,  Exeter ,West,Small Business
C04608,2025-06-19,30,F,Exeter,West,Home Office
C04609,2024-11-07,51,F,Plymouth,West,Consumer
C04610,2025-01-29,41,M,derby,Central,Small Business
C04611,02/11/2022,31,M,Bath,West,Consumer
C04612,09/02/2022,39,M,leeds,North,Consumer
C04613,2024-02-02,38,F,Southampton,South,Consumer
C04614,2022-08-11,42,M,Portsmouth,South,Consumer
C04615,2023-10-18,21,F,Colchester,East,Consumer
C04616,31/03/2023,27,M,Derby,Central,Consumer
C04617,2025-09-26,22,M,Ipswich,East,Home Office
C04618,2025-08-15,29,M,READING,South,Home Office
C04619,2025-06-03,32,F,derby,Central,Corporate
C04620,28/01/2025,28,F,Bath,West,Consumer
C04621,2022-12-06,51,M,Brighton,South,Corporate
C04622,2022-05-19,65,M,  Birmingham ,Central,Small Business
C04623,2024-11-14,52,M,Brighton,South,Consumer
C04624,2024-10-31,34,F,  Peterborough ,East,Small Business
C04625,2023-11-03,44,F,norwich,East,Small Business
C04626,2024-03-25,40,F,Derby,Central,Corporate
C04627,16/04/2024,33,M,Oxford,South,Consumer
C04628,26/04/2023,58,F,Brighton,South,Home Office
C04629,16/08/2023,67,F,Bath,West,Corporate
C04630,2024-01-11,22,F,Nottingham,Central,Consumer
C04631,11/09/2024,60,F,Newcastle,North,Consumer
C04632,2025-11-10,33,F,Newcastle,North,Small Business
C04633,20/06/2024,38,M,Coventry,Central,Small Business
C04634,2025-02-18,45,M,  Bath ,West,Consumer
C04635,20/05/2025,61,F,portsmouth,South,Small Business
C04636,2022-09-25,45,M,Brighton,South,Consumer
C04637,2024-11-13,46,Other,Peterborough,East,Consumer
C04638,2024-04-06,52,M,Bath,West,Home Office
C04639,2024-08-03,54,M,Cambridge,East,Consumer
C04640,26/04/2022,48,M,CARDIFF,West,Small Business
C04641,2025-09-14,54,F,York,North,Consumer
C04642,07/11/2025,33,F,Bristol,West,Small Business
C04643,19/01/2022,18,F,leeds,North,Small Business
C04644,2023-03-14,65,F,nottingham,Central,Home Office
C04645,20/01/2023,28,M,Leeds,North,Consumer
C04646,19/04/2025,34,Other,Leeds,North,Corporate
C04647,05/09/2024,37,M,manchester,North,Home Office
C04648,2023-01-15,34,M,Sheffield,North,Consumer
C04649,2025-05-28,32,M,oxford,South,Small Business
C04650,12/10/2023,47,M,  Plymouth ,West,Consumer
C04651,2024-03-09,47,F,Birmingham,Central,Consumer
C04652,2023-11-29,49,M,colchester,East,Consumer
C04653,2024-05-28,48,M,Peterborough,East,Consumer
C04654,2024-04-04,36,F,Oxford,South,Small Business
C04655,18/06/2023,,F,BATH,West,Consumer
C04656,19/01/2024,56,M,Leeds,North,Small Business
C04657,2025-09-17,34,F,southampton,South,Consumer
C04658,2024-05-04,34,M,NEWCASTLE,North,Home Office
C04659,2025-09-26,53,M,Newcastle,North,Consumer
C04660,2024-07-05,41,F,Norwich,East,Corporate
C04661,2025-04-04,34,F,leeds,North,Consumer
C04662,2023-07-16,35,M,York,North,Consumer
C04663,2025-04-30,56,F,Bristol,West,Small Business
C04664,02/06/2023,49,M,York,North,Consumer
C04665,2022-03-10,44,Other,Colchester,East,Home Office
C04666,18/12/2022,26,M,southampton,South,Consumer
C04667,2022-03-15,44,M,Leicester,Central,Home Office
C04668,2025-10-31,38,M,  Cardiff ,West,Home Office
C04669,2025-12-31,29,,Sheffield,North,Corporate
C04670,2025-03-27,33,M,LEICESTER,Central,Consumer
C04671,16/09/2022,50,F,Southampton,South,Home Office
C04672,06/09/2025,57,F,southampton,South,Consumer
C04673,2025-03-05,27,M,Plymouth,West,Consumer
C04674,11/09/2023,29,F,Cardiff,West,Consumer
C04675,2024-05-03,50,M,Portsmouth,South,Small Business
C04676,24/11/2024,36,M,  Reading ,South,Consumer
C04677,2022-03-22,48,M,york,North,Small Business
C04678,2024-05-02,36,F,COLCHESTER,East,Small Business
C04679,2025-02-19,49,M,Derby,Central,Consumer
C04680,2023-02-02,23,M,portsmouth,South,Small Business
C04681,2024-02-15,48,M,Derby,Central,Corporate
C04682,2024-06-12,18,F,  Manchester ,North,Home Office
C04683,23/02/2025,53,F,cardiff,West,Small Business
C04684,20/11/2025,41,M,nottingham,Central,Corporate
C04685,08/07/2025,47,M,Exeter,West,Home Office
C04686,2024-10-05,44,M,Sheffield,North,Consumer
C04687,17/08/2024,19,F,,South,Home Office
C04688,2024-09-11,59,F,SHEFFIELD,North,Consumer
C04689,29/06/2024,45,F,colchester,East,Consumer
C04690,2022-06-11,51,M,leicester,Central,Home Office
C04691,08/01/2025,31,M,Brighton,South,Small Business
C04692,2025-01-30,44,F,  Newcastle ,North,Consumer
C04693,2024-05-17,24,F,portsmouth,South,Consumer
C04694,2025-08-03,43,F,Peterborough,East,Consumer
C04695,2024-12-07,29,F,Peterborough,East,Consumer
C04696,25/10/2023,84,F,manchester,North,Home Office
C04697,2022-03-10,49,M,Plymouth,West,Home Office
C04698,11/06/2022,58,F,newcastle,North,Small Business
C04699,2023-10-09,38,,  Norwich ,East,Small Business
C04700,2024-03-11,46,M,Southampton,South,Small Business
C04701,2022-12-28,53,Other,NEWCASTLE,North,Consumer
C04702,2023-02-04,27,M,Cambridge,East,Consumer
C04703,2023-04-10,,F,plymouth,West,Consumer
C04704,18/04/2025,54,F,Portsmouth,South,Home Office
C04705,2025-04-07,38,F,Cardiff,West,Home Office
C04706,2023-11-23,31,F,Peterborough,East,Consumer
C04707,2023-01-06,33,M,brighton,South,Consumer
C04708,2022-09-21,25,M,Derby,Central,Consumer
C04709,2022-08-07,18,F,Derby,Central,Consumer
C04710,04/12/2023,19,M,York,North,Consumer
C04711,2022-05-12,42,M,Nottingham,Central,Small Business
C04712,2023-09-13,50,M,PLYMOUTH,West,Small Business
C04713,2025-11-17,74,F,newcastle,North,Consumer
C04714,2024-05-10,40,Other,peterborough,East,Consumer
C04715,08/06/2025,24,F,Newcastle,North,Consumer
C04716,2022-10-24,41,F,  Norwich ,East,Home Office
C04717,2023-06-08,50,F,Birmingham,Central,Consumer
C04718,31/10/2025,54,M,Southampton,South,Corporate
C04719,23/11/2023,53,M,Colchester,East,Corporate
C04720,2024-11-07,48,F,Manchester,North,Consumer
C04721,04/12/2025,42,F,Ipswich,East,Consumer
C04722,06/07/2024,51,M,plymouth,West,Consumer
C04723,2023-08-03,26,M,NEWCASTLE,North,Consumer
C04724,2024-06-11,18,M,colchester,East,Corporate
C04725,2022-06-01,68,M,Brighton,South,Consumer
C04726,2022-09-23,40,M,Exeter,West,Consumer
C04727,2022-02-01,48,F,  Exeter ,West,Consumer
C04728,2025-08-19,18,F,plymouth,West,Consumer
C04729,06/12/2024,61,M,  Oxford ,South,Small Business
C04730,2023-07-23,56,F,norwich,East,Corporate
C04731,2023-03-27,21,F,plymouth,West,Small Business
C04732,21/12/2024,37,M,cardiff,West,Small Business
C04733,30/09/2025,44,F,PETERBOROUGH,East,Consumer
C04734,2023-07-25,25,M,Bath,West,Small Business
C04735,27/08/2023,,F,oxford,South,Consumer
C04736,2025-07-15,55,M,manchester,North,Consumer
C04737,2025-08-30,45,F,LEICESTER,Central,Home Office
C04738,23/09/2025,21,M,Newcastle,North,Consumer
C04739,2023-07-16,,F,  Leicester ,Central,Consumer
C04740,2022-10-08,39,F,IPSWICH,East,Consumer
C04741,2024-02-10,38,F,coventry,Central,Consumer
C04742,2023-07-20,38,F,cambridge,East,Small Business
C04743,2025-08-19,38,,Exeter,West,Home Office
C04744,22/04/2022,18,F,  Exeter ,West,Consumer
C04745,2024-10-20,51,M,Ipswich,East,Home Office
C04746,14/09/2025,49,F,SOUTHAMPTON,South,Consumer
C04747,2025-12-04,48,M,Leeds,North,Consumer
C04748,2024-11-10,47,M,Oxford,South,Small Business
C04749,2025-11-04,37,F,Coventry,Central,Consumer
C04750,15/07/2022,33,F,SOUTHAMPTON,South,Corporate
C04751,2023-10-20,28,F,Bath,West,Consumer
C04752,06/02/2022,61,F,Ipswich,East,Home Office
C04753,2025-12-10,41,F,  Portsmouth ,South,Consumer
C04754,2025-09-10,19,Other,BIRMINGHAM,Central,Consumer
C04755,2022-04-01,41,F,York,North,Corporate
C04756,2022-03-06,18,M,cambridge,East,Consumer
C04757,31/10/2023,44,M,Ipswich,East,Consumer
C04758,2023-05-24,43,F,MANCHESTER,North,Home Office
C04759,07/07/2025,34,M,Manchester,North,Consumer
C04760,2022-12-17,29,Other,Bath,West,Consumer
C04761,2025-05-01,48,F,Leeds,North,Home Office
C04762,2024-07-11,40,M,Bath,West,Consumer
C04763,2023-11-15,18,M,Peterborough,East,Consumer
C04764,2022-11-22,57,M,Leeds,North,Consumer
C04765,2025-12-28,29,M,portsmouth,South,Consumer
C04766,2024-09-30,24,F,manchester,North,Consumer
C04767,2024-02-09,59,F,Bath,West,Consumer
C04768,2023-11-06,55,M,CAMBRIDGE,East,Consumer
C04769,2025-09-13,36,F,York,North,Consumer
C04770,2025-06-06,25,M,  Norwich ,East,Consumer
C04771,2025-05-25,29,F,Cambridge,East,Corporate
C04772,2024-09-28,35,F,Exeter,West,Consumer
C04773,2025-08-24,57,M,Sheffield,North,Consumer
C04774,2023-07-25,58,M,Manchester,North,Consumer
C04775,2025-01-15,43,M,Reading,South,Home Office
C04776,2023-12-23,49,Other,Plymouth,West,Small Business
C04777,2024-09-07,38,,Exeter,West,Consumer
C04778,2025-12-29,30,M,reading,South,Corporate
C04779,2025-12-13,21,F,Manchester,North,Consumer
C04780,17/05/2024,45,M,Bristol,West,Corporate
C04781,05/08/2024,53,M,sheffield,North,Small Business
C04782,04/09/2025,34,M,CAMBRIDGE,East,Consumer
C04783,2025-12-15,56,F,Reading,South,Home Office
C04784,16/04/2025,36,M,Manchester,North,Consumer
C04785,2022-06-24,,F,  Norwich ,East,Small Business
C04786,2023-08-28,38,M,  Leeds ,North,Consumer
C04787,2025-09-03,57,M,ipswich,East,Small Business
C04788,2025-04-04,47,M,york,North,Consumer
C04789,2025-03-03,40,M,oxford,South,Consumer
C04790,2024-12-02,42,M,cambridge,East,Small Business
C04791,2024-01-07,26,F,SHEFFIELD,North,Home Office
C04792,2023-12-21,18,M,Peterborough,East,Small Business
C04793,2025-05-22,34,M,PLYMOUTH,West,Consumer
C04794,2023-07-17,38,M,LEICESTER,Central,Home Office
C04795,2024-12-23,48,Other,MANCHESTER,North,Corporate
C04796,2025-02-12,39,F,newcastle,North,Home Office
C04797,04/07/2025,35,F,READING,South,Consumer
C04798,24/08/2023,18,M,Derby,Central,Small Business
C04799,03/03/2025,48,F,oxford,South,Consumer
C04800,2022-09-12,44,M,OXFORD,South,Corporate
C04801,2022-11-09,52,M,BATH,West,Small Business
C04802,2024-01-09,41,M,  Manchester ,North,Consumer
C04803,2022-06-02,56,M,Peterborough,East,Consumer
C04804,2025-11-01,34,M,peterborough,East,Consumer
C04805,2025-09-09,40,F,peterborough,East,Home Office
C04806,20/05/2022,44,F,Bath,West,Home Office
C04807,2025-06-26,50,M,BRIGHTON,South,Small Business
C04808,2024-05-12,46,M,PETERBOROUGH,East,Consumer
C04809,2025-01-13,47,M,Cambridge,East,Consumer
C04810,23/08/2025,44,F,Sheffield,North,Consumer
C04811,09/08/2024,38,F,BIRMINGHAM,Central,Small Business
C04812,01/10/2022,53,F,  Bath ,West,Consumer
C04813,2022-01-15,19,F,LEICESTER,Central,Home Office
C04814,26/04/2024,33,M,bristol,West,Consumer
C04815,2025-11-03,62,M,Portsmouth,South,Consumer
C04816,03/08/2024,32,F,Reading,South,Consumer
C04817,08/11/2023,40,F,Reading,South,Small Business
C04818,2022-04-08,59,F,Leeds,North,Consumer
C04819,2025-09-24,39,F,Oxford,South,Consumer
C04820,2023-09-04,30,M,reading,South,Consumer
C04821,2025-01-16,57,Other,sheffield,North,Consumer
C04822,2025-01-03,37,M,Bath,West,Small Business
C04823,2023-05-17,38,F,Leeds,North,Consumer
C04824,2022-06-21,18,F,Cambridge,East,Small Business
C04825,25/11/2023,39,M,plymouth,West,Consumer
C04826,20/08/2023,50,M,Colchester,East,Corporate
C04827,2025-01-11,35,F,YORK,North,Small Business
C04828,2025-06-04,24,F,Colchester,East,Consumer
C04829,2023-03-29,35,M,Bristol,West,Consumer
C04830,2024-06-06,33,M,Bath,West,Consumer
C04831,01/05/2022,38,F,Southampton,South,Small Business
C04832,2023-03-16,34,M,  Leeds ,North,Home Office
C04833,2025-03-27,63,M,Peterborough,East,Small Business
C04834,2025-05-04,45,F,Newcastle,North,Consumer
C04835,2025-04-13,18,M,Bath,West,Consumer
C04836,2022-11-16,42,F,CARDIFF,West,Consumer
C04837,2024-07-06,,F,  Bath ,West,Consumer
C04838,2024-01-17,,M,Derby,Central,Consumer
C04839,2025-12-21,39,F,Peterborough,East,Corporate
C04840,2024-11-14,39,M,derby,Central,Consumer
C04841,18/10/2025,65,M,Plymouth,West,Home Office
C04842,2022-11-21,27,F,york,North,Small Business
C04843,2024-02-24,51,F,Plymouth,West,Consumer
C04844,2025-04-08,42,F,bath,West,Consumer
C04845,2023-11-01,34,F,coventry,Central,Home Office
C04846,2024-10-18,33,M,Oxford,South,Consumer
C04847,2024-05-16,59,F,oxford,South,Home Office
C04848,2025-12-22,47,F,Bristol,West,Consumer
C04849,2023-01-09,49,M,York,North,Consumer
C04850,18/10/2025,53,M,Ipswich,East,Home Office
C04851,2023-12-19,45,M,NORWICH,East,Small Business
C04852,2024-03-18,27,F,  Newcastle ,North,Small Business
C04853,2024-06-07,21,M,Manchester,North,Small Business
C04854,2023-06-04,61,F,Cardiff,West,Home Office
C04855,2025-11-19,44,,Newcastle,North,Home Office
C04856,2025-09-20,42,M,bath,West,Consumer
C04857,30/11/2025,64,M,exeter,West,Home Office
C04858,27/12/2025,27,M,Plymouth,West,Consumer
C04859,04/12/2024,18,M,OXFORD,South,Consumer
C04860,2024-02-25,18,M,  Leeds ,North,Home Office
C04861,2025-07-11,34,F,Bath,West,Consumer
C04862,21/03/2022,43,M,Leeds,North,Consumer
C04863,2025-06-22,59,,Southampton,South,Consumer
C04864,2024-04-27,52,M,leicester,Central,Small Business
C04865,08/12/2024,18,F,Reading,South,Consumer
C04866,2023-11-10,77,M,reading,South,Home Office
C04867,2023-11-02,36,M,Coventry,Central,Home Office
C04868,10/04/2022,57,F,York,North,Consumer
C04869,2024-01-18,48,M,Sheffield,North,Consumer
C04870,2023-12-28,41,F,Brighton,South,Consumer
C04871,02/04/2023,38,M,  Cardiff ,West,Home Office
C04872,2023-05-07,27,F,  Coventry ,Central,Small Business
C04873,2024-08-18,999,F,CARDIFF,West,Home Office
C04874,2023-08-21,39,M,COVENTRY,Central,Small Business
C04875,17/06/2025,23,F,sheffield,North,Small Business
C04876,2022-09-22,62,F,Ipswich,East,Consumer
C04877,2024-08-10,42,F,Leeds,North,Consumer
C04878,2022-12-17,68,M,Leicester,Central,Consumer
C04879,06/06/2024,35,M,birmingham,Central,Home Office
C04880,2024-07-08,33,M,BRIGHTON,South,Home Office
C04881,2024-10-31,49,M,plymouth,West,Home Office
C04882,23/01/2024,38,F,Cambridge,East,Small Business
C04883,13/05/2024,54,F,  York ,North,Consumer
C04884,2023-01-21,60,M,  Ipswich ,East,Small Business
C04885,2024-03-12,55,F,Birmingham,Central,Corporate
C04886,2023-11-09,59,F,Reading,South,Consumer
C04887,2024-11-29,52,F,Sheffield,North,Consumer
C04888,02/02/2024,34,M,Birmingham,Central,Small Business
C04889,17/04/2025,56,F,Portsmouth,South,Small Business
C04890,2024-01-21,50,M,Oxford,South,Consumer
C04891,2023-04-19,33,M,Exeter,West,Small Business
C04892,16/06/2023,,F,COLCHESTER,East,Home Office
C04893,2022-05-12,40,F,Reading,South,Consumer
C04894,2024-06-22,55,M,  York ,North,Consumer
C04895,2025-06-18,43,F,cardiff,West,Consumer
C04896,05/04/2025,41,F,peterborough,East,Consumer
C04897,2024-02-07,39,M,Plymouth,West,Consumer
C04898,2023-02-15,36,M,  Cardiff ,West,Small Business
C04899,2025-07-26,,F,manchester,North,Consumer
C04900,2022-06-06,51,M,Exeter,West,Home Office
C04901,2023-12-15,28,F,Bristol,West,Consumer
C04902,2025-07-18,42,Other,LEICESTER,Central,Home Office
C04903,07/12/2023,36,M,NEWCASTLE,North,Home Office
C04904,2022-10-03,51,M,SOUTHAMPTON,South,Home Office
C04905,05/06/2023,37,M,Cardiff,West,Consumer
C04906,2024-09-07,28,F,leicester,Central,Consumer
C04907,03/12/2022,54,M,Coventry,Central,Home Office
C04908,2024-11-16,30,M,southampton,South,Small Business
C04909,2024-02-07,43,M,IPSWICH,East,Small Business
C04910,2023-09-14,58,M,  Sheffield ,North,Consumer
C04911,2023-04-27,32,F,plymouth,West,Consumer
C04912,2025-06-09,40,M,Bath,West,Consumer
C04913,2023-12-12,35,M,Exeter,West,Consumer
C04914,2025-02-27,43,M,Oxford,South,Small Business
C04915,2024-02-10,40,M,LEICESTER,Central,Consumer
C04916,16/08/2022,53,M,  Manchester ,North,Consumer
C04917,2024-02-10,33,M,Colchester,East,Home Office
C04918,10/05/2024,58,M,Peterborough,East,Consumer
C04919,2024-03-05,62,M,Peterborough,East,Consumer
C04920,2025-05-31,44,F,Exeter,West,Corporate
C04921,19/09/2025,31,M,Colchester,East,Consumer
C04922,2025-04-26,40,F,york,North,Consumer
C04923,2024-08-16,39,F,York,North,Consumer
C04924,24/06/2024,64,M,Ipswich,East,Consumer
C04925,2024-11-03,40,M,Exeter,West,Small Business
C04926,08/07/2023,59,F,ipswich,East,Consumer
C04927,2025-05-26,42,M,Reading,South,Consumer
C04928,2025-07-18,42,F,Newcastle,North,Consumer
C04929,07/06/2023,36,M,Plymouth,West,Consumer
C04930,2025-09-10,,F,Ipswich,East,Small Business
C04931,2025-07-09,53,F,Norwich,East,Consumer
C04932,19/01/2024,32,F,Ipswich,East,Consumer
C04933,2025-09-17,53,F,Oxford,South,Consumer
C04934,2022-10-08,60,M,Southampton,South,Consumer
C04935,2022-04-01,33,M,Newcastle,North,Consumer
C04936,2023-10-04,57,M,bristol,West,Consumer
C04937,2024-07-25,55,M,SOUTHAMPTON,South,Consumer
C04938,2023-10-09,52,F,Brighton,South,Consumer
C04939,26/10/2025,33,M,birmingham,Central,Corporate
C04940,2023-05-18,39,M,Portsmouth,South,Consumer
C04941,28/06/2023,39,F,Peterborough,East,Consumer
C04942,2024-10-21,68,M,reading,South,Home Office
C04943,20/01/2022,41,F,portsmouth,South,Corporate
C04944,13/02/2025,39,F,MANCHESTER,North,Home Office
C04945,15/11/2023,26,F,cardiff,West,Corporate
C04946,2025-12-06,28,M,Colchester,East,Consumer
C04947,31/12/2024,32,F,exeter,West,Home Office
C04948,2022-05-27,46,F,Coventry,Central,Consumer
C04949,2022-08-17,22,M,SHEFFIELD,North,Corporate
C04950,09/08/2022,32,M,Cardiff,West,Home Office
C04951,2025-11-07,18,F,YORK,North,Consumer
C04952,22/12/2024,59,F,  Ipswich ,East,Consumer
C04953,2024-01-24,,M,Bath,West,Small Business
C04954,22/02/2023,45,F,Leeds,North,Consumer
C04955,2025-08-07,,,coventry,Central,Consumer
C04956,2023-02-24,56,M,NORWICH,East,Home Office
C04957,19/01/2025,61,F,  Southampton ,South,Home Office
C04958,2025-03-29,42,M,york,North,Consumer
C04959,2023-07-18,35,M,Colchester,East,Small Business
C04960,2024-05-07,48,M,Peterborough,East,Small Business
C04961,30/03/2023,51,M,York,North,Consumer
C04962,17/11/2023,52,M,Cambridge,East,Consumer
C04963,2025-11-21,50,M,  York ,North,Consumer
C04964,02/01/2025,54,M,derby,Central,Corporate
C04965,2025-07-06,32,M,Reading,South,Corporate
C04966,2024-06-23,53,M,Ipswich,East,Consumer
C04967,24/04/2023,35,M,exeter,West,Home Office
C04968,2025-01-26,18,F,Exeter,West,Consumer
C04969,01/05/2024,35,M,coventry,Central,Consumer
C04970,14/01/2023,34,F,Nottingham,Central,Home Office
C04971,2024-01-03,44,Other,Manchester,North,Home Office
C04972,2024-10-21,52,M,Portsmouth,South,Consumer
C04973,2025-02-23,44,F,Bath,West,Home Office
C04974,2023-05-01,67,F,sheffield,North,Home Office
C04975,2025-08-10,34,M,Cardiff,West,Consumer
C04976,18/11/2023,,F,Newcastle,North,Consumer
C04977,2023-06-13,45,M,COVENTRY,Central,Consumer
C04978,2023-02-13,34,F,exeter,West,Consumer
C04979,2025-05-17,27,M,cambridge,East,Consumer
C04980,13/10/2023,37,F,portsmouth,South,Home Office
C04981,2024-04-08,31,M,birmingham,Central,Consumer
C04982,2023-03-30,32,M,CARDIFF,West,Home Office
C04983,2024-12-24,61,M,PLYMOUTH,West,Small Business
C04984,2025-04-19,43,M,bristol,West,Home Office
C04985,22/09/2023,38,M,SHEFFIELD,North,Consumer
C04986,29/10/2025,,M,Sheffield,North,Consumer
C04987,07/04/2022,37,F,Manchester,North,Home Office
C04988,2022-10-31,25,F,Plymouth,West,Small Business
C04989,24/08/2024,24,M,Ipswich,East,Consumer
C04990,2025-01-12,40,F,READING,South,Consumer
C04991,2023-05-12,20,M,Nottingham,Central,Consumer
C04992,2024-07-10,26,F,Manchester,North,Consumer
C04993,2023-08-22,36,F,bristol,West,Consumer
C04994,2024-07-10,56,M,Peterborough,East,Home Office
C04995,2024-11-21,58,M,portsmouth,South,Consumer
C04996,2025-11-30,50,F,Sheffield,North,Small Business
C04997,2024-03-02,41,M,Bath,West,Home Office
C04998,2024-11-07,34,M,Exeter,West,Small Business
C04999,2024-08-10,46,F,southampton,South,Consumer
C05000,21/08/2023,64,M,Norwich,East,Small Business
C05001,2023-05-16,43,M,  Norwich ,East,Corporate
C05002,2025-12-17,35,F,  Southampton ,South,Small Business
C05003,04/03/2023,39,M,Norwich,East,Home Office
C05004,2025-04-30,38,M,  Portsmouth ,South,Small Business
C05005,2022-11-24,48,M,Leicester,Central,Home Office
C05006,2025-05-17,31,F,Bath,West,Consumer
C05007,2023-01-29,46,F,leeds,North,Home Office
C05008,2025-11-23,48,F,Bath,West,Home Office
C05009,2024-12-24,45,M,Southampton,South,Consumer
C05010,2022-08-12,27,,BIRMINGHAM,Central,Home Office
C05011,2025-01-02,39,M,PETERBOROUGH,East,Small Business
C05012,2024-09-12,34,F,Manchester,North,Home Office
C05013,19/09/2023,40,M,Cardiff,West,Home Office
C05014,2023-05-28,32,M,Sheffield,North,Home Office
C05015,02/02/2025,57,M,Birmingham,Central,Consumer
C05016,2025-03-02,43,Other,Birmingham,Central,Small Business
C05017,04/09/2023,20,M,  Plymouth ,West,Home Office
C05018,2025-08-10,24,F,Peterborough,East,Consumer
C05019,09/06/2023,,M,Ipswich,East,Consumer
C05020,2022-07-03,39,Other,brighton,South,Home Office
C05021,2024-09-07,36,F,  Sheffield ,North,Consumer
C05022,14/09/2022,56,M,nottingham,Central,Corporate
C05023,2023-06-21,39,M,Brighton,South,Home Office
C05024,10/05/2024,25,M,Reading,South,Corporate
C05025,05/07/2023,26,M,sheffield,North,Home Office
C05026,2023-03-17,49,M,NOTTINGHAM,Central,Small Business
C05027,2025-01-14,67,F,nottingham,Central,Consumer
C05028,2024-07-01,52,F,Reading,South,Small Business
C05029,28/06/2025,36,F,Reading,South,Home Office
C05030,2024-08-14,38,M,Bath,West,Home Office
C05031,2024-04-08,42,F,BRIGHTON,South,Small Business
C05032,2023-05-28,18,M,Nottingham,Central,Consumer
C05033,2025-05-02,41,M,Leicester,Central,Consumer
C05034,16/02/2023,49,F,Plymouth,West,Consumer
C05035,2023-04-29,64,F,manchester,North,Small Business
C05036,30/06/2025,55,M,Cardiff,West,Consumer
C05037,2025-03-02,66,,Birmingham,Central,Consumer
C05038,2024-09-24,63,M,Portsmouth,South,Corporate
C05039,2022-04-27,59,F,Leicester,Central,Home Office
C05040,20/10/2022,41,F,SOUTHAMPTON,South,Small Business
C05041,2024-04-30,45,F,Birmingham,Central,Small Business
C05042,2025-03-08,19,F,Bath,West,Corporate
C05043,2024-03-13,43,F,Sheffield,North,Small Business
C05044,2022-03-04,48,F,colchester,East,Consumer
C05045,26/01/2023,37,M,york,North,Consumer
C05046,2024-08-24,21,F,Portsmouth,South,Consumer
C05047,03/01/2025,62,F,Nottingham,Central,Small Business
C05048,2022-04-14,46,M,Sheffield,North,Corporate
C05049,2022-05-07,63,M,Coventry,Central,Consumer
C05050,2023-05-29,51,M,Manchester,North,Home Office
C05051,31/07/2022,59,M,bristol,West,Consumer
C05052,24/06/2024,56,F,coventry,Central,Home Office
C05053,2022-10-14,32,M,  Exeter ,West,Corporate
C05054,2024-11-07,34,Other,  Coventry ,Central,Corporate
C05055,2025-04-14,35,F,Derby,Central,Consumer
C05056,2025-11-27,28,F,exeter,West,Consumer
C05057,2025-11-02,64,F,BATH,West,Consumer
C05058,16/06/2023,42,M,newcastle,North,Consumer
C05059,2022-04-04,47,F,Southampton,South,Small Business
C05060,2023-09-07,24,M,Oxford,South,Corporate
C05061,2025-01-21,52,M,Exeter,West,Small Business
C05062,12/06/2022,36,M,BRISTOL,West,Consumer
C05063,21/10/2023,57,F,COLCHESTER,East,Small Business
C05064,2023-07-23,32,F,coventry,Central,Consumer
C05065,2023-03-24,58,F,YORK,North,Consumer
C05066,2025-01-18,53,M,Derby,Central,Consumer
C05067,2024-11-21,35,M,newcastle,North,Home Office
C05068,2024-06-16,59,M,oxford,South,Small Business
C05069,2025-09-19,56,F,cambridge,East,Consumer
C05070,2022-09-06,47,M,PORTSMOUTH,South,Consumer
C05071,2022-11-29,28,M,Plymouth,West,Consumer
C05072,2023-11-23,51,M,Bath,West,Small Business
C05073,2024-11-17,42,F,EXETER,West,Home Office
C05074,2024-08-18,42,M,manchester,North,Consumer
C05075,2022-07-12,42,M,Manchester,North,Small Business
C05076,2025-11-13,41,M,newcastle,North,Consumer
C05077,2023-08-02,30,F,Ipswich,East,Consumer
C05078,2023-10-20,21,M,Leeds,North,Consumer
C05079,2024-10-07,19,F,reading,South,Home Office
C05080,2025-10-29,45,M,  Exeter ,West,Consumer
C05081,25/11/2024,18,F,nottingham,Central,Home Office
C05082,09/11/2025,50,F,PLYMOUTH,West,Consumer
C05083,2023-02-01,48,F,newcastle,North,Consumer
C05084,2024-10-01,37,M,Peterborough,East,Consumer
C05085,2025-06-15,54,M,Manchester,North,Home Office
C05086,2024-05-12,38,F,Brighton,South,Corporate
C05087,24/10/2023,46,F,brighton,South,Consumer
C05088,2025-12-14,18,F,birmingham,Central,Home Office
C05089,2022-11-14,18,M,Cambridge,East,Corporate
C05090,2024-01-01,38,M,Brighton,South,Consumer
C05091,2025-08-07,46,M,PLYMOUTH,West,Consumer
C05092,2025-09-07,53,M,  Leicester ,Central,Consumer
C05093,09/12/2025,39,M,  York ,North,Corporate
C05094,2025-08-20,44,F,Exeter,West,Home Office
C05095,24/05/2022,51,F,Manchester,North,Home Office
C05096,2025-10-11,39,M,manchester,North,Small Business
C05097,2024-01-24,49,F,coventry,Central,Consumer
C05098,2024-11-11,26,F,York,North,Consumer
C05099,2023-12-08,19,,Exeter,West,Consumer
C05100,28/05/2025,34,M,sheffield,North,Consumer
C05101,2024-08-07,51,F,  Ipswich ,East,Consumer
C05102,2025-07-05,32,M,Norwich,East,Home Office
C05103,2023-02-11,49,F,Bath,West,Corporate
C05104,27/01/2023,28,F,Bristol,West,Consumer
C05105,10/02/2024,33,F,Cardiff,West,Home Office
C05106,24/01/2022,44,M,Southampton,South,Corporate
C05107,2025-01-02,32,F,LEEDS,North,Consumer
C05108,20/07/2023,35,M,Cambridge,East,Consumer
C05109,14/07/2024,18,F,  Ipswich ,East,Small Business
C05110,2022-07-03,52,F,MANCHESTER,North,Home Office
C05111,04/01/2023,39,F,Birmingham,Central,Consumer
C05112,2024-10-06,29,M,OXFORD,South,Consumer
C05113,2023-08-03,65,M,leeds,North,Consumer
C05114,2023-03-17,,F,Nottingham,Central,Consumer
C05115,2023-04-08,34,M,peterborough,East,Consumer
C05116,2023-03-17,28,F,Exeter,West,Home Office
C05117,2024-10-06,55,F,York,North,Consumer
C05118,30/12/2022,60,F,southampton,South,Consumer
C05119,2023-10-25,58,F,Cardiff,West,Consumer
C05120,2024-12-26,58,M,Reading,South,Consumer
C05121,2024-05-18,33,M,exeter,West,Consumer
C05122,2024-09-04,63,M,York,North,Corporate
C05123,2023-05-13,38,M,SHEFFIELD,North,Consumer
C05124,15/10/2025,21,M,Sheffield,North,Consumer
C05125,2024-01-05,,F,brighton,South,Consumer
C05126,2023-07-06,45,F,southampton,South,Consumer
C05127,2025-09-12,33,F,Exeter,West,Consumer
C05128,16/11/2024,43,F,,East,Home Office
C05129,2024-09-25,48,F,Leeds,North,Consumer
C05130,22/08/2025,46,F,IPSWICH,East,Consumer
C05131,10/06/2022,50,M,Leeds,North,Home Office
C05132,26/06/2025,39,F,reading,South,Small Business
C05133,14/12/2024,32,M,Leicester,Central,Consumer
C05134,2023-10-21,22,,PLYMOUTH,West,Consumer
C05135,2023-05-21,,F,Plymouth,West,Consumer
C05136,2022-09-09,34,F,Brighton,South,Corporate
C05137,2025-10-24,39,M,Leeds,North,Consumer
C05138,2022-11-15,18,M,  Cardiff ,West,Consumer
C05139,2023-05-26,21,M,CAMBRIDGE,East,Small Business
C05140,2024-12-30,48,M,Peterborough,East,Consumer
C05141,23/01/2025,20,F,coventry,Central,Home Office
C05142,18/12/2022,39,M,southampton,South,Consumer
C05143,2025-05-29,30,,exeter,West,Consumer
C05144,2024-05-14,29,M,Ipswich,East,Consumer
C05145,08/07/2025,42,F,Manchester,North,Consumer
C05146,2022-08-07,41,M,  Leeds ,North,Corporate
C05147,2022-05-06,48,,Norwich,East,Home Office
C05148,24/10/2024,27,F,Reading,South,Corporate
C05149,2022-11-29,30,F,Bath,West,Consumer
C05150,2024-06-02,56,F,PLYMOUTH,West,Consumer
C05151,2022-02-23,38,M,Norwich,East,Consumer
C05152,18/04/2025,46,M,,East,Consumer
C05153,2025-09-06,35,M,Colchester,East,Consumer
C05154,2025-06-27,47,F,Cambridge,East,Consumer
C05155,13/11/2025,18,F,Derby,Central,Consumer
C05156,10/09/2025,,F,LEEDS,North,Consumer
C05157,2024-02-15,35,M,Birmingham,Central,Consumer
C05158,2023-12-14,25,F,Manchester,North,Home Office
C05159,2025-09-02,27,M,York,North,Home Office
C05160,2025-10-08,38,F,bath,West,Consumer
C05161,2025-11-30,40,F,York,North,Consumer
C05162,04/04/2025,43,F,PORTSMOUTH,South,Consumer
C05163,2023-02-24,25,F,sheffield,North,Consumer
C05164,2025-10-29,52,M,Cardiff,West,Corporate
C05165,2025-10-31,34,M,cambridge,East,Home Office
C05166,2024-11-29,34,M,Manchester,North,Consumer
C05167,2025-07-19,38,F,Peterborough,East,Corporate
C05168,2024-07-19,50,M,York,North,Corporate
C05169,2025-10-28,41,F,  Birmingham ,Central,Small Business
C05170,20/08/2022,34,F,york,North,Consumer
C05171,2025-07-27,37,M,  Norwich ,East,Home Office
C05172,03/06/2022,57,F,Ipswich,East,Consumer
C05173,2023-09-21,55,M,PETERBOROUGH,East,Home Office
C05174,2022-11-04,46,M,Birmingham,Central,Consumer
C05175,2024-04-02,43,M,brighton,South,Home Office
C05176,2023-04-14,71,F,Plymouth,West,Consumer
C05177,2025-11-06,47,F,,South,Small Business
C05178,2024-07-17,43,M,Plymouth,West,Home Office
C05179,04/09/2025,38,F,Reading,South,Consumer
C05180,2023-06-23,46,M,newcastle,North,Consumer
C05181,27/03/2022,18,M,  Leeds ,North,Consumer
C05182,2025-04-13,54,F,leeds,North,Consumer
C05183,2025-01-13,24,F,BIRMINGHAM,Central,Small Business
C05184,2024-06-29,32,F,Plymouth,West,Small Business
C05185,2025-05-30,23,F,Brighton,South,Home Office
C05186,2025-06-28,31,M,Peterborough,East,Home Office
C05187,2024-08-23,37,M,bath,West,Home Office
C05188,22/11/2025,53,M,Brighton,South,Consumer
C05189,2025-02-04,58,F,  Southampton ,South,Consumer
C05190,2024-12-13,66,,Bath,West,Consumer
C05191,2023-10-23,42,F,Leeds,North,Home Office
C05192,14/01/2022,38,Other,  Ipswich ,East,Home Office
C05193,2023-04-27,51,M,Manchester,North,Consumer
C05194,2025-03-29,30,F,NEWCASTLE,North,Corporate
C05195,2025-01-23,28,Other,Bath,West,Consumer
C05196,2023-09-09,36,F,PLYMOUTH,West,Small Business
C05197,2024-10-10,41,M,Leicester,Central,Small Business
C05198,2023-02-13,18,M,York,North,Consumer
C05199,2023-06-01,55,M,Bath,West,Small Business
C05200,2025-11-01,44,M,Leicester,Central,Consumer
C05201,2024-01-04,51,M,Bath,West,Consumer
C05202,2023-05-03,21,F,Leicester,Central,Consumer
C05203,13/04/2024,32,M,leicester,Central,Corporate
C05204,28/11/2023,32,M,bath,West,Corporate
C05205,2025-02-16,38,F,Derby,Central,Home Office
C05206,2025-11-18,41,M,  Ipswich ,East,Consumer
C05207,28/08/2024,52,M,IPSWICH,East,Consumer
C05208,2024-08-27,,F,nottingham,Central,Consumer
C05209,28/10/2023,31,F,,West,Home Office
C05210,2024-07-24,69,F,LEEDS,North,Consumer
C05211,2023-08-23,38,F,Brighton,South,Corporate
C05212,08/01/2022,29,M,oxford,South,Consumer
C05213,2025-07-29,18,M,Plymouth,West,Home Office
C05214,2024-01-26,42,F,Manchester,North,Consumer
C05215,20/04/2024,50,M,Portsmouth,South,Home Office
C05216,31/07/2022,26,F,Peterborough,East,Consumer
C05217,2025-06-25,49,M,Sheffield,North,Consumer
C05218,2023-01-03,42,,birmingham,Central,Consumer
C05219,2023-12-31,18,F,Colchester,East,Home Office
C05220,29/06/2025,49,F,York,North,Consumer
C05221,05/03/2024,38,M,,South,Consumer
C05222,2025-10-13,26,F,bristol,West,Corporate
C05223,2023-03-08,53,M,norwich,East,Small Business
C05224,2025-01-29,53,F,colchester,East,Home Office
C05225,2025-12-06,26,F,OXFORD,South,Consumer
C05226,2024-07-04,45,M,Derby,Central,Consumer
C05227,01/01/2025,44,F,Bristol,West,Small Business
C05228,2023-12-07,40,M,Plymouth,West,Consumer
C05229,14/03/2025,34,Other,Brighton,South,Consumer
C05230,2025-09-17,,M,Nottingham,Central,Consumer
C05231,2025-01-14,53,F,Cardiff,West,Small Business
C05232,2025-10-19,46,M,PORTSMOUTH,South,Consumer
C05233,2024-08-24,18,M,Birmingham,Central,Home Office
C05234,2024-08-09,18,F,  Leicester ,Central,Consumer
C05235,2023-08-02,18,F,Plymouth,West,Consumer
C05236,22/01/2025,23,M,CARDIFF,West,Consumer
C05237,2025-08-17,31,F,Portsmouth,South,Home Office
C05238,05/11/2024,35,M,peterborough,East,Consumer
C05239,2023-04-15,40,M,leeds,North,Consumer
C05240,2024-06-27,41,M,peterborough,East,Consumer
C05241,2025-03-20,40,M,Southampton,South,Consumer
C05242,2025-10-22,56,M,Reading,South,Home Office
C05243,2022-12-11,19,F,Leicester,Central,Consumer
C05244,2022-10-21,5,F,Sheffield,North,Consumer
C05245,03/01/2024,45,,bristol,West,Home Office
C05246,2022-10-17,25,F,PORTSMOUTH,South,Home Office
C05247,09/12/2025,48,M,Newcastle,North,Corporate
C05248,2024-01-19,46,M,Sheffield,North,Home Office
C05249,2024-06-14,40,F,Portsmouth,South,Consumer
C05250,05/04/2023,18,F,Ipswich,East,Consumer
C05251,22/02/2024,,F,Southampton,South,Home Office
C05252,2025-12-14,44,F,Plymouth,West,Consumer
C05253,15/04/2024,46,M,Cambridge,East,Consumer
C05254,2022-02-06,18,M,Sheffield,North,Consumer
C05255,30/04/2023,34,F,portsmouth,South,Consumer
C05256,2025-12-06,22,M,Newcastle,North,Home Office
C05257,2025-12-19,58,M,Sheffield,North,Home Office
C05258,2023-03-10,27,F,sheffield,North,Home Office
C05259,2024-09-27,60,F,EXETER,West,Small Business
C05260,2022-07-17,53,F,bristol,West,Small Business
C05261,09/08/2024,44,M,PLYMOUTH,West,Consumer
C05262,2022-10-18,56,M,bristol,West,Home Office
C05263,2025-06-03,29,M,PETERBOROUGH,East,Consumer
C05264,2025-10-23,31,M,Southampton,South,Small Business
C05265,2023-01-08,53,M,York,North,Home Office
C05266,11/03/2024,29,F,Cardiff,West,Consumer
C05267,2022-09-04,24,F,  Portsmouth ,South,Home Office
C05268,2023-09-21,37,M,southampton,South,Consumer
C05269,2022-06-23,,F,coventry,Central,Home Office
C05270,2023-06-02,65,M,leeds,North,Corporate
C05271,2025-12-20,51,F,Newcastle,North,Consumer
C05272,10/05/2022,34,,Leicester,Central,Home Office
C05273,2025-07-21,28,M,Portsmouth,South,Corporate
C05274,19/07/2022,45,M,reading,South,Corporate
C05275,07/06/2024,56,M,manchester,North,Consumer
C05276,26/02/2024,45,F,Reading,South,Consumer
C05277,2025-10-13,29,F,BIRMINGHAM,Central,Consumer
C05278,2023-02-20,22,M,Bristol,West,Consumer
C05279,19/01/2023,36,M,PETERBOROUGH,East,Corporate
C05280,2025-03-11,45,F,oxford,South,Small Business
C05281,2025-02-11,35,F,Portsmouth,South,Small Business
C05282,2025-01-09,54,M,Ipswich,East,Consumer
C05283,2022-03-27,48,M,Southampton,South,Consumer
C05284,2023-05-26,44,F,Leeds,North,Consumer
C05285,28/06/2025,48,M,,West,Consumer
C05286,2024-09-08,23,F,Bath,West,Consumer
C05287,2024-09-10,35,F,Derby,Central,Small Business
C05288,2023-07-20,27,F,,West,Small Business
C05289,27/05/2023,46,F,norwich,East,Corporate
C05290,31/10/2025,28,M,Plymouth,West,Consumer
C05291,13/02/2025,42,F,derby,Central,Consumer
C05292,20/10/2022,39,F,Newcastle,North,Consumer
C05293,2025-10-21,49,F,Oxford,South,Corporate
C05294,16/08/2024,25,F,Manchester,North,Consumer
C05295,13/09/2023,47,F,derby,Central,Home Office
C05296,2023-12-12,27,F,leicester,Central,Consumer
C05297,2025-02-11,28,F,Exeter,West,Consumer
C05298,2023-11-13,39,M,portsmouth,South,Small Business
C05299,11/08/2024,57,,Derby,Central,Consumer
C05300,2025-01-23,30,F,york,North,Small Business
C05301,2023-02-14,18,M,Manchester,North,Consumer
C05302,2025-10-28,29,F,Ipswich,East,Home Office
C05303,16/10/2023,36,F,Exeter,West,Home Office
C05304,2024-01-12,65,F,Derby,Central,Small Business
C05305,2025-01-09,46,F,Oxford,South,Corporate
C05306,18/09/2024,31,F,Reading,South,Consumer
C05307,2024-02-10,39,F,norwich,East,Home Office
C05308,09/11/2024,61,F,manchester,North,Small Business
C05309,10/09/2025,38,F,Bath,West,Consumer
C05310,2025-05-12,38,F,Portsmouth,South,Consumer
C05311,2025-06-10,36,M,Leeds,North,Consumer
C05312,2023-05-24,50,M,Reading,South,Consumer
C05313,2024-01-12,34,M,bristol,West,Home Office
C05314,10/07/2024,52,F,coventry,Central,Consumer
C05315,09/05/2022,55,M,Sheffield,North,Home Office
C05316,05/04/2025,49,M,Leeds,North,Corporate
C05317,2023-08-29,38,F,  Leicester ,Central,Consumer
C05318,30/06/2023,23,M,cambridge,East,Consumer
C05319,2023-05-25,38,M,Brighton,South,Small Business
C05320,2023-07-01,32,F,YORK,North,Consumer
C05321,2023-09-20,31,F,birmingham,Central,Corporate
C05322,2024-09-13,38,F,Plymouth,West,Home Office
C05323,2024-08-17,47,M,York,North,Consumer
C05324,2023-05-20,33,M,Newcastle,North,Consumer
C05325,2023-03-03,23,M,newcastle,North,Consumer
C05326,2025-06-12,29,F,southampton,South,Home Office
C05327,2022-08-17,63,F,Newcastle,North,Home Office
C05328,17/05/2024,48,M,Newcastle,North,Consumer
C05329,2024-05-27,29,M,Leeds,North,Home Office
C05330,2024-08-05,58,M,Reading,South,Small Business
C05331,21/08/2025,38,M,CAMBRIDGE,East,Consumer
C05332,2024-10-08,71,M,peterborough,East,Consumer
C05333,2025-12-01,44,M,bristol,West,Consumer
C05334,2025-08-04,48,M,Reading,South,Consumer
C05335,2023-03-17,52,M,  Coventry ,Central,Corporate
C05336,27/04/2023,60,M,Birmingham,Central,Consumer
C05337,2023-09-29,35,M,Leicester,Central,Home Office
C05338,2023-12-05,59,M,York,North,Consumer
C05339,2024-07-09,33,M,Southampton,South,Small Business
C05340,2023-04-14,36,M,Cambridge,East,Consumer
C05341,29/03/2023,41,F,SHEFFIELD,North,Consumer
C05342,2023-11-20,53,M,Leeds,North,Corporate
C05343,2024-12-07,37,Other,Sheffield,North,Consumer
C05344,2024-12-27,62,F,peterborough,East,Consumer
C05345,2025-12-04,58,F,  Plymouth ,West,Consumer
C05346,25/02/2023,42,F,portsmouth,South,Home Office
C05347,06/12/2023,28,M,  Derby ,Central,Consumer
C05348,2025-11-21,54,M,CARDIFF,West,Corporate
C05349,2024-12-29,18,F,Newcastle,North,Consumer
C05350,2024-08-28,51,M,oxford,South,Home Office
C05351,2024-06-21,30,M,YORK,North,Consumer
C05352,2022-07-15,57,M,Leicester,Central,Corporate
C05353,2025-08-30,23,M,Plymouth,West,Consumer
C05354,10/10/2024,32,M,Bath,West,Consumer
C05355,02/08/2024,47,F,bath,West,Consumer
C05356,2024-06-21,49,F,Portsmouth,South,Small Business
C05357,2023-12-05,33,F,Coventry,Central,Consumer
C05358,2023-05-18,37,F,Coventry,Central,Small Business
C05359,2025-03-19,53,M,PLYMOUTH,West,Home Office
C05360,2024-05-13,54,M,Cambridge,East,Small Business
C05361,2022-04-15,36,F,Leeds,North,Corporate
C05362,2023-12-15,33,M,manchester,North,Small Business
C05363,2025-10-10,23,F,Sheffield,North,Consumer
C05364,10/11/2023,44,F,Norwich,East,Consumer
C05365,04/01/2024,52,F,exeter,West,Consumer
C05366,2024-10-08,43,F,leicester,Central,Small Business
C05367,14/05/2025,29,M,Manchester,North,Consumer
C05368,2024-12-02,64,F,Brighton,South,Consumer
C05369,2025-07-10,18,F,sheffield,North,Consumer
C05370,2022-09-26,52,F,Coventry,Central,Consumer
C05371,2025-10-05,44,M,Bath,West,Small Business
C05372,11/09/2025,47,,Colchester,East,Home Office
C05373,2024-05-26,31,M,Peterborough,East,Home Office
C05374,2024-10-09,39,M,colchester,East,Consumer
C05375,2023-03-14,45,M,Southampton,South,Home Office
C05376,2024-02-20,40,F,SHEFFIELD,North,Small Business
C05377,2023-02-25,18,M,Brighton,South,Home Office
C05378,2022-03-16,63,M,Brighton,South,Home Office
C05379,2025-12-09,49,F,  Norwich ,East,Consumer
C05380,2023-05-25,41,F,BRIGHTON,South,Home Office
C05381,2024-08-29,42,F,Cardiff,West,Corporate
C05382,26/07/2023,63,M,COLCHESTER,East,Consumer
C05383,2023-11-05,31,M,Ipswich,East,Small Business
C05384,2023-12-13,28,F,Derby,Central,Small Business
C05385,15/09/2023,52,F,Southampton,South,Consumer
C05386,2024-10-25,47,F,CAMBRIDGE,East,Consumer
C05387,2025-11-16,28,M,Newcastle,North,Consumer
C05388,2024-01-25,55,F,Plymouth,West,Consumer
C05389,01/12/2025,45,F,Peterborough,East,Consumer
C05390,02/12/2024,,M,Manchester,North,Consumer
C05391,2024-09-16,47,F,Manchester,North,Consumer
C05392,21/04/2023,45,,Bristol,West,Consumer
C05393,2022-06-19,40,M,exeter,West,Small Business
C05394,2025-07-12,46,M,Exeter,West,Small Business
C05395,05/08/2024,49,M,OXFORD,South,Small Business
C05396,2024-01-05,53,F,Colchester,East,Small Business
C05397,2025-05-26,42,,cambridge,East,Consumer
C05398,2023-08-10,37,M,,North,Consumer
C05399,2025-04-22,44,F,Norwich,East,Corporate
C05400,2023-09-05,56,M,ipswich,East,Consumer
C05401,2025-10-01,49,M,exeter,West,Consumer
C05402,2023-06-08,37,M,Brighton,South,Consumer
C05403,08/11/2022,42,F,Reading,South,Home Office
C05404,2025-01-08,63,M,nottingham,Central,Home Office
C05405,21/12/2022,51,F,COVENTRY,Central,Consumer
C05406,2025-11-03,43,M,reading,South,Home Office
C05407,2024-11-16,56,M,Leicester,Central,Small Business
C05408,2023-04-11,34,F,Manchester,North,Consumer
C05409,2023-03-07,45,M,Plymouth,West,Corporate
C05410,2025-10-05,65,F,manchester,North,Consumer
C05411,17/09/2024,49,F,OXFORD,South,Small Business
C05412,2025-08-31,62,F,  Nottingham ,Central,Home Office
C05413,2022-09-19,40,F,  York ,North,Small Business
C05414,06/10/2025,35,M,Bristol,West,Consumer
C05415,2024-05-27,56,F,cambridge,East,Consumer
C05416,2024-12-02,18,M,leeds,North,Small Business
C05417,2023-11-08,43,F,Derby,Central,Corporate
C05418,2022-06-11,54,F,Cambridge,East,Small Business
C05419,2025-11-13,48,F,,Central,Small Business
C05420,2025-12-25,,,Bristol,West,Consumer
C05421,28/10/2023,24,M,Manchester,North,Consumer
C05422,2025-10-28,40,F,Brighton,South,Small Business
C05423,2022-12-30,47,F,Brighton,South,Consumer
C05424,08/12/2022,48,M,Norwich,East,Consumer
C05425,2022-07-10,41,F,Manchester,North,Consumer
C05426,2023-12-04,50,Other,oxford,South,Consumer
C05427,2022-05-27,47,F,Plymouth,West,Consumer
C05428,2023-12-09,39,F,  Manchester ,North,Consumer
C05429,2022-11-09,48,M,,West,Consumer
C05430,17/02/2025,33,F,Peterborough,East,Home Office
C05431,2025-06-20,49,F,Sheffield,North,Small Business
C05432,2024-12-26,30,M,leeds,North,Consumer
C05433,2023-02-22,47,,sheffield,North,Consumer
C05434,2025-04-02,,F,cambridge,East,Small Business
C05435,2023-05-10,37,F,leeds,North,Consumer
C05436,24/03/2025,49,M,EXETER,West,Consumer
C05437,27/07/2024,61,M,exeter,West,Home Office
C05438,2023-10-31,28,M,SHEFFIELD,North,Consumer
C05439,2022-07-30,53,Other,Nottingham,Central,Corporate
C05440,2025-06-14,55,M,DERBY,Central,Consumer
C05441,2025-10-23,38,F,Manchester,North,Home Office
C05442,2024-11-29,,M,Birmingham,Central,Consumer
C05443,2025-11-20,38,M,southampton,South,Consumer
C05444,2025-10-16,57,F,plymouth,West,Consumer
C05445,2023-02-12,18,M,  Leeds ,North,Consumer
C05446,18/02/2025,60,M,bath,West,Consumer
C05447,2023-10-06,27,F,  Cardiff ,West,Consumer
C05448,14/04/2024,42,M,Coventry,Central,Small Business
C05449,2022-12-11,30,F,Birmingham,Central,Consumer
C05450,2025-12-02,60,F,Manchester,North,Consumer
C05451,2025-02-11,38,F,Exeter,West,Home Office
C05452,06/06/2023,34,M,Brighton,South,Small Business
C05453,06/11/2023,56,M,Manchester,North,Home Office
C05454,17/01/2024,51,M,YORK,North,Consumer
C05455,2025-03-10,37,M,COVENTRY,Central,Home Office
C05456,2025-10-07,28,Other,Exeter,West,Small Business
C05457,2023-08-26,26,F,Sheffield,North,Consumer
C05458,25/03/2024,58,F,Derby,Central,Small Business
C05459,30/08/2024,46,M,BATH,West,Consumer
C05460,2023-12-07,43,M,portsmouth,South,Consumer
C05461,06/05/2024,47,M,NORWICH,East,Small Business
C05462,2022-09-11,18,M,Bath,West,Consumer
C05463,30/12/2022,37,F,Plymouth,West,Consumer
C05464,2023-12-18,37,M,CAMBRIDGE,East,Home Office
C05465,2025-09-24,54,F,peterborough,East,Consumer
C05466,2023-10-06,22,F,newcastle,North,Home Office
C05467,2023-05-11,55,M,  Norwich ,East,Consumer
C05468,2025-03-04,64,M,SOUTHAMPTON,South,Consumer
C05469,03/11/2025,19,F,southampton,South,Consumer
C05470,07/03/2024,41,M,Portsmouth,South,Small Business
C05471,2022-02-06,47,M,BRISTOL,West,Small Business
C05472,2024-12-27,52,F,  Oxford ,South,Corporate
C05473,2024-01-06,18,F,READING,South,Small Business
C05474,09/12/2024,45,F,newcastle,North,Corporate
C05475,2023-06-22,38,F,COVENTRY,Central,Consumer
C05476,2022-01-14,37,F,Leeds,North,Corporate
C05477,29/09/2023,68,F,Portsmouth,South,Corporate
C05478,16/01/2025,38,F,leeds,North,Small Business
C05479,2023-12-07,47,F,  Exeter ,West,Home Office
C05480,2023-03-24,39,F,  Oxford ,South,Small Business
C05481,13/03/2024,44,M,Oxford,South,Consumer
C05482,15/03/2025,48,F,Birmingham,Central,Consumer
C05483,2022-10-06,53,F,cardiff,West,Consumer
C05484,31/12/2024,31,F,Cambridge,East,Consumer
C05485,2024-12-01,43,M,peterborough,East,Consumer
C05486,05/11/2023,43,F,birmingham,Central,Corporate
C05487,2025-11-27,20,M,LEICESTER,Central,Small Business
C05488,01/09/2025,29,F,Plymouth,West,Consumer
C05489,19/08/2023,53,F,BATH,West,Home Office
C05490,2022-04-08,35,M,coventry,Central,Consumer
C05491,07/08/2023,,M,Derby,Central,Home Office
C05492,2023-03-01,54,M,Sheffield,North,Consumer
C05493,2024-07-01,47,F,  Coventry ,Central,Consumer
C05494,2025-09-29,61,Other,Cardiff,West,Consumer
C05495,2025-08-03,51,F,Norwich,East,Consumer
C05496,03/08/2023,43,M,  Reading ,South,Consumer
C05497,2024-01-25,23,M,Oxford,South,Consumer
C05498,21/04/2022,50,F,plymouth,West,Home Office
C05499,2024-06-27,59,M,Bristol,West,Consumer
C05500,2022-06-20,33,M,  York ,North,Consumer
C05501,22/10/2025,18,F,ipswich,East,Corporate
C05502,2025-07-30,27,F,Manchester,North,Consumer
C05503,2023-03-16,64,M,NORWICH,East,Consumer
C05504,2025-01-10,42,M,colchester,East,Consumer
C05505,2024-07-28,60,,Norwich,East,Small Business
C05506,2025-05-13,41,M,Manchester,North,Home Office
C05507,2024-03-29,35,M,Sheffield,North,Consumer
C05508,08/02/2023,69,F,brighton,South,Home Office
C05509,2024-10-28,36,M,COLCHESTER,East,Small Business
C05510,2022-07-24,38,F,Derby,Central,Consumer
C05511,2024-08-18,47,F,Bath,West,Consumer
C05512,2023-03-14,37,M,PLYMOUTH,West,Consumer
C05513,23/12/2024,51,F,Portsmouth,South,Consumer
C05514,2025-06-14,47,M,sheffield,North,Consumer
C05515,2022-09-18,47,M,coventry,Central,Home Office
C05516,2023-12-17,33,M,Cambridge,East,Home Office
C05517,21/02/2025,19,M,Manchester,North,Consumer
C05518,2022-12-23,30,F,Cambridge,East,Consumer
C05519,26/07/2024,31,M,Exeter,West,Small Business
C05520,2024-12-07,45,F,Portsmouth,South,Consumer
C05521,2023-10-14,30,F,,North,Consumer
C05522,19/06/2025,22,M,peterborough,East,Small Business
C05523,2024-05-14,26,F,NEWCASTLE,North,Small Business
C05524,2024-10-11,46,F,Oxford,South,Home Office
C05525,14/11/2022,50,F,Bath,West,Home Office
C05526,2022-03-19,34,Other,birmingham,Central,Corporate
C05527,2022-05-24,36,M,Oxford,South,Consumer
C05528,11/09/2025,49,M,SHEFFIELD,North,Small Business
C05529,2025-08-18,43,M,norwich,East,Consumer
C05530,2025-05-21,56,F,brighton,South,Consumer
C05531,20/02/2023,39,F,birmingham,Central,Consumer
C05532,03/06/2024,30,F,Cardiff,West,Consumer
C05533,2025-05-07,55,M,Brighton,South,Home Office
C05534,2024-12-10,37,F,Cardiff,West,Small Business
C05535,2022-09-29,31,M,southampton,South,Home Office
C05536,2025-09-02,53,F,ipswich,East,Consumer
C05537,2022-12-18,60,F,LEICESTER,Central,Home Office
C05538,2023-01-06,43,F,Sheffield,North,Home Office
C05539,2025-09-08,28,,oxford,South,Consumer
C05540,2024-04-10,61,F,Nottingham,Central,Consumer
C05541,2023-11-08,46,Other,Colchester,East,Consumer
C05542,10/07/2024,44,F,Brighton,South,Home Office
C05543,2025-12-10,36,M,york,North,Consumer
C05544,2022-10-07,56,M,Southampton,South,Corporate
C05545,21/03/2025,27,F,norwich,East,Home Office
C05546,2023-09-14,25,F,  Brighton ,South,Consumer
C05547,2022-10-02,66,M,Southampton,South,Small Business
C05548,2024-01-16,30,M,Reading,South,Small Business
C05549,2024-07-03,53,M,bath,West,Home Office
C05550,2023-03-03,59,,coventry,Central,Small Business
C05551,2023-12-24,44,F,Cardiff,West,Small Business
C05552,2024-10-22,30,M,cardiff,West,Consumer
C05553,2024-08-08,49,F,plymouth,West,Home Office
C05554,08/02/2025,59,F,Newcastle,North,Consumer
C05555,24/06/2025,45,M,Reading,South,Corporate
C05556,2023-12-29,31,M,Leeds,North,Home Office
C05557,2024-01-17,45,M,Oxford,South,Consumer
C05558,26/04/2024,23,M,  Coventry ,Central,Corporate
C05559,2024-07-26,28,M,Brighton,South,Home Office
C05560,16/09/2022,38,F,plymouth,West,Consumer
C05561,2023-08-13,42,F,York,North,Home Office
C05562,2023-01-06,25,F,Cambridge,East,Consumer
C05563,2023-11-27,44,M,PORTSMOUTH,South,Consumer
C05564,2025-12-01,48,M,Sheffield,North,Consumer
C05565,2024-08-16,38,M,portsmouth,South,Consumer
C05566,2024-01-26,18,M,Exeter,West,Small Business
C05567,26/07/2024,42,F,Ipswich,East,Corporate
C05568,03/12/2024,65,F,Plymouth,West,Corporate
C05569,2024-02-03,47,M,Birmingham,Central,Corporate
C05570,2024-02-20,41,M,colchester,East,Consumer
C05571,2025-01-12,36,M,Derby,Central,Small Business
C05572,2022-06-14,49,F,Sheffield,North,Small Business
C05573,22/06/2024,44,F,READING,South,Consumer
C05574,2024-07-01,50,F,Southampton,South,Home Office
C05575,21/03/2025,27,M,Colchester,East,Home Office
C05576,2025-12-11,43,F,,East,Consumer
C05577,2025-05-07,35,M,NORWICH,East,Consumer
C05578,2024-05-05,46,M,NOTTINGHAM,Central,Consumer
C05579,02/01/2023,18,M,Southampton,South,Corporate
C05580,2024-08-23,36,F,cardiff,West,Consumer
C05581,2025-06-22,48,F,IPSWICH,East,Consumer
C05582,2025-10-14,50,F,Ipswich,East,Small Business
C05583,2025-06-11,41,F,oxford,South,Corporate
C05584,2023-02-03,18,F,OXFORD,South,Consumer
C05585,2025-01-26,49,F,reading,South,Corporate
C05586,2025-08-15,62,M,Exeter,West,Consumer
C05587,18/12/2024,30,M,Cambridge,East,Small Business
C05588,2024-12-24,35,M,Sheffield,North,Consumer
C05589,30/04/2024,51,F,Cardiff,West,Consumer
C05590,2024-10-24,52,M,Bath,West,Small Business
C05591,2023-07-17,55,F,COVENTRY,Central,Small Business
C05592,10/08/2022,54,M,Ipswich,East,Consumer
C05593,14/06/2025,21,M,Plymouth,West,Home Office
C05594,27/10/2025,35,F,IPSWICH,East,Corporate
C05595,2025-07-18,49,F,Plymouth,West,Consumer
C05596,2023-09-14,40,F,Reading,South,Consumer
C05597,2022-08-19,46,F,york,North,Consumer
C05598,2023-06-26,39,,Nottingham,Central,Consumer
C05599,2025-07-02,35,F,plymouth,West,Consumer
C05600,2024-11-17,38,M,Cambridge,East,Consumer
C05601,2025-11-23,26,F,PETERBOROUGH,East,Consumer
C05602,26/09/2023,32,F,cardiff,West,Home Office
C05603,2024-07-07,40,M,sheffield,North,Consumer
C05604,2025-04-30,40,M,Southampton,South,Corporate
C05605,2023-04-16,48,F,manchester,North,Home Office
C05606,2025-11-20,37,M,Newcastle,North,Consumer
C05607,28/08/2024,63,F,YORK,North,Consumer
C05608,2022-02-03,57,M,BATH,West,Small Business
C05609,2022-03-25,34,M,  Sheffield ,North,Consumer
C05610,17/08/2025,44,F,Bristol,West,Consumer
C05611,2024-11-03,57,F,Leicester,Central,Consumer
C05612,2025-03-28,33,M,newcastle,North,Home Office
C05613,2025-04-23,31,M,  Cardiff ,West,Consumer
C05614,2024-01-14,58,M,  Cambridge ,East,Small Business
C05615,2025-05-10,50,F,  Coventry ,Central,Consumer
C05616,20/10/2025,,F,peterborough,East,Consumer
C05617,2023-01-06,45,M,OXFORD,South,Consumer
C05618,2025-03-30,38,F,Reading,South,Consumer
C05619,2023-08-06,24,F,birmingham,Central,Consumer
C05620,2023-08-26,43,F,york,North,Consumer
C05621,2024-01-03,57,F,Bath,West,Consumer
C05622,2025-07-26,57,F,MANCHESTER,North,Small Business
C05623,2022-03-17,55,M,Plymouth,West,Small Business
C05624,2024-02-01,51,F,peterborough,East,Consumer
C05625,2024-12-17,,F,York,North,Consumer
C05626,2022-09-20,21,M,Newcastle,North,Consumer
C05627,2025-05-02,44,M,Brighton,South,Consumer
C05628,2025-10-25,29,M,Plymouth,West,Corporate
C05629,14/08/2022,61,,Cardiff,West,Small Business
C05630,2022-12-05,34,F,Newcastle,North,Consumer
C05631,2025-12-01,54,M,Ipswich,East,Small Business
C05632,2023-02-18,35,M,manchester,North,Home Office
C05633,21/07/2022,46,F,plymouth,West,Consumer
C05634,2025-11-06,,M,bristol,West,Consumer
C05635,2025-08-29,41,M,nottingham,Central,Consumer
C05636,2024-11-17,45,M,DERBY,Central,Home Office
C05637,07/07/2024,53,M,oxford,South,Corporate
C05638,2025-09-29,40,M,Reading,South,Small Business
C05639,2024-11-16,53,F,birmingham,Central,Small Business
C05640,20/11/2024,54,M,york,North,Small Business
C05641,2025-07-03,36,F,manchester,North,Home Office
C05642,2024-11-13,66,M,Oxford,South,Consumer
C05643,2024-05-05,51,F,exeter,West,Consumer
C05644,2023-12-02,35,F,Cardiff,West,Small Business
C05645,04/05/2024,49,M,leicester,Central,Corporate
C05646,2024-05-30,54,F,Reading,South,Consumer
C05647,2023-10-22,49,M,  Oxford ,South,Home Office
C05648,21/02/2024,44,F,Reading,South,Corporate
C05649,2025-05-14,18,M,Bristol,West,Consumer
C05650,2024-01-08,28,M,YORK,North,Corporate
C05651,26/03/2022,50,M,Leicester,Central,Small Business
C05652,30/06/2023,28,F,peterborough,East,Consumer
C05653,13/04/2023,48,M,Bristol,West,Small Business
C05654,2025-05-04,53,F,Bath,West,Home Office
C05655,22/02/2024,40,M,Cambridge,East,Consumer
C05656,2023-06-26,18,M,Plymouth,West,Consumer
C05657,2025-05-25,31,F,Oxford,South,Small Business
C05658,2022-03-09,50,M,bristol,West,Consumer
C05659,2023-01-10,57,F,  Cardiff ,West,Consumer
C05660,2025-06-13,18,M,Peterborough,East,Consumer
C05661,06/07/2024,42,F,Newcastle,North,Consumer
C05662,2025-04-10,22,F,Nottingham,Central,Small Business
C05663,2025-06-26,42,F,Nottingham,Central,Consumer
C05664,2025-10-25,39,M,Norwich,East,Consumer
C05665,2022-06-20,72,M,Nottingham,Central,Small Business
C05666,2025-05-11,34,F,norwich,East,Corporate
C05667,2025-01-21,55,F,Brighton,South,Small Business
C05668,04/03/2023,54,F,IPSWICH,East,Consumer
C05669,2025-10-14,38,M,Manchester,North,Small Business
C05670,22/12/2023,43,M,Ipswich,East,Consumer
C05671,2025-08-23,41,M,Cardiff,West,Consumer
C05672,2024-09-14,31,M,sheffield,North,Consumer
C05673,2024-06-05,30,F,Southampton,South,Consumer
C05674,16/12/2022,36,F,Plymouth,West,Small Business
C05675,2025-09-23,26,M,  Bristol ,West,Consumer
C05676,2024-07-14,34,M,Leicester,Central,Consumer
C05677,28/01/2022,38,F,BRIGHTON,South,Consumer
C05678,06/03/2022,43,F,bristol,West,Corporate
C05679,2025-04-15,47,F,manchester,North,Consumer
C05680,2022-12-20,38,M,York,North,Consumer
C05681,2024-09-06,31,M,Bath,West,Home Office
C05682,2024-12-18,47,F,OXFORD,South,Small Business
C05683,2023-06-25,51,M,Exeter,West,Corporate
C05684,2024-07-30,35,M,OXFORD,South,Consumer
C05685,26/04/2023,,F,sheffield,North,Small Business
C05686,2025-10-30,35,F,Norwich,East,Small Business
C05687,2025-07-22,39,F,York,North,Consumer
C05688,2023-07-08,56,M,Southampton,South,Home Office
C05689,2024-06-07,50,F,YORK,North,Small Business
C05690,2024-05-01,41,M,BRIGHTON,South,Consumer
C05691,2025-11-15,66,M,Bristol,West,Consumer
C05692,08/12/2023,41,M,York,North,Consumer
C05693,2024-07-21,59,M,Colchester,East,Consumer
C05694,10/10/2025,57,F,Colchester,East,Corporate
C05695,21/12/2022,56,M,Peterborough,East,Consumer
C05696,2024-07-06,45,M,Peterborough,East,Small Business
C05697,11/09/2022,43,F,Plymouth,West,Home Office
C05698,2024-09-29,41,F,Plymouth,West,Home Office
C05699,2023-10-29,52,F,York,North,Home Office
C05700,2025-11-24,31,M,bristol,West,Consumer
C05701,2024-01-07,38,F,MANCHESTER,North,Corporate
C05702,2022-11-05,63,M,  Peterborough ,East,Small Business
C05703,2025-06-21,,M,ipswich,East,Consumer
C05704,2025-06-06,53,F,LEEDS,North,Consumer
C05705,04/01/2025,25,F,  Sheffield ,North,Consumer
C05706,2025-03-11,35,F,leeds,North,Consumer
C05707,2023-06-03,45,F,newcastle,North,Corporate
C05708,2024-10-30,40,M,Colchester,East,Consumer
C05709,25/04/2022,25,F,Newcastle,North,Small Business
C05710,2023-02-16,51,F,bristol,West,Consumer
C05711,14/10/2025,55,F,Birmingham,Central,Small Business
C05712,2025-02-27,37,F,Brighton,South,Small Business
C05713,2023-04-11,51,M,YORK,North,Consumer
C05714,22/09/2022,67,F,Brighton,South,Consumer
C05715,2025-11-02,,M,coventry,Central,Home Office
C05716,2022-09-23,38,M,brighton,South,Small Business
C05717,2023-05-22,27,M,york,North,Consumer
C05718,24/01/2023,44,F,birmingham,Central,Consumer
C05719,2022-02-02,72,F,Cambridge,East,Consumer
C05720,16/08/2023,58,F,Reading,South,Home Office
C05721,2025-12-02,41,F,Birmingham,Central,Consumer
C05722,2023-09-25,61,M,Leicester,Central,Corporate
C05723,06/05/2024,56,M,Peterborough,East,Consumer
C05724,08/03/2025,18,M,Portsmouth,South,Small Business
C05725,2024-07-06,55,M,Colchester,East,Small Business
C05726,05/03/2025,43,F,York,North,Consumer
C05727,2024-11-24,30,F,ipswich,East,Consumer
C05728,2024-09-18,42,M,Leeds,North,Home Office
C05729,2024-11-09,46,F,Norwich,East,Home Office
C05730,11/05/2025,31,F,Plymouth,West,Consumer
C05731,2025-01-23,39,M,Coventry,Central,Consumer
C05732,2025-05-02,37,F,Cardiff,West,Small Business
C05733,2022-11-22,51,,York,North,Home Office
C05734,2024-12-14,37,F,Manchester,North,Consumer
C05735,2025-02-25,19,M,colchester,East,Consumer
C05736,26/07/2023,35,F,Brighton,South,Consumer
C05737,08/08/2025,29,M,Sheffield,North,Consumer
C05738,2023-08-02,24,F,Cardiff,West,Consumer
C05739,2023-05-02,56,F,OXFORD,South,Home Office
C05740,2025-07-30,51,M,,North,Consumer
C05741,07/05/2023,28,M,Ipswich,East,Small Business
C05742,2024-01-07,24,F,Nottingham,Central,Small Business
C05743,2023-11-01,40,F,Bath,West,Consumer
C05744,2025-09-05,24,M,Leeds,North,Consumer
C05745,2024-03-01,38,Other,Colchester,East,Home Office
C05746,2025-01-03,42,M,leicester,Central,Consumer
C05747,05/05/2025,45,F,york,North,Consumer
C05748,13/10/2024,45,F,Cambridge,East,Consumer
C05749,2025-10-27,31,M,plymouth,West,Consumer
C05750,2025-05-15,42,M,  Plymouth ,West,Consumer
C05751,2023-12-17,58,F,Newcastle,North,Home Office
C05752,2025-11-05,18,F,Nottingham,Central,Home Office
C05753,2024-06-02,45,F,Oxford,South,Small Business
C05754,2022-03-18,26,M,Manchester,North,Consumer
C05755,2023-05-27,59,M,Sheffield,North,Corporate
C05756,2024-10-05,52,M,IPSWICH,East,Home Office
C05757,2022-12-11,,M,newcastle,North,Consumer
C05758,2024-08-18,30,M,exeter,West,Consumer
C05759,2023-10-23,44,Other,  Exeter ,West,Home Office
C05760,2024-06-15,46,F,Sheffield,North,Corporate
C05761,2022-01-12,18,F,Exeter,West,Small Business
C05762,2025-07-08,43,M,  Coventry ,Central,Corporate
C05763,24/10/2023,49,,Leeds,North,Small Business
C05764,12/11/2022,23,F,bristol,West,Corporate
C05765,2024-02-07,49,F,leicester,Central,Consumer
C05766,2024-04-12,42,M,cardiff,West,Consumer
C05767,2024-10-25,59,F,COLCHESTER,East,Corporate
C05768,2024-06-02,36,M,Nottingham,Central,Home Office
C05769,2022-05-08,43,M,CARDIFF,West,Consumer
C05770,2025-08-04,45,Other,  Portsmouth ,South,Home Office
C05771,2024-03-03,18,M,leeds,North,Consumer
C05772,2022-07-18,36,F,Peterborough,East,Consumer
C05773,09/04/2025,42,M,brighton,South,Consumer
C05774,22/11/2024,18,F,Portsmouth,South,Small Business
C05775,09/11/2024,50,F,  Sheffield ,North,Consumer
C05776,23/01/2024,42,M,,West,Small Business
C05777,2023-12-31,42,M,Plymouth,West,Consumer
C05778,17/06/2024,50,M,Brighton,South,Consumer
C05779,2022-05-23,36,M,newcastle,North,Small Business
C05780,2023-07-24,42,M,Newcastle,North,Small Business
C05781,2025-12-17,52,M,sheffield,North,Consumer
C05782,2024-11-25,42,F,  Ipswich ,East,Consumer
C05783,2024-01-12,18,F,Leeds,North,Small Business
C05784,2023-03-29,42,F,Leicester,Central,Consumer
C05785,07/03/2025,42,M,Oxford,South,Consumer
C05786,2023-05-27,53,M,SHEFFIELD,North,Consumer
C05787,2022-12-21,37,M,Plymouth,West,Home Office
C05788,2022-12-07,28,F,Brighton,South,Home Office
C05789,2025-02-15,28,Other,reading,South,Consumer
C05790,31/10/2024,60,M,York,North,Consumer
C05791,2022-07-03,45,F,exeter,West,Home Office
C05792,28/09/2022,59,M,SOUTHAMPTON,South,Consumer
C05793,2024-10-20,61,Other,exeter,West,Corporate
C05794,2024-08-01,31,F,cambridge,East,Consumer
C05795,24/12/2024,30,M,Coventry,Central,Corporate
C05796,2023-01-16,39,M,PETERBOROUGH,East,Small Business
C05797,2025-02-12,49,F,Exeter,West,Consumer
C05798,2025-10-19,23,F,  Plymouth ,West,Corporate
C05799,2024-09-09,47,F,peterborough,East,Consumer
C05800,15/02/2023,46,M,Cardiff,West,Consumer
C05801,16/12/2024,26,F,Exeter,West,Consumer
C05802,27/09/2023,27,F,leeds,North,Consumer
C05803,2022-05-21,47,M,Cardiff,West,Small Business
C05804,29/07/2023,68,F,Oxford,South,Home Office
C05805,2025-09-13,37,F,Colchester,East,Home Office
C05806,2024-01-01,45,M,  Sheffield ,North,Corporate
C05807,2025-07-27,33,M,  Manchester ,North,Consumer
C05808,2024-05-12,44,M,Sheffield,North,Consumer
C05809,2024-05-23,33,F,Newcastle,North,Home Office
C05810,25/01/2022,38,F,York,North,Consumer
C05811,2024-10-24,73,M,York,North,Consumer
C05812,2022-09-15,42,M,Norwich,East,Small Business
C05813,02/04/2024,21,M,southampton,South,Home Office
C05814,2023-05-27,49,F,coventry,Central,Corporate
C05815,06/12/2023,56,M,Bath,West,Home Office
C05816,18/06/2024,50,M,Manchester,North,Consumer
C05817,2022-02-24,39,M,Portsmouth,South,Consumer
C05818,2023-07-03,29,F,southampton,South,Home Office
C05819,2025-12-19,29,F,Portsmouth,South,Consumer
C05820,07/06/2022,39,F,  Norwich ,East,Consumer
C05821,2023-08-23,36,M,BRISTOL,West,Consumer
C05822,2023-08-26,34,M,cardiff,West,Consumer
C05823,2023-11-18,,F,Portsmouth,South,Consumer
C05824,23/12/2024,53,M,Cardiff,West,Small Business
C05825,2023-05-08,57,M,oxford,South,Consumer
C05826,2024-03-08,31,F,exeter,West,Consumer
C05827,2024-11-03,29,,Nottingham,Central,Home Office
C05828,28/08/2023,42,F,Oxford,South,Home Office
C05829,2025-11-02,46,M,Bath,West,Consumer
C05830,08/12/2025,42,M,  Bristol ,West,Small Business
C05831,2022-10-07,46,M,Cambridge,East,Consumer
C05832,2023-09-28,62,F,Manchester,North,Home Office
C05833,06/03/2023,38,F,bristol,West,Small Business
C05834,2023-01-30,51,F,Brighton,South,Corporate
C05835,2024-04-18,48,F,York,North,Small Business
C05836,2024-07-23,42,M,peterborough,East,Consumer
C05837,2024-01-21,51,M,Portsmouth,South,Consumer
C05838,2023-06-15,,M,sheffield,North,Small Business
C05839,2023-06-24,28,,  Coventry ,Central,Consumer
C05840,2025-12-22,47,F,Portsmouth,South,Consumer
C05841,04/10/2025,20,F,  Peterborough ,East,Corporate
C05842,15/07/2022,48,F,,West,Consumer
C05843,2024-11-18,26,M,York,North,Home Office
C05844,2024-03-03,61,F,bristol,West,Consumer
C05845,2024-12-28,36,F,plymouth,West,Consumer
C05846,2024-09-03,60,F,Cambridge,East,Corporate
C05847,2025-08-25,38,F,Norwich,East,Home Office
C05848,2022-06-27,38,F,derby,Central,Corporate
C05849,06/10/2023,52,F,Derby,Central,Small Business
C05850,2025-12-14,45,M,york,North,Home Office
C05851,2023-01-23,40,F,SOUTHAMPTON,South,Consumer
C05852,2022-10-21,36,F,Ipswich,East,Consumer
C05853,15/02/2025,36,M,Coventry,Central,Consumer
C05854,2025-04-15,72,F,Bristol,West,Consumer
C05855,2024-12-07,19,F,  Reading ,South,Consumer
C05856,2025-04-13,25,M,Derby,Central,Consumer
C05857,03/01/2025,56,F,READING,South,Consumer
C05858,05/11/2022,55,M,Brighton,South,Home Office
C05859,2024-09-18,29,,Colchester,East,Small Business
C05860,14/04/2025,18,M,Oxford,South,Home Office
C05861,28/07/2025,58,F,Cambridge,East,Home Office
C05862,2023-05-05,27,M,Brighton,South,Consumer
C05863,21/10/2022,35,M,Bath,West,Consumer
C05864,2025-04-19,42,M,Coventry,Central,Corporate
C05865,2023-05-21,27,F,Reading,South,Corporate
C05866,10/04/2022,53,M,Norwich,East,Consumer
C05867,2025-06-11,41,M,Bristol,West,Consumer
C05868,2024-05-08,30,F,York,North,Consumer
C05869,2023-09-03,31,F,Bristol,West,Home Office
C05870,15/02/2022,58,M,IPSWICH,East,Consumer
C05871,2022-04-19,37,,Manchester,North,Home Office
C05872,2025-05-03,49,M,Exeter,West,Consumer
C05873,2024-04-17,41,M,Southampton,South,Small Business
C05874,29/11/2022,,F,York,North,Home Office
C05875,2023-10-19,51,F,,North,Home Office
C05876,26/12/2022,55,M,,West,Consumer
C05877,2022-09-24,65,M,Leicester,Central,Consumer
C05878,2023-06-20,18,M,portsmouth,South,Home Office
C05879,2024-07-04,18,F,Newcastle,North,Home Office
C05880,2023-03-09,49,M,York,North,Consumer
C05881,28/09/2023,33,M,Bath,West,Small Business
C05882,01/04/2024,22,F,brighton,South,Consumer
C05883,2024-01-13,42,M,Brighton,South,Corporate
C05884,2022-10-23,35,F,Oxford,South,Home Office
C05885,2022-04-27,24,F,Ipswich,East,Small Business
C05886,19/04/2022,40,M,Cardiff,West,Consumer
C05887,2023-10-07,48,F,norwich,East,Corporate
C05888,2025-02-03,43,M,Manchester,North,Consumer
C05889,2022-10-28,43,M,  Peterborough ,East,Home Office
C05890,2025-04-26,47,F,Ipswich,East,Consumer
C05891,2025-01-30,19,M,cambridge,East,Consumer
C05892,2022-01-20,40,F,SHEFFIELD,North,Home Office
C05893,2022-03-29,44,F,Leeds,North,Consumer
C05894,13/02/2023,36,F,peterborough,East,Small Business
C05895,2022-06-04,30,M,OXFORD,South,Consumer
C05896,2024-06-11,31,F,colchester,East,Consumer
C05897,2022-04-29,37,F,SOUTHAMPTON,South,Home Office
C05898,15/05/2025,53,M,Sheffield,North,Consumer
C05899,2024-04-21,61,M,  Bristol ,West,Consumer
C05900,2025-02-14,58,M,READING,South,Small Business
C05901,2025-03-13,21,F,leeds,North,Home Office
C05902,2024-05-09,29,M,Exeter,West,Consumer
C05903,2025-10-06,50,M,brighton,South,Consumer
C05904,2025-12-20,58,F,Birmingham,Central,Consumer
C05905,20/10/2023,28,F,Sheffield,North,Consumer
C05906,18/10/2022,43,F,Nottingham,Central,Corporate
C05907,2023-10-26,26,M,Bristol,West,Small Business
C05908,2023-03-30,45,M,Newcastle,North,Home Office
C05909,2024-06-10,33,F,NORWICH,East,Consumer
C05910,2023-11-16,43,F,Exeter,West,Small Business
C05911,04/04/2024,25,M,CAMBRIDGE,East,Home Office
C05912,29/03/2025,20,M,Portsmouth,South,Corporate
C05913,2023-06-17,81,M,Coventry,Central,Consumer
C05914,2024-06-19,42,F,bath,West,Small Business
C05915,2023-09-15,69,,NOTTINGHAM,Central,Corporate
C05916,24/04/2025,61,F,bristol,West,Consumer
C05917,27/10/2024,20,F,CARDIFF,West,Corporate
C05918,2022-02-05,46,M,Bath,West,Consumer
C05919,2024-11-22,24,F,Bristol,West,Home Office
C05920,03/01/2023,37,M,leicester,Central,Small Business
C05921,2025-02-09,18,F,Peterborough,East,Consumer
C05922,27/07/2024,21,M,  Manchester ,North,Home Office
C05923,18/12/2023,30,F,  Cambridge ,East,Consumer
C05924,03/01/2025,34,F,manchester,North,Consumer
C05925,2025-07-18,42,F,birmingham,Central,Consumer
C05926,16/04/2025,28,M,Plymouth,West,Consumer
C05927,2024-06-29,43,M,Colchester,East,Consumer
C05928,2025-02-07,56,M,LEEDS,North,Consumer
C05929,2024-01-05,45,M,  Norwich ,East,Consumer
C05930,2025-04-29,40,M,Portsmouth,South,Consumer
C05931,2025-06-15,45,F,Exeter,West,Small Business
C05932,2022-11-07,22,F,Colchester,East,Corporate
C05933,2023-04-23,53,M,Colchester,East,Consumer
C05934,2023-06-11,25,M,Portsmouth,South,Consumer
C05935,2022-12-27,61,F,COLCHESTER,East,Home Office
C05936,2023-12-06,51,F,ipswich,East,Consumer
C05937,10/02/2023,48,Other,exeter,West,Consumer
C05938,2024-09-02,49,F,birmingham,Central,Consumer
C05939,03/09/2022,41,F,bristol,West,Home Office
C05940,2023-06-11,31,M,Reading,South,Corporate
C05941,2024-11-29,29,M,Leeds,North,Corporate
C05942,2023-12-14,64,F,Birmingham,Central,Corporate
C05943,2024-01-15,42,M,  Leicester ,Central,Small Business
C05944,2025-05-09,27,F,newcastle,North,Consumer
C05945,2025-12-13,48,F,bath,West,Consumer
C05946,24/07/2024,45,M,BRIGHTON,South,Small Business
C05947,2022-07-22,37,M,York,North,Home Office
C05948,06/09/2022,29,M,COVENTRY,Central,Consumer
C05949,2025-11-25,51,F,Birmingham,Central,Small Business
C05950,2024-12-16,53,F,NOTTINGHAM,Central,Consumer
C05951,2025-03-16,45,F,MANCHESTER,North,Consumer
C05952,11/12/2024,42,F,Colchester,East,Corporate
C05953,2023-01-19,31,F,Birmingham,Central,Corporate
C05954,2024-02-21,47,F,Bath,West,Consumer
C05955,09/05/2025,33,F,Brighton,South,Consumer
C05956,29/07/2025,24,M,Ipswich,East,Small Business
C05957,2023-04-21,56,F,  Newcastle ,North,Consumer
C05958,2024-09-02,28,F,  Colchester ,East,Corporate
C05959,2022-12-12,18,F,Bristol,West,Small Business
C05960,2025-11-13,58,M,  Leeds ,North,Consumer
C05961,2023-05-15,18,F,Manchester,North,Consumer
C05962,2025-02-12,36,F,Ipswich,East,Small Business
C05963,2023-04-12,27,F,Colchester,East,Small Business
C05964,28/09/2024,32,F,Oxford,South,Small Business
C05965,21/11/2024,70,M,leeds,North,Consumer
C05966,2023-09-06,40,F,CARDIFF,West,Consumer
C05967,2025-06-03,46,M,Southampton,South,Small Business
C05968,2025-08-21,51,M,Cardiff,West,Consumer
C05969,16/07/2025,33,M,IPSWICH,East,Corporate
C05970,09/09/2023,55,M,Southampton,South,Corporate
C05971,2025-03-06,46,F,ipswich,East,Consumer
C05972,17/07/2024,51,F,PLYMOUTH,West,Consumer
C05973,2024-08-29,32,,PETERBOROUGH,East,Small Business
C05974,2024-03-31,47,F,colchester,East,Home Office
C05975,2024-09-08,41,F,Portsmouth,South,Consumer
C05976,04/11/2022,56,F,Oxford,South,Small Business
C05977,2023-12-29,34,F,IPSWICH,East,Home Office
C05978,2023-01-15,67,M,peterborough,East,Consumer
C05979,2023-06-26,45,F,Brighton,South,Consumer
C05980,21/10/2022,39,F,manchester,North,Corporate
C05981,13/03/2023,38,M,Plymouth,West,Home Office
C05982,20/04/2025,41,M,york,North,Consumer
C05983,2024-07-05,33,F,Coventry,Central,Small Business
C05984,21/03/2022,50,M,Colchester,East,Consumer
C05985,2025-04-28,41,F,Leeds,North,Small Business
C05986,18/09/2025,66,M,Cardiff,West,Home Office
C05987,2025-08-15,35,M,Southampton,South,Consumer
C05988,2025-06-08,39,F,coventry,Central,Home Office
C05989,2025-12-22,35,M,leicester,Central,Consumer
C05990,2024-08-21,65,F,cardiff,West,Home Office
C05991,2025-11-18,22,F,Ipswich,East,Consumer
C05992,2025-11-02,42,M,Derby,Central,Consumer
C05993,14/08/2023,45,M,Cardiff,West,Consumer
C05994,2025-07-26,26,Other,birmingham,Central,Consumer
C05995,2025-05-03,75,F,Manchester,North,Consumer
C05996,2025-04-13,29,M,birmingham,Central,Small Business
C05997,2025-09-02,41,M,bath,West,Consumer
C05998,2023-11-24,63,F,Oxford,South,Corporate
C05999,17/12/2023,36,M,leicester,Central,Home Office
C06000,28/10/2024,43,M,  Bath ,West,Small Business
C06001,2025-02-26,37,M,Coventry,Central,Home Office
C06002,2025-08-14,40,F,newcastle,North,Home Office
C06003,2025-08-10,55,M,cambridge,East,Home Office
C06004,2025-02-06,36,M,Bristol,West,Consumer
C06005,12/11/2025,18,F,York,North,Consumer
C06006,17/01/2023,41,F,Bristol,West,Consumer
C06007,04/11/2025,42,M,plymouth,West,Consumer
C06008,2022-06-21,44,F,Brighton,South,Home Office
C06009,2024-07-12,39,M,Bath,West,Home Office
C06010,2022-08-13,30,F,york,North,Consumer
C06011,2024-07-28,38,F,cardiff,West,Consumer
C06012,2023-12-03,64,M,Cardiff,West,Consumer
C06013,2022-07-27,40,F,Ipswich,East,Consumer
C06014,2024-11-07,49,F,Colchester,East,Consumer
C06015,18/02/2025,28,F,Southampton,South,Consumer
C06016,10/01/2023,37,M,Portsmouth,South,Consumer
C06017,2025-01-04,28,F,Leicester,Central,Corporate
C06018,2023-01-18,58,M,READING,South,Consumer
C06019,2022-11-07,21,Other,Southampton,South,Small Business
C06020,25/11/2022,46,M,Southampton,South,Home Office
C06021,2024-09-06,45,F,EXETER,West,Consumer
C06022,2025-04-16,45,F,Cardiff,West,Consumer
C06023,03/09/2024,18,M,Leeds,North,Consumer
C06024,2025-05-23,18,F,portsmouth,South,Home Office
C06025,2024-08-27,43,M,york,North,Consumer
C06026,2025-05-09,29,M,Newcastle,North,Small Business
C06027,2025-12-04,33,M,Oxford,South,Home Office
C06028,2023-12-04,35,M,BRISTOL,West,Consumer
C06029,29/11/2022,27,M,ipswich,East,Corporate
C06030,2022-11-04,25,F,york,North,Consumer
C06031,04/09/2024,41,F,Peterborough,East,Consumer
C06032,2024-07-01,18,M,plymouth,West,Consumer
C06033,2023-01-26,34,M,reading,South,Consumer
C06034,2025-08-17,,F,Brighton,South,Small Business
C06035,2025-11-12,41,F,Plymouth,West,Home Office
C06036,16/05/2023,72,M,newcastle,North,Consumer
C06037,04/03/2023,28,F,bath,West,Small Business
C06038,2023-03-15,46,F,exeter,West,Consumer
C06039,29/11/2023,44,F,Leicester,Central,Small Business
C06040,14/07/2025,48,F,newcastle,North,Small Business
C06041,2024-09-02,38,F,Leeds,North,Home Office
C06042,2022-06-28,60,F,Leicester,Central,Home Office
C06043,2024-03-25,50,F,CAMBRIDGE,East,Consumer
C06044,13/08/2022,50,M,brighton,South,Consumer
C06045,2023-12-25,23,M,Norwich,East,Consumer
C06046,2023-12-21,42,F,newcastle,North,Home Office
C06047,2024-11-07,34,F,Cardiff,West,Consumer
C06048,04/07/2024,30,F,DERBY,Central,Consumer
C06049,2025-08-08,33,M,plymouth,West,Consumer
C06050,2022-03-01,40,F,Colchester,East,Home Office
C06051,2025-04-11,47,M,Coventry,Central,Consumer
C06052,2022-03-18,54,M,  Plymouth ,West,Consumer
C06053,2023-08-01,53,M,LEEDS,North,Small Business
C06054,2025-08-14,45,F,  Bristol ,West,Consumer
C06055,2024-12-30,42,M,Newcastle,North,Home Office
C06056,2023-01-06,37,F,Portsmouth,South,Consumer
C06057,2024-04-18,38,M,  Cambridge ,East,Home Office
C06058,2025-02-06,31,M,Newcastle,North,Consumer
C06059,2025-10-20,35,M,York,North,Home Office
C06060,2024-10-21,46,M,Colchester,East,Consumer
C06061,2022-03-23,61,Other,BRIGHTON,South,Home Office
C06062,30/04/2024,39,M,peterborough,East,Home Office
C06063,2022-12-05,31,M,Southampton,South,Small Business
C06064,2022-05-17,54,F,  Bath ,West,Consumer
C06065,05/09/2024,18,F,Coventry,Central,Corporate
C06066,14/04/2025,55,F,York,North,Small Business
C06067,2022-04-20,22,F,plymouth,West,Consumer
C06068,2025-04-22,50,F,newcastle,North,Consumer
C06069,2025-01-18,35,F,Portsmouth,South,Small Business
C06070,2025-03-15,45,F,  Brighton ,South,Home Office
C06071,2023-05-03,68,M,york,North,Small Business
C06072,07/12/2023,30,F,Manchester,North,Small Business
C06073,07/10/2022,28,M,bristol,West,Home Office
C06074,2023-04-24,42,F,Exeter,West,Consumer
C06075,2023-07-30,61,F,Derby,Central,Consumer
C06076,2023-08-23,43,M,Leicester,Central,Consumer
C06077,2023-01-11,42,M,Reading,South,Consumer
C06078,03/02/2023,43,F,Leeds,North,Corporate
C06079,2025-09-09,28,F,Newcastle,North,Home Office
C06080,22/04/2025,43,M,ipswich,East,Small Business
C06081,2023-09-29,36,M,Bristol,West,Home Office
C06082,2025-11-01,58,Other,Brighton,South,Consumer
C06083,2023-04-24,51,F,York,North,Corporate
C06084,2023-12-26,24,F,Portsmouth,South,Consumer
C06085,2025-05-28,37,F,birmingham,Central,Consumer
C06086,2024-02-14,48,M,Cambridge,East,Consumer
C06087,17/04/2023,28,F,Bristol,West,Consumer
C06088,2023-11-02,27,F,ipswich,East,Small Business
C06089,2024-05-01,35,M,Oxford,South,Consumer
C06090,2024-10-03,45,F,reading,South,Consumer
C06091,24/12/2023,54,F,  Cardiff ,West,Consumer
C06092,29/01/2024,44,M,Bristol,West,Small Business
C06093,2023-06-02,73,M,READING,South,Corporate
C06094,16/06/2024,32,M,Brighton,South,Consumer
C06095,2023-03-24,51,F,  Sheffield ,North,Home Office
C06096,31/07/2025,27,M,manchester,North,Consumer
C06097,09/03/2025,62,M,Manchester,North,Consumer
C06098,2023-12-31,59,M,manchester,North,Consumer
C06099,2025-03-09,50,F,Bristol,West,Home Office
C06100,2022-01-31,18,M,Plymouth,West,Consumer
C06101,29/09/2023,50,M,Plymouth,West,Home Office
C06102,10/02/2024,30,M,Plymouth,West,Consumer
C06103,2024-03-21,47,F,Nottingham,Central,Consumer
C06104,11/03/2025,22,F,Leicester,Central,Small Business
C06105,18/11/2025,45,M,Oxford,South,Consumer
C06106,2023-11-18,36,F,  Manchester ,North,Small Business
C06107,08/10/2023,31,F,LEEDS,North,Consumer
C06108,2024-09-21,49,F,nottingham,Central,Small Business
C06109,2023-06-28,40,M,York,North,Consumer
C06110,14/11/2022,38,M,  Portsmouth ,South,Consumer
C06111,2025-11-17,51,M,Peterborough,East,Consumer
C06112,2025-05-23,66,M,  Cambridge ,East,Consumer
C06113,2025-11-14,45,M,CAMBRIDGE,East,Consumer
C06114,2023-03-22,18,M,Exeter,West,Consumer
C06115,2022-03-05,21,M,Cambridge,East,Consumer
C06116,06/02/2024,42,F,Bristol,West,Home Office
C06117,2025-10-16,54,F,York,North,Home Office
C06118,2022-11-09,43,M,Plymouth,West,Consumer
C06119,2022-10-02,48,M,Norwich,East,Consumer
C06120,2022-07-01,40,M,Leeds,North,Consumer
C06121,31/03/2025,54,F,Coventry,Central,Consumer
C06122,25/04/2025,49,Other,coventry,Central,Small Business
C06123,2025-01-05,28,M,Bath,West,Consumer
C06124,29/05/2022,47,F,Coventry,Central,Small Business
C06125,08/02/2025,21,Other,oxford,South,Home Office
C06126,21/02/2024,47,,Newcastle,North,Home Office
C06127,2022-12-13,37,F,York,North,Consumer
C06128,2023-07-19,43,M,birmingham,Central,Consumer
C06129,2024-05-02,45,F,Plymouth,West,Home Office
C06130,2023-09-07,45,M,  Derby ,Central,Small Business
C06131,2025-11-26,59,M,Exeter,West,Consumer
C06132,2024-03-28,41,F,colchester,East,Consumer
C06133,2023-11-07,43,F,SHEFFIELD,North,Consumer
C06134,08/12/2024,58,F,sheffield,North,Small Business
C06135,2024-11-10,66,F,Ipswich,East,Home Office
C06136,2022-01-14,41,M,Exeter,West,Small Business
C06137,2024-10-01,34,M,York,North,Consumer
C06138,2023-05-02,35,M,Derby,Central,Small Business
C06139,12/11/2023,47,M,Plymouth,West,Consumer
C06140,2025-01-18,38,F,Portsmouth,South,Small Business
C06141,2024-07-14,18,F,Nottingham,Central,Consumer
C06142,2023-11-02,56,M,Peterborough,East,Consumer
C06143,2022-12-29,52,F,Bristol,West,Corporate
C06144,2024-05-08,56,F,,South,Consumer
C06145,2023-08-23,58,M,brighton,South,Corporate
C06146,2025-09-22,43,M,Newcastle,North,Consumer
C06147,2024-06-14,44,F,Cambridge,East,Home Office
C06148,2025-07-29,54,F,Bath,West,Small Business
C06149,2023-12-03,25,M,derby,Central,Corporate
C06150,2025-06-13,36,M,Nottingham,Central,Consumer
C06151,2022-06-05,40,M,Newcastle,North,Home Office
C06152,2023-07-23,53,M,Birmingham,Central,Small Business
C06153,2022-07-20,34,M,Sheffield,North,Small Business
C06154,2022-04-10,32,M,Manchester,North,Consumer
C06155,2025-09-29,35,M,Bath,West,Consumer
C06156,2025-01-31,47,M,nottingham,Central,Consumer
C06157,2024-10-09,40,M,Birmingham,Central,Home Office
C06158,2024-06-12,22,F,Cardiff,West,Small Business
C06159,2024-07-30,25,M,york,North,Corporate
C06160,2024-10-26,43,M,Leeds,North,Consumer
C06161,12/06/2025,43,F,York,North,Consumer
C06162,03/09/2024,41,F,Peterborough,East,Home Office
C06163,2025-03-11,35,F,Norwich,East,Consumer
C06164,2023-06-27,51,M,YORK,North,Home Office
C06165,2025-12-04,46,M,Cambridge,East,Consumer
C06166,2022-04-10,45,M,Cambridge,East,Home Office
C06167,2023-11-28,,F,plymouth,West,Home Office
C06168,2025-08-17,62,M,Brighton,South,Home Office
C06169,20/01/2023,28,F,Portsmouth,South,Small Business
C06170,2022-11-14,36,M,Bath,West,Consumer
C06171,2023-10-29,37,M,Bath,West,Consumer
C06172,2024-01-24,57,F,Southampton,South,Consumer
C06173,2025-10-16,36,F,Sheffield,North,Consumer
C06174,2025-06-24,31,M,Birmingham,Central,Consumer
C06175,13/03/2024,40,M,  Cardiff ,West,Small Business
C06176,2025-11-30,42,M,newcastle,North,Corporate
C06177,2024-10-31,57,Other,colchester,East,Small Business
C06178,2025-08-07,36,F,norwich,East,Consumer
C06179,05/05/2023,32,F,York,North,Consumer
C06180,2024-04-16,29,F,sheffield,North,Small Business
C06181,2022-04-05,37,M,Leicester,Central,Corporate
C06182,2022-02-07,74,F,Cambridge,East,Home Office
C06183,2025-01-17,46,F,  York ,North,Consumer
C06184,2022-10-04,49,M,Bath,West,Consumer
C06185,2024-07-02,41,F,  Peterborough ,East,Home Office
C06186,06/01/2025,43,M,Ipswich,East,Home Office
C06187,11/04/2022,51,F,Oxford,South,Home Office
C06188,2024-02-21,48,F,sheffield,North,Consumer
C06189,2024-12-22,46,M,Manchester,North,Consumer
C06190,2025-08-26,41,M,derby,Central,Consumer
C06191,2023-07-25,36,F,Peterborough,East,Consumer
C06192,2025-12-02,47,,bristol,West,Corporate
C06193,2025-07-04,42,F,SHEFFIELD,North,Consumer
C06194,2024-11-10,69,Other,Bath,West,Consumer
C06195,2023-12-05,55,F,Ipswich,East,Small Business
C06196,2025-01-24,32,M,bristol,West,Consumer
C06197,31/05/2025,26,M,Brighton,South,Consumer
C06198,2023-07-31,36,M,Cambridge,East,Corporate
C06199,23/12/2025,27,F,Manchester,North,Consumer
C06200,2025-09-17,35,F,Newcastle,North,Small Business
C06201,2024-04-11,28,Other,  Bath ,West,Home Office
C06202,07/02/2025,37,F,Newcastle,North,Small Business
C06203,2024-06-01,37,M,  Leeds ,North,Small Business
C06204,2025-03-26,43,M,COVENTRY,Central,Corporate
C06205,2025-06-13,38,F,  Brighton ,South,Consumer
C06206,2022-03-20,29,M,Cambridge,East,Corporate
C06207,2022-07-22,57,F,Bristol,West,Home Office
C06208,2023-09-17,46,F,Bristol,West,Consumer
C06209,2025-09-27,34,F,leeds,North,Home Office
C06210,14/12/2023,29,M,NORWICH,East,Home Office
C06211,2025-08-23,22,F,colchester,East,Consumer
C06212,11/03/2024,21,F,Southampton,South,Small Business
C06213,09/07/2023,55,M,Bath,West,Consumer
C06214,2025-09-08,53,F,derby,Central,Consumer
C06215,2024-07-19,33,F,  Sheffield ,North,Small Business
C06216,22/10/2023,59,F,LEEDS,North,Consumer
C06217,2022-05-10,49,F,  Exeter ,West,Home Office
C06218,21/09/2022,44,F,Ipswich,East,Small Business
C06219,2022-11-11,52,M,Plymouth,West,Home Office
C06220,2023-10-28,49,M,York,North,Consumer
C06221,2024-09-17,43,M,York,North,Corporate
C06222,06/08/2023,38,Other,Exeter,West,Home Office
C06223,24/06/2022,40,M,Derby,Central,Consumer
C06224,2023-06-03,20,Other,Manchester,North,Small Business
C06225,28/12/2023,31,F,  Bath ,West,Consumer
C06226,22/12/2025,64,F,Portsmouth,South,Consumer
C06227,2023-12-07,30,F,sheffield,North,Home Office
C06228,2022-08-11,18,M,  Ipswich ,East,Consumer
C06229,2024-08-14,53,M,brighton,South,Home Office
C06230,30/09/2025,44,M,Plymouth,West,Small Business
C06231,2025-04-26,45,M,Reading,South,Small Business
C06232,2025-06-24,39,F,Ipswich,East,Consumer
C06233,2025-10-10,53,M,leeds,North,Corporate
C06234,2024-10-23,61,M,bath,West,Small Business
C06235,25/12/2025,34,F,Nottingham,Central,Corporate
C06236,2022-04-14,49,M,SOUTHAMPTON,South,Home Office
C06237,2025-06-22,56,M,PORTSMOUTH,South,Small Business
C06238,2025-07-18,33,F,Derby,Central,Consumer
C06239,2025-09-26,61,F,Leeds,North,Consumer
C06240,2024-04-01,55,M,Bath,West,Consumer
C06241,2025-04-27,25,M,cambridge,East,Small Business
C06242,2023-02-13,62,F,nottingham,Central,Consumer
C06243,2024-09-11,26,M,SOUTHAMPTON,South,Small Business
C06244,2023-10-19,32,F,Southampton,South,Home Office
C06245,2024-09-02,50,F,Oxford,South,Corporate
C06246,2024-12-11,55,F,York,North,Consumer
C06247,2023-10-03,42,F,sheffield,North,Consumer
C06248,2023-03-19,33,F,Nottingham,Central,Corporate
C06249,27/08/2023,38,M,oxford,South,Small Business
C06250,2024-11-27,36,M,York,North,Small Business
C06251,2024-12-13,52,Other,Brighton,South,Home Office
C06252,2025-03-02,36,F,Southampton,South,Home Office
C06253,2022-10-19,33,M,Cambridge,East,Consumer
C06254,2025-06-03,22,M,Manchester,North,Consumer
C06255,2024-12-27,33,M,bath,West,Consumer
C06256,2022-04-07,39,F,  Bath ,West,Corporate
C06257,2023-09-16,26,F,Leeds,North,Small Business
C06258,2024-03-17,18,F,bath,West,Consumer
C06259,2023-10-22,54,M,Reading,South,Corporate
C06260,2022-10-03,28,F,Portsmouth,South,Consumer
C06261,2023-03-05,24,F,Derby,Central,Home Office
C06262,2022-03-23,61,M,BIRMINGHAM,Central,Small Business
C06263,18/08/2022,52,M,Brighton,South,Small Business
C06264,05/06/2023,54,F,cambridge,East,Home Office
C06265,05/06/2025,48,M,Brighton,South,Corporate
C06266,2024-06-04,58,F,Cambridge,East,Consumer
C06267,19/01/2024,52,F,Bath,West,Consumer
C06268,2024-11-25,37,M,leeds,North,Consumer
C06269,2024-06-24,27,M,nottingham,Central,Consumer
C06270,28/10/2022,24,F,Plymouth,West,Consumer
C06271,2023-03-29,39,F,leeds,North,Consumer
C06272,2023-03-29,27,M,Bristol,West,Corporate
C06273,07/09/2024,31,M,Plymouth,West,Consumer
C06274,2024-03-10,39,M,Oxford,South,Consumer
C06275,2023-11-29,59,F,norwich,East,Consumer
C06276,13/07/2024,21,F,Cardiff,West,Home Office
C06277,2025-11-27,41,F,Birmingham,Central,Corporate
C06278,2023-08-16,25,F,southampton,South,Corporate
C06279,2024-05-27,34,M,Exeter,West,Small Business
C06280,2024-04-04,53,F,Bristol,West,Corporate
C06281,2025-01-31,30,F,Derby,Central,Corporate
C06282,2025-02-17,38,M,  York ,North,Small Business
C06283,2025-02-15,43,F,norwich,East,Small Business
C06284,24/02/2023,50,F,Leicester,Central,Consumer
C06285,2024-02-22,34,M,Leeds,North,Small Business
C06286,2025-05-25,57,F,oxford,South,Home Office
C06287,2023-11-21,35,M,Ipswich,East,Home Office
C06288,2025-12-13,47,F,norwich,East,Consumer
C06289,2023-10-28,39,F,BATH,West,Consumer
C06290,2024-04-27,51,F,leeds,North,Small Business
C06291,27/03/2024,67,M,cardiff,West,Small Business
C06292,2024-02-01,37,F,portsmouth,South,Home Office
C06293,2025-07-05,41,M,Plymouth,West,Consumer
C06294,2022-12-09,35,M,Portsmouth,South,Corporate
C06295,2024-07-28,33,F,LEEDS,North,Consumer
C06296,2024-10-01,32,F,derby,Central,Small Business
C06297,2025-07-12,41,F,PLYMOUTH,West,Consumer
C06298,2024-09-19,31,M,Southampton,South,Corporate
C06299,2025-11-15,31,F,Reading,South,Consumer
C06300,2025-08-05,18,F,Cambridge,East,Consumer
C06301,05/10/2023,59,F,birmingham,Central,Consumer
C06302,2025-07-22,62,F,Portsmouth,South,Consumer
C06303,2025-11-13,49,F,Birmingham,Central,Consumer
C06304,2023-05-22,30,F,Reading,South,Corporate
C06305,20/09/2024,25,M,bristol,West,Small Business
C06306,2023-06-29,21,F,Southampton,South,Home Office
C06307,2024-11-09,49,M,Manchester,North,Consumer
C06308,2022-08-19,57,F,birmingham,Central,Corporate
C06309,2025-02-21,43,F,York,North,Home Office
C06310,2024-01-13,52,M,Nottingham,Central,Small Business
C06311,2024-08-22,47,M,Manchester,North,Consumer
C06312,2022-03-26,31,M,Southampton,South,Corporate
C06313,2025-01-05,54,F,Coventry,Central,Consumer
C06314,2024-04-25,53,M,Bristol,West,Consumer
C06315,2024-10-09,28,M,MANCHESTER,North,Consumer
C06316,18/08/2023,51,Other,NORWICH,East,Consumer
C06317,2022-11-22,39,M,york,North,Consumer
C06318,2024-02-03,38,F,Nottingham,Central,Consumer
C06319,2025-10-28,46,M,sheffield,North,Consumer
C06320,2023-04-07,46,F,Norwich,East,Consumer
C06321,2024-12-12,,F,Sheffield,North,Consumer
C06322,2022-05-22,30,M,cardiff,West,Small Business
C06323,2025-02-02,48,F,LEICESTER,Central,Consumer
C06324,2023-04-23,26,F,  Cardiff ,West,Consumer
C06325,2024-02-25,39,F,OXFORD,South,Small Business
C06326,2023-11-01,40,F,Leeds,North,Consumer
C06327,24/09/2022,54,M,Leeds,North,Corporate
C06328,2023-09-30,41,M,Coventry,Central,Small Business
C06329,2023-10-07,38,M,NEWCASTLE,North,Home Office
C06330,29/05/2024,60,M,Peterborough,East,Consumer
C06331,2025-11-29,35,F,portsmouth,South,Corporate
C06332,2024-03-21,35,M,Nottingham,Central,Consumer
C06333,2025-09-24,18,F,Ipswich,East,Consumer
C06334,2024-03-10,38,M,  Ipswich ,East,Consumer
C06335,2022-09-14,29,M,Coventry,Central,Consumer
C06336,2023-04-10,38,Other,Coventry,Central,Small Business
C06337,27/12/2023,44,M,Norwich,East,Small Business
C06338,2023-09-01,27,F,Exeter,West,Consumer
C06339,29/07/2025,30,M,Colchester,East,Consumer
C06340,15/12/2024,20,F,Portsmouth,South,Small Business
C06341,10/08/2024,34,M,manchester,North,Home Office
C06342,2024-04-19,29,F,Bristol,West,Corporate
C06343,2023-12-13,69,M,Bristol,West,Consumer
C06344,23/09/2024,61,M,York,North,Consumer
C06345,2022-10-16,58,F,Manchester,North,Consumer
C06346,2022-12-21,24,F,Plymouth,West,Consumer
C06347,30/07/2023,39,F,MANCHESTER,North,Consumer
C06348,2023-01-05,25,F,Bath,West,Small Business
C06349,2024-12-13,65,F,bristol,West,Consumer
C06350,2022-03-24,52,M,PORTSMOUTH,South,Small Business
C06351,2022-12-17,27,M,southampton,South,Small Business
C06352,10/09/2025,46,M,Brighton,South,Corporate
C06353,2025-12-28,22,F,Reading,South,Consumer
C06354,14/04/2024,39,M,Colchester,East,Consumer
C06355,24/04/2024,39,M,CARDIFF,West,Home Office
C06356,10/04/2025,51,F,Plymouth,West,Corporate
C06357,21/04/2022,54,F,Leeds,North,Small Business
C06358,2024-01-23,41,M,BRISTOL,West,Corporate
C06359,2022-08-31,38,F,Brighton,South,Home Office
C06360,18/12/2023,18,,Bristol,West,Home Office
C06361,2025-12-13,61,M,Leeds,North,Consumer
C06362,2025-03-17,32,F,Peterborough,East,Consumer
C06363,2025-12-14,42,M,Colchester,East,Consumer
C06364,2025-03-08,70,F,Southampton,South,Home Office
C06365,18/09/2024,25,F,Leicester,Central,Home Office
C06366,2025-03-18,41,M,,North,Home Office
C06367,2024-11-21,47,F,  Sheffield ,North,Consumer
C06368,2024-03-13,55,F,cardiff,West,Consumer
C06369,2023-07-15,41,M,Cambridge,East,Consumer
C06370,2024-05-27,56,M,Oxford,South,Consumer
C06371,2023-05-24,36,M,reading,South,Small Business
C06372,2024-04-13,48,M,Leeds,North,Small Business
C06373,2022-11-23,46,M,Exeter,West,Consumer
C06374,2024-07-25,40,F,Peterborough,East,Consumer
C06375,2023-05-04,45,F,PORTSMOUTH,South,Consumer
C06376,2023-07-16,30,F,Portsmouth,South,Home Office
C06377,29/04/2024,37,F,birmingham,Central,Home Office
C06378,2022-12-21,24,F,nottingham,Central,Consumer
C06379,18/11/2025,35,M,Sheffield,North,Small Business
C06380,2024-02-19,56,M,Bath,West,Home Office
C06381,2023-10-10,46,,leeds,North,Small Business
C06382,04/04/2022,45,M,sheffield,North,Home Office
C06383,02/07/2025,20,M,bristol,West,Consumer
C06384,10/10/2024,45,F,  Birmingham ,Central,Corporate
C06385,2024-01-08,40,F,sheffield,North,Small Business
C06386,2023-05-04,48,,Leicester,Central,Home Office
C06387,2025-03-07,59,F,Bristol,West,Consumer
C06388,2025-10-30,36,F,exeter,West,Home Office
C06389,2023-11-20,37,M,Bristol,West,Home Office
C06390,2022-11-03,53,M,CAMBRIDGE,East,Consumer
C06391,2022-09-18,33,M,  Derby ,Central,Consumer
C06392,2022-01-29,42,F,NEWCASTLE,North,Consumer
C06393,2025-03-05,18,M,peterborough,East,Small Business
C06394,2025-12-10,37,F,Reading,South,Small Business
C06395,2025-12-23,58,F,Bristol,West,Consumer
C06396,2025-04-23,45,F,Manchester,North,Home Office
C06397,20/12/2022,53,F,Portsmouth,South,Consumer
C06398,06/12/2025,53,M,plymouth,West,Consumer
C06399,2023-09-05,59,F,Oxford,South,Consumer
C06400,13/09/2023,36,F,portsmouth,South,Small Business
C06401,2024-12-26,53,M,SOUTHAMPTON,South,Home Office
C06402,20/05/2022,70,F,cardiff,West,Consumer
C06403,2025-06-11,41,M,Oxford,South,Consumer
C06404,2025-12-28,24,M,Brighton,South,Consumer
C06405,12/04/2025,33,,colchester,East,Consumer
C06406,2025-04-20,47,F,Derby,Central,Home Office
C06407,03/12/2023,19,F,Exeter,West,Consumer
C06408,2022-06-25,31,M,sheffield,North,Small Business
C06409,2025-05-03,37,M,NOTTINGHAM,Central,Consumer
C06410,2024-09-04,42,M,Bath,West,Small Business
C06411,2025-09-18,,M,Bath,West,Consumer
C06412,2022-09-30,50,F,ipswich,East,Consumer
C06413,2023-08-02,27,M,york,North,Consumer
C06414,22/10/2023,84,M,Plymouth,West,Consumer
C06415,21/12/2024,,F,Colchester,East,Consumer
C06416,27/04/2025,19,M,Brighton,South,Corporate
C06417,2025-11-16,28,M,Leeds,North,Consumer
C06418,19/07/2023,28,M,NEWCASTLE,North,Small Business
C06419,2024-04-22,23,M,  Norwich ,East,Consumer
C06420,03/04/2022,48,M,Leeds,North,Home Office
C06421,2023-05-16,18,M,Bath,West,Consumer
C06422,10/11/2023,54,F,exeter,West,Consumer
C06423,2024-08-30,52,M,OXFORD,South,Consumer
C06424,22/03/2024,35,M,york,North,Small Business
C06425,2023-10-27,53,M,MANCHESTER,North,Consumer
C06426,2024-10-08,27,M,  Reading ,South,Consumer
C06427,2025-06-15,30,F,Exeter,West,Corporate
C06428,28/04/2023,48,F,Colchester,East,Home Office
C06429,2023-09-27,38,F,BATH,West,Consumer
C06430,2025-01-16,33,F,Birmingham,Central,Home Office
C06431,2025-04-15,40,M,Sheffield,North,Consumer
C06432,11/06/2025,58,F,Exeter,West,Consumer
C06433,08/03/2023,58,F,IPSWICH,East,Consumer
C06434,2024-06-21,47,M,NORWICH,East,Consumer
C06435,2025-09-07,36,M,Reading,South,Consumer
C06436,2023-12-05,48,F,Brighton,South,Consumer
C06437,27/01/2024,30,F,Cardiff,West,Small Business
C06438,2025-12-14,56,M,Norwich,East,Consumer
C06439,2022-09-25,53,F,Brighton,South,Home Office
C06440,2025-01-17,66,M,Manchester,North,Home Office
C06441,2025-07-10,31,M,Peterborough,East,Consumer
C06442,2022-12-01,29,M,BATH,West,Small Business
C06443,2025-01-28,48,F,Colchester,East,Consumer
C06444,21/03/2024,37,M,Newcastle,North,Small Business
C06445,14/07/2025,54,F,BRIGHTON,South,Home Office
C06446,2025-09-15,58,M,Cardiff,West,Corporate
C06447,2025-08-06,63,F,exeter,West,Consumer
C06448,2022-06-22,42,F,newcastle,North,Consumer
C06449,2025-03-21,52,M,CAMBRIDGE,East,Home Office
C06450,02/10/2025,34,F,Oxford,South,Home Office
C06451,2024-10-04,44,F,cardiff,West,Consumer
C06452,2024-09-08,40,F,,North,Small Business
C06453,2022-05-11,40,M,Ipswich,East,Consumer
C06454,2025-07-17,65,F,Nottingham,Central,Consumer
C06455,2022-05-14,24,F,Portsmouth,South,Consumer
C06456,2023-08-15,41,F,  Portsmouth ,South,Corporate
C06457,2025-10-07,42,M,Newcastle,North,Consumer
C06458,2025-11-03,49,M,york,North,Corporate
C06459,2025-12-22,27,F,leicester,Central,Consumer
C06460,30/03/2024,37,F,Birmingham,Central,Corporate
C06461,15/01/2023,33,M,NEWCASTLE,North,Home Office
C06462,2024-04-14,18,F,Leicester,Central,Home Office
C06463,2022-09-05,56,Other,York,North,Consumer
C06464,2025-08-06,22,F,ipswich,East,Small Business
C06465,2024-07-19,5,F,bristol,West,Consumer
C06466,2023-12-23,53,F,Oxford,South,Home Office
C06467,23/07/2022,37,M,ipswich,East,Consumer
C06468,24/12/2023,37,F,Peterborough,East,Home Office
C06469,2025-07-29,37,F,newcastle,North,Consumer
C06470,2025-01-15,55,F,Leicester,Central,Corporate
C06471,2022-07-28,34,F,Leeds,North,Consumer
C06472,2022-12-16,49,F,Leeds,North,Consumer
C06473,06/12/2023,26,F,  Derby ,Central,Small Business
C06474,03/09/2022,45,M,Portsmouth,South,Corporate
C06475,2025-10-16,53,F,Brighton,South,Small Business
C06476,2024-11-12,59,F,Brighton,South,Consumer
C06477,21/08/2022,21,Other,,North,Home Office
C06478,27/04/2025,37,M,READING,South,Home Office
C06479,2023-11-02,62,Other,brighton,South,Small Business
C06480,2023-05-03,53,F,Peterborough,East,Consumer
C06481,31/07/2024,38,F,CAMBRIDGE,East,Consumer
C06482,2022-02-20,41,F,birmingham,Central,Corporate
C06483,2024-03-15,45,M,Leicester,Central,Consumer
C06484,2025-07-03,36,M,brighton,South,Small Business
C06485,09/10/2025,48,M,Leicester,Central,Small Business
C06486,26/09/2023,47,F,PLYMOUTH,West,Consumer
C06487,2024-10-31,27,M,Derby,Central,Consumer
C06488,2023-04-05,35,M,exeter,West,Home Office
C06489,2024-07-18,35,M,newcastle,North,Consumer
C06490,2023-05-17,38,M,NEWCASTLE,North,Consumer
C06491,01/08/2024,45,M,Nottingham,Central,Corporate
C06492,2023-01-05,43,F,Cambridge,East,Consumer
C06493,25/10/2025,32,M,Nottingham,Central,Consumer
C06494,2025-08-23,58,F,Bristol,West,Small Business
C06495,18/09/2023,41,M,leeds,North,Consumer
C06496,2025-04-14,60,F,Brighton,South,Consumer
C06497,2022-08-23,60,M,nottingham,Central,Corporate
C06498,2025-03-01,27,F,York,North,Home Office
C06499,2023-06-30,35,F,PLYMOUTH,West,Consumer
C06500,2022-11-04,36,,leicester,Central,Corporate
C06501,2024-12-14,45,M,manchester,North,Consumer
C06502,2024-03-21,50,M,Reading,South,Consumer
C06503,2024-06-09,43,M,IPSWICH,East,Consumer
C06504,2024-05-27,34,F,exeter,West,Consumer
C06505,12/06/2022,62,F,COLCHESTER,East,Consumer
C06506,25/05/2022,35,F,MANCHESTER,North,Home Office
C06507,2024-09-09,51,F,York,North,Home Office
C06508,2024-10-07,41,F,Oxford,South,Home Office
C06509,16/05/2022,40,F,Southampton,South,Small Business
C06510,16/11/2023,50,Other,NEWCASTLE,North,Consumer
C06511,2024-09-24,61,F,  Cardiff ,West,Consumer
C06512,2024-11-18,45,M,york,North,Consumer
C06513,2025-06-14,35,M,Bristol,West,Small Business
C06514,2024-01-14,60,M,birmingham,Central,Home Office
C06515,2024-07-03,47,M,peterborough,East,Small Business
C06516,2024-08-11,43,M,Colchester,East,Consumer
C06517,2023-08-13,,M,manchester,North,Home Office
C06518,2022-05-30,45,F,Norwich,East,Consumer
C06519,2022-01-22,73,F,Brighton,South,Small Business
C06520,2025-06-24,41,M,MANCHESTER,North,Corporate
C06521,2023-02-21,56,F,peterborough,East,Consumer
C06522,2024-10-16,47,M,Leeds,North,Consumer
C06523,2024-08-09,47,F,Southampton,South,Consumer
C06524,16/12/2023,36,M,Plymouth,West,Small Business
C06525,2025-06-21,36,F,Peterborough,East,Home Office
C06526,2025-01-08,,M,Newcastle,North,Home Office
C06527,2022-03-18,30,M,Newcastle,North,Small Business
C06528,2025-04-14,34,M,  Reading ,South,Home Office
C06529,2024-05-10,41,F,NORWICH,East,Consumer
C06530,2023-10-02,57,M,cambridge,East,Consumer
C06531,2025-02-12,42,F,York,North,Consumer
C06532,2024-12-24,42,F,  Colchester ,East,Consumer
C06533,2023-08-10,27,M,leicester,Central,Home Office
C06534,12/12/2025,63,F,Cambridge,East,Consumer
C06535,2024-11-08,55,,Ipswich,East,Home Office
C06536,2024-09-15,57,M,peterborough,East,Small Business
C06537,2022-07-03,22,F,Nottingham,Central,Consumer
C06538,25/06/2023,46,F,coventry,Central,Small Business
C06539,19/02/2024,29,M,Leeds,North,Consumer
C06540,2024-10-16,51,Other,manchester,North,Consumer
C06541,2024-05-17,45,F,Leeds,North,Small Business
C06542,2025-03-28,48,F,PLYMOUTH,West,Consumer
C06543,2023-05-30,32,Other,York,North,Consumer
C06544,13/01/2025,27,M,BIRMINGHAM,Central,Corporate
C06545,2025-06-01,33,M,SHEFFIELD,North,Consumer
C06546,31/03/2025,45,F,Peterborough,East,Home Office
C06547,07/04/2025,38,M,southampton,South,Consumer
C06548,2025-08-24,44,M,Cambridge,East,Home Office
C06549,2022-08-01,28,F,  Brighton ,South,Consumer
C06550,2025-01-07,41,M,EXETER,West,Consumer
C06551,2025-11-25,59,F,Colchester,East,Corporate
C06552,2024-08-04,45,F,  Reading ,South,Small Business
C06553,21/03/2023,46,M,Bath,West,Small Business
C06554,30/12/2025,46,F,Birmingham,Central,Consumer
C06555,2023-01-10,34,M,EXETER,West,Home Office
C06556,16/09/2023,62,M,Cardiff,West,Home Office
C06557,2023-01-06,46,M,Colchester,East,Consumer
C06558,14/03/2024,43,F,Nottingham,Central,Corporate
C06559,2024-01-12,50,M,cambridge,East,Consumer
C06560,19/04/2024,53,M,birmingham,Central,Home Office
C06561,09/10/2025,25,F,BATH,West,Consumer
C06562,2024-04-01,42,M,Manchester,North,Consumer
C06563,2024-05-20,70,F,Newcastle,North,Small Business
C06564,2025-08-22,63,M,Exeter,West,Corporate
C06565,2025-06-02,40,M,Bath,West,Consumer
C06566,2023-04-25,50,M,CAMBRIDGE,East,Consumer
C06567,19/02/2022,37,F,  Derby ,Central,Corporate
C06568,2024-10-15,46,M,Colchester,East,Consumer
C06569,04/07/2025,35,F,Brighton,South,Consumer
C06570,2024-07-09,35,M,ipswich,East,Consumer
C06571,2023-03-11,33,M,Manchester,North,Consumer
C06572,2025-03-02,63,M,colchester,East,Consumer
C06573,2024-12-04,35,M,leicester,Central,Consumer
C06574,24/07/2024,56,M,Manchester,North,Home Office
C06575,2025-07-26,35,M,Bath,West,Consumer
C06576,23/04/2025,34,M,Bristol,West,Small Business
C06577,02/12/2024,46,F,SHEFFIELD,North,Consumer
C06578,2024-11-28,24,M,bath,West,Consumer
C06579,2024-11-25,50,,Bristol,West,Home Office
C06580,2024-06-02,39,M,Norwich,East,Small Business
C06581,13/03/2024,34,M,Brighton,South,Consumer
C06582,22/01/2025,31,M,Portsmouth,South,Consumer
C06583,2024-09-21,67,,Norwich,East,Consumer
C06584,17/04/2024,41,M,portsmouth,South,Consumer
C06585,2022-10-19,40,F,Oxford,South,Small Business
C06586,13/01/2025,52,M,leicester,Central,Consumer
C06587,04/11/2024,30,F,plymouth,West,Consumer
C06588,2023-09-26,56,M,  Cardiff ,West,Small Business
C06589,16/10/2023,41,F,Birmingham,Central,Consumer
C06590,06/05/2023,23,M,Sheffield,North,Small Business
C06591,2025-11-17,34,M,SOUTHAMPTON,South,Corporate
C06592,2025-07-22,27,M,Plymouth,West,Home Office
C06593,2024-07-19,42,F,reading,South,Consumer
C06594,2023-12-19,31,M,Manchester,North,Consumer
C06595,2025-02-25,29,M,Bath,West,Consumer
C06596,2024-06-06,45,F,York,North,Consumer
C06597,03/12/2025,42,F,Cambridge,East,Consumer
C06598,02/06/2022,57,M,Ipswich,East,Home Office
C06599,2022-04-16,56,M,Colchester,East,Corporate
C06600,29/07/2024,42,M,  Southampton ,South,Corporate
C06601,2023-02-26,47,,York,North,Consumer
C06602,13/09/2024,23,F,Birmingham,Central,Home Office
C06603,2025-04-19,50,F,Leicester,Central,Consumer
C06604,2022-11-09,46,M,Ipswich,East,Small Business
C06605,2024-02-10,53,F,manchester,North,Corporate
C06606,2024-12-27,37,M,Ipswich,East,Home Office
C06607,2025-06-21,37,M,PORTSMOUTH,South,Consumer
C06608,2024-04-25,37,F,manchester,North,Consumer
C06609,2023-03-03,60,F,sheffield,North,Small Business
C06610,2024-08-20,45,F,NEWCASTLE,North,Small Business
C06611,29/02/2024,22,F,Portsmouth,South,Consumer
C06612,2025-04-08,49,,Southampton,South,Consumer
C06613,2024-07-12,35,F,Bath,West,Corporate
C06614,2023-06-25,55,F,  Ipswich ,East,Consumer
C06615,18/03/2025,48,F,portsmouth,South,Consumer
C06616,2024-05-24,57,M,Manchester,North,Consumer
C06617,15/01/2023,55,M,Leicester,Central,Home Office
C06618,2024-07-22,53,F,NEWCASTLE,North,Consumer
C06619,2025-11-02,56,M,York,North,Consumer
C06620,2025-01-17,52,M,peterborough,East,Consumer
C06621,2023-07-24,32,M,Plymouth,West,Home Office
C06622,24/01/2025,26,Other,Bristol,West,Corporate
C06623,2023-06-30,30,M,Southampton,South,Consumer
C06624,25/06/2024,50,M,BRIGHTON,South,Consumer
C06625,2024-06-04,18,M,Brighton,South,Corporate
C06626,2023-05-07,41,M,Peterborough,East,Consumer
C06627,2023-10-04,38,F,Southampton,South,Consumer
C06628,2025-10-26,57,M,  Portsmouth ,South,Consumer
C06629,2023-05-12,39,F,Leeds,North,Small Business
C06630,13/05/2025,36,M,Derby,Central,Corporate
C06631,2024-12-01,58,M,manchester,North,Consumer
C06632,2024-06-12,40,M,PORTSMOUTH,South,Consumer
C06633,08/11/2022,38,F,Coventry,Central,Consumer
C06634,28/02/2023,35,M,  Plymouth ,West,Home Office
C06635,2023-01-18,45,M,norwich,East,Consumer
C06636,2024-08-21,37,F,plymouth,West,Consumer
C06637,01/12/2025,37,M,Newcastle,North,Home Office
C06638,2025-08-11,60,F,Bristol,West,Consumer
C06639,2022-03-25,42,M,oxford,South,Corporate
C06640,2023-06-16,35,F,Derby,Central,Consumer
C06641,12/12/2022,28,M,LEEDS,North,Consumer
C06642,2025-12-03,44,M,Cambridge,East,Consumer
C06643,2023-04-19,34,M,Cambridge,East,Consumer
C06644,23/02/2023,36,F,Sheffield,North,Consumer
C06645,2024-10-04,30,M,southampton,South,Consumer
C06646,13/07/2024,44,F,Exeter,West,Home Office
C06647,03/04/2023,24,M,  Leeds ,North,Corporate
C06648,2024-12-05,46,F,coventry,Central,Consumer
C06649,2022-08-26,34,M,Reading,South,Small Business
C06650,2022-03-09,50,M,IPSWICH,East,Consumer
C06651,28/07/2022,47,M,COLCHESTER,East,Consumer
C06652,28/10/2023,42,F,Colchester,East,Small Business
C06653,2025-12-02,52,F,BRISTOL,West,Corporate
C06654,2024-07-01,61,F,Cardiff,West,Consumer
C06655,2025-03-18,57,M,colchester,East,Consumer
C06656,2023-08-26,24,M,Colchester,East,Consumer
C06657,2025-02-03,33,M,Norwich,East,Home Office
C06658,22/11/2025,35,M,Southampton,South,Small Business
C06659,2023-10-18,49,F,york,North,Consumer
C06660,30/12/2025,34,M,Newcastle,North,Home Office
C06661,2024-10-26,34,F,Norwich,East,Consumer
C06662,2025-03-11,31,F,Nottingham,Central,Consumer
C06663,2023-05-15,45,F,newcastle,North,Home Office
C06664,2024-11-01,49,M,Norwich,East,Corporate
C06665,2024-05-15,25,M,Portsmouth,South,Home Office
C06666,2025-11-11,34,F,colchester,East,Consumer
C06667,2025-09-12,,F,bath,West,Consumer
C06668,2023-12-12,18,M,Exeter,West,Consumer
C06669,31/10/2025,47,M,Bristol,West,Corporate
C06670,2025-08-20,45,F,BRISTOL,West,Consumer
C06671,26/08/2024,43,F,LEEDS,North,Home Office
C06672,2022-07-28,62,M,Ipswich,East,Corporate
C06673,2022-12-18,19,M,Oxford,South,Small Business
C06674,2022-07-17,18,M,Nottingham,Central,Consumer
C06675,2022-09-15,26,M,exeter,West,Small Business
C06676,2025-12-05,18,M,Newcastle,North,Consumer
C06677,2023-03-13,33,F,Reading,South,Corporate
C06678,30/12/2024,49,M,Peterborough,East,Consumer
C06679,2024-10-23,45,M,Derby,Central,Corporate
C06680,2024-10-17,54,M,manchester,North,Home Office
C06681,2023-03-04,46,F,Cambridge,East,Consumer
C06682,2024-08-12,36,Other,Reading,South,Home Office
C06683,2024-10-10,34,F,cardiff,West,Small Business
C06684,2024-07-31,47,M,  Bath ,West,Consumer
C06685,2023-01-29,21,M,Southampton,South,Home Office
C06686,2025-02-08,18,M,Exeter,West,Small Business
C06687,10/07/2022,46,F,LEEDS,North,Home Office
C06688,27/08/2024,44,F,bath,West,Home Office
C06689,04/02/2024,61,F,Newcastle,North,Consumer
C06690,2023-05-12,50,F,COLCHESTER,East,Small Business
C06691,2025-05-21,45,F,Portsmouth,South,Home Office
C06692,12/01/2023,37,F,  Norwich ,East,Small Business
C06693,15/10/2025,30,M,Southampton,South,Consumer
C06694,2025-08-20,37,M,peterborough,East,Corporate
C06695,2023-10-22,53,,Newcastle,North,Consumer
C06696,2023-08-02,47,M,OXFORD,South,Consumer
C06697,08/11/2022,53,F,Bristol,West,Consumer
C06698,2025-09-26,42,M,cambridge,East,Home Office
C06699,12/10/2024,29,M,  Peterborough ,East,Small Business
C06700,2022-04-10,56,M,  Peterborough ,East,Home Office
C06701,2024-05-15,55,F,Reading,South,Consumer
C06702,2022-08-04,43,F,Bath,West,Consumer
C06703,05/08/2024,48,F,Brighton,South,Consumer
C06704,12/05/2024,48,Other,Derby,Central,Corporate
C06705,29/07/2022,35,F,nottingham,Central,Small Business
C06706,2025-05-31,38,M,southampton,South,Consumer
C06707,30/05/2023,29,F,SOUTHAMPTON,South,Corporate
C06708,24/06/2024,38,F,Bath,West,Consumer
C06709,2024-10-27,,F,Cardiff,West,Consumer
C06710,2025-11-18,52,F,leeds,North,Small Business
C06711,22/04/2024,48,F,Reading,South,Small Business
C06712,27/09/2025,53,F,SHEFFIELD,North,Consumer
C06713,14/10/2023,36,F,  Bristol ,West,Consumer
C06714,19/07/2025,26,F,Exeter,West,Consumer
C06715,19/04/2023,39,M,Sheffield,North,Consumer
C06716,2025-01-20,40,F,Colchester,East,Home Office
C06717,2022-08-09,50,F,Bristol,West,Small Business
C06718,15/12/2025,48,F,Derby,Central,Small Business
C06719,08/11/2025,54,M,Leeds,North,Consumer
C06720,13/02/2024,18,F,PORTSMOUTH,South,Corporate
C06721,01/06/2024,31,M,portsmouth,South,Corporate
C06722,2024-09-04,40,F,Norwich,East,Home Office
C06723,2023-06-18,47,F,  Leeds ,North,Small Business
C06724,2024-12-10,68,F,Sheffield,North,Corporate
C06725,09/01/2025,28,F,cardiff,West,Small Business
C06726,02/06/2024,32,F,Peterborough,East,Consumer
C06727,26/11/2022,35,F,  Newcastle ,North,Consumer
C06728,2025-09-29,31,Other,  Brighton ,South,Corporate
C06729,2022-09-28,29,M,York,North,Consumer
C06730,14/10/2024,42,M,Reading,South,Consumer
C06731,06/09/2022,54,M,  Oxford ,South,Corporate
C06732,2022-11-23,43,F,York,North,Consumer
C06733,2022-03-12,30,M,  Sheffield ,North,Home Office
C06734,26/10/2023,38,F,Coventry,Central,Consumer
C06735,2024-10-27,27,M,Birmingham,Central,Corporate
C06736,2024-05-29,54,M,NEWCASTLE,North,Small Business
C06737,2024-12-10,60,M,plymouth,West,Small Business
C06738,2024-12-11,20,M,manchester,North,Consumer
C06739,2022-11-12,44,F,Bath,West,Home Office
C06740,2022-06-07,31,M,Birmingham,Central,Home Office
C06741,2024-10-09,42,F,Ipswich,East,Consumer
C06742,2024-11-13,40,F,peterborough,East,Consumer
C06743,14/07/2024,,F,Southampton,South,Small Business
C06744,2023-05-05,57,M,Southampton,South,Consumer
C06745,25/05/2025,39,F,Ipswich,East,Consumer
C06746,15/07/2022,35,M,york,North,Consumer
C06747,2024-10-18,43,M,plymouth,West,Consumer
C06748,2022-10-08,30,M,Peterborough,East,Home Office
C06749,15/11/2024,39,F,leeds,North,Consumer
C06750,2024-01-10,18,F,Ipswich,East,Consumer
C06751,02/02/2025,18,M,cardiff,West,Small Business
C06752,27/05/2022,28,F,Ipswich,East,Corporate
C06753,2024-07-11,34,F,Ipswich,East,Consumer
C06754,2022-11-21,18,M,Plymouth,West,Small Business
C06755,2024-12-20,35,,  Manchester ,North,Consumer
C06756,2022-10-07,34,M,Cambridge,East,Consumer
C06757,2022-07-11,40,M,,South,Consumer
C06758,2025-01-27,49,F,manchester,North,Small Business
C06759,2022-06-20,63,M,Nottingham,Central,Consumer
C06760,2023-04-01,47,M,Southampton,South,Consumer
C06761,2025-06-10,28,F,Reading,South,Corporate
C06762,2025-05-23,50,F,Leeds,North,Home Office
C06763,15/07/2025,59,,Leicester,Central,Small Business
C06764,2023-09-02,26,M,Bath,West,Small Business
C06765,2024-06-06,27,F,LEEDS,North,Consumer
C06766,2025-04-10,23,F,Colchester,East,Consumer
C06767,07/11/2022,34,F,Manchester,North,Small Business
C06768,2025-02-09,46,M,bath,West,Consumer
C06769,2022-08-27,60,F,Ipswich,East,Home Office
C06770,2025-09-22,53,M,MANCHESTER,North,Consumer
C06771,2024-10-24,46,M,cambridge,East,Home Office
C06772,21/04/2024,42,M,COVENTRY,Central,Consumer
C06773,2024-04-10,46,F,  Southampton ,South,Corporate
C06774,2023-01-21,47,F,Sheffield,North,Small Business
C06775,2023-10-01,58,F,Birmingham,Central,Home Office
C06776,2025-02-13,41,F,Newcastle,North,Small Business
C06777,23/06/2024,44,F,Cambridge,East,Consumer
C06778,2024-06-08,36,F,Cambridge,East,Consumer
C06779,13/02/2023,42,F,sheffield,North,Consumer
C06780,2024-12-30,38,M,Newcastle,North,Home Office
C06781,2023-12-05,26,F,leeds,North,Corporate
C06782,2023-01-24,52,M,  Manchester ,North,Small Business
C06783,28/10/2025,60,F,COLCHESTER,East,Consumer
C06784,09/05/2024,41,F,CARDIFF,West,Home Office
C06785,06/06/2024,45,M,  Leeds ,North,Consumer
C06786,10/12/2025,52,M,plymouth,West,Small Business
C06787,2023-10-30,39,F,portsmouth,South,Consumer
C06788,2025-10-27,43,M,Manchester,North,Home Office
C06789,2025-01-04,38,M,Ipswich,East,Consumer
C06790,2024-10-19,34,F,  Reading ,South,Small Business
C06791,2023-04-17,48,M,Cambridge,East,Consumer
C06792,26/05/2022,48,F,  Oxford ,South,Home Office
C06793,2024-02-07,53,F,plymouth,West,Consumer
C06794,2022-02-11,41,F,Birmingham,Central,Consumer
C06795,2022-07-06,25,F,Portsmouth,South,Consumer
C06796,2024-09-01,0,M,Birmingham,Central,Small Business
C06797,09/02/2025,31,F,York,North,Consumer
C06798,2022-12-30,31,F,york,North,Consumer
C06799,2025-02-19,34,F,Newcastle,North,Small Business
C06800,2025-11-03,18,M,exeter,West,Small Business
C06801,2025-03-04,38,M,Plymouth,West,Consumer
C06802,2025-04-23,49,M,leicester,Central,Corporate
C06803,11/01/2025,35,Other,  Exeter ,West,Consumer
C06804,02/04/2023,58,Other,SOUTHAMPTON,South,Consumer
C06805,2023-10-22,58,F,Leicester,Central,Small Business
C06806,2025-11-03,53,F,Derby,Central,Small Business
C06807,23/11/2024,18,M,exeter,West,Corporate
C06808,2025-04-29,60,F,  Norwich ,East,Consumer
C06809,2025-11-25,38,F,  Cardiff ,West,Consumer
C06810,2023-04-12,63,M,Manchester,North,Consumer
C06811,27/08/2023,33,F,derby,Central,Consumer
C06812,2024-11-03,39,F,  Derby ,Central,Small Business
C06813,2022-03-23,42,M,Plymouth,West,Small Business
C06814,01/08/2024,29,M,newcastle,North,Home Office
C06815,2025-05-22,20,M,Leeds,North,Consumer
C06816,2024-09-20,18,M,Derby,Central,Consumer
C06817,19/07/2023,79,F,,Central,Corporate
C06818,2025-02-09,19,,bristol,West,Consumer
C06819,2022-11-23,19,F,leicester,Central,Consumer
C06820,2025-09-01,48,M,Cambridge,East,Home Office
C06821,02/09/2022,22,F,Nottingham,Central,Consumer
C06822,26/07/2025,20,F,York,North,Consumer
C06823,2024-04-27,18,M,newcastle,North,Corporate
C06824,25/01/2024,45,M,Colchester,East,Consumer
C06825,2024-05-01,27,,Brighton,South,Corporate
C06826,2023-02-21,49,F,Reading,South,Small Business
C06827,05/03/2024,40,F,  Exeter ,West,Consumer
C06828,2025-07-10,42,M,Leeds,North,Home Office
C06829,2025-05-13,35,M,Exeter,West,Consumer
C06830,2022-12-22,37,F,  Sheffield ,North,Consumer
C06831,09/12/2024,29,M,Bristol,West,Small Business
C06832,18/07/2025,31,F,Leeds,North,Home Office
C06833,04/06/2025,27,M,plymouth,West,Home Office
C06834,2024-01-21,61,M,COLCHESTER,East,Consumer
C06835,2022-05-18,36,M,Southampton,South,Corporate
C06836,2025-10-13,,F,Reading,South,Corporate
C06837,11/12/2023,44,M,Newcastle,North,Consumer
C06838,22/10/2023,31,M,BRIGHTON,South,Consumer
C06839,2025-03-24,40,M,  York ,North,Consumer
C06840,02/06/2023,37,Other,newcastle,North,Consumer
C06841,22/06/2025,60,M,Bath,West,Corporate
C06842,2022-07-16,36,Other,manchester,North,Consumer
C06843,2025-03-01,52,M,manchester,North,Consumer
C06844,22/11/2025,50,M,  Oxford ,South,Home Office
C06845,2025-12-26,23,,NORWICH,East,Consumer
C06846,2025-10-04,43,F,colchester,East,Home Office
C06847,2025-08-04,31,M,plymouth,West,Consumer
C06848,24/06/2023,25,M,  Peterborough ,East,Small Business
C06849,2025-11-23,25,F,Ipswich,East,Consumer
C06850,2025-10-09,52,F,Oxford,South,Consumer
C06851,2024-06-15,75,F,Brighton,South,Consumer
C06852,2023-12-19,31,M,exeter,West,Home Office
C06853,2022-09-18,44,M,oxford,South,Small Business
C06854,2024-08-26,45,F,EXETER,West,Small Business
C06855,2025-01-11,34,F,Ipswich,East,Consumer
C06856,22/12/2023,59,Other,Colchester,East,Consumer
C06857,25/12/2023,70,F,Peterborough,East,Home Office
C06858,2024-08-04,33,M,Birmingham,Central,Small Business
C06859,31/03/2022,64,M,  Reading ,South,Consumer
C06860,2025-11-13,34,M,OXFORD,South,Small Business
C06861,2023-07-11,28,F,Coventry,Central,Consumer
C06862,2022-11-14,39,M,Norwich,East,Corporate
C06863,2022-01-26,52,Other,oxford,South,Consumer
C06864,2025-07-18,40,F,  Reading ,South,Consumer
C06865,2025-07-26,51,M,Reading,South,Home Office
C06866,2022-08-22,44,M,Plymouth,West,Consumer
C06867,03/12/2022,59,F,,South,Consumer
C06868,2024-02-20,48,F,Manchester,North,Consumer
C06869,29/01/2023,61,F,Manchester,North,Consumer
C06870,2025-02-23,30,F,Birmingham,Central,Consumer
C06871,2022-06-09,38,F,NORWICH,East,Corporate
C06872,2024-07-04,41,F,Ipswich,East,Consumer
C06873,22/11/2023,30,M,LEICESTER,Central,Consumer
C06874,2024-03-14,28,M,Portsmouth,South,Corporate
C06875,2024-01-20,46,M,bath,West,Consumer
C06876,05/12/2022,50,M,Bath,West,Consumer
C06877,2023-03-26,42,M,Cambridge,East,Consumer
C06878,2022-06-23,55,F,cardiff,West,Consumer
C06879,2022-09-29,27,F,Birmingham,Central,Home Office
C06880,2025-12-06,36,M,Newcastle,North,Home Office
C06881,26/06/2023,26,M,York,North,Consumer
C06882,05/08/2023,43,F,Cardiff,West,Consumer
C06883,2022-10-20,47,M,Reading,South,Consumer
C06884,19/03/2025,58,Other,Cambridge,East,Consumer
C06885,2025-10-05,26,M,manchester,North,Corporate
C06886,29/04/2025,46,M,  Exeter ,West,Consumer
C06887,23/09/2024,60,M,exeter,West,Home Office
C06888,2025-05-28,28,M,leicester,Central,Consumer
C06889,2023-12-22,25,F,cambridge,East,Consumer
C06890,2025-07-21,22,Other,  Derby ,Central,Home Office
C06891,10/05/2025,49,M,Peterborough,East,Consumer
C06892,11/01/2022,32,F,Colchester,East,Consumer
C06893,2024-04-14,47,Other,Cardiff,West,Home Office
C06894,2023-06-03,38,F,Colchester,East,Consumer
C06895,2022-08-05,64,M,Ipswich,East,Home Office
C06896,2025-07-06,51,M,manchester,North,Corporate
C06897,2022-02-04,31,F,brighton,South,Home Office
C06898,2025-02-16,37,M,Cardiff,West,Consumer
C06899,2025-12-18,51,F,Manchester,North,Corporate
C06900,06/04/2024,27,M,  Cardiff ,West,Consumer
C06901,2023-11-06,56,M,portsmouth,South,Small Business
C06902,15/09/2024,38,M,southampton,South,Small Business
C06903,2025-05-17,52,Other,EXETER,West,Consumer
C06904,26/04/2023,38,F,Newcastle,North,Consumer
C06905,2023-05-12,34,M,Birmingham,Central,Small Business
C06906,2024-09-16,32,M,coventry,Central,Consumer
C06907,23/10/2025,64,F,Cambridge,East,Consumer
C06908,2023-07-24,37,F,Southampton,South,Consumer
C06909,2023-11-14,81,M,Leeds,North,Corporate
C06910,23/12/2025,43,F,Exeter,West,Consumer
C06911,2023-01-13,30,F,newcastle,North,Consumer
C06912,18/07/2022,20,M,Derby,Central,Consumer
C06913,2024-08-25,57,,Derby,Central,Home Office
C06914,2022-03-22,38,F,Leeds,North,Consumer
C06915,2023-01-20,52,F,Cardiff,West,Home Office
C06916,2024-10-05,71,F,Peterborough,East,Small Business
C06917,2024-11-21,50,M,IPSWICH,East,Home Office
C06918,2024-05-14,45,F,York,North,Home Office
C06919,2023-11-24,57,Other,Bath,West,Consumer
C06920,08/08/2024,51,F,  Sheffield ,North,Small Business
C06921,01/11/2024,25,F,Nottingham,Central,Consumer
C06922,16/05/2025,58,M,peterborough,East,Consumer
C06923,03/05/2025,40,F,Peterborough,East,Small Business
C06924,2024-11-28,61,M,LEICESTER,Central,Home Office
C06925,2025-08-31,48,F,Exeter,West,Home Office
C06926,2025-06-26,56,M,Cambridge,East,Consumer
C06927,31/10/2022,38,F,Southampton,South,Small Business
C06928,2025-11-11,21,F,Norwich,East,Small Business
C06929,28/08/2025,48,M,Portsmouth,South,Small Business
C06930,2023-08-26,54,F,  Nottingham ,Central,Small Business
C06931,2022-03-12,34,M,Reading,South,Home Office
C06932,2024-09-12,38,M,southampton,South,Small Business
C06933,07/02/2024,18,M,Bristol,West,Consumer
C06934,2025-03-12,39,F,  Portsmouth ,South,Consumer
C06935,2024-06-02,25,M,  Coventry ,Central,Home Office
C06936,2022-07-17,48,F,  Southampton ,South,Corporate
C06937,03/05/2023,45,F,Leeds,North,Home Office
C06938,2025-08-17,41,F,Peterborough,East,Small Business
C06939,2022-04-24,58,M,Norwich,East,Consumer
C06940,24/02/2025,44,F,  Birmingham ,Central,Small Business
C06941,2023-07-14,44,M,BRIGHTON,South,Consumer
C06942,2024-02-27,45,M,SHEFFIELD,North,Consumer
C06943,10/06/2024,33,F,Oxford,South,Consumer
C06944,11/05/2023,54,F,Southampton,South,Corporate
C06945,2024-11-12,29,M,CAMBRIDGE,East,Consumer
C06946,2025-01-02,46,M,Portsmouth,South,Corporate
C06947,2022-08-03,57,F,Peterborough,East,Small Business
C06948,2023-11-10,28,M,Coventry,Central,Home Office
C06949,2025-03-06,24,M,Portsmouth,South,Small Business
C06950,06/02/2025,27,F,  Cardiff ,West,Corporate
C06951,28/06/2024,65,M,leeds,North,Consumer
C06952,2025-04-15,33,M,bath,West,Consumer
C06953,15/09/2022,25,M,Portsmouth,South,Consumer
C06954,2022-10-04,46,F,Peterborough,East,Small Business
C06955,2024-11-19,18,F,Oxford,South,Consumer
C06956,02/01/2025,29,M,Sheffield,North,Corporate
C06957,2025-05-29,59,F,Southampton,South,Home Office
C06958,2023-01-21,29,F,York,North,Home Office
C06959,2024-05-22,38,F,Birmingham,Central,Home Office
C06960,23/11/2024,45,M,Reading,South,Consumer
C06961,2023-03-31,45,F,Leicester,Central,Corporate
C06962,23/05/2024,34,F,IPSWICH,East,Consumer
C06963,2024-10-26,48,M,  Manchester ,North,Consumer
C06964,2023-03-16,60,F,  Brighton ,South,Corporate
C06965,12/11/2023,27,F,Manchester,North,Home Office
C06966,2023-03-19,35,,cardiff,West,Consumer
C06967,2025-09-10,40,M,manchester,North,Consumer
C06968,2023-04-21,50,F,Leicester,Central,Small Business
C06969,09/10/2022,41,F,leeds,North,Small Business
C06970,18/04/2022,39,M,Portsmouth,South,Corporate
C06971,2022-05-11,21,M,leeds,North,Small Business
C06972,2023-02-07,26,M,Plymouth,West,Consumer
C06973,2024-09-18,44,F,Norwich,East,Consumer
C06974,2022-03-05,34,M,coventry,Central,Consumer
C06975,06/07/2023,37,F,OXFORD,South,Consumer
C06976,2022-06-09,40,Other,Leeds,North,Consumer
C06977,22/12/2023,71,F,Bristol,West,Consumer
C06978,2022-05-19,35,F,Ipswich,East,Small Business
C06979,2024-09-17,59,M,EXETER,West,Consumer
C06980,2024-12-27,58,M,oxford,South,Home Office
C06981,2025-02-18,51,M,  Cardiff ,West,Consumer
C06982,2023-04-01,30,F,Newcastle,North,Home Office
C06983,2025-08-01,43,M,Nottingham,Central,Small Business
C06984,2024-12-29,36,M,Manchester,North,Home Office
C06985,2022-06-06,67,M,Exeter,West,Consumer
C06986,2024-02-11,46,M,LEEDS,North,Consumer
C06987,03/04/2025,38,F,Exeter,West,Home Office
C06988,2023-08-11,64,M,bath,West,Consumer
C06989,2023-11-21,36,F,leicester,Central,Consumer
C06990,2024-10-15,48,F,Cambridge,East,Consumer
C06991,2022-06-03,50,F,Oxford,South,Consumer
C06992,2025-11-23,46,,BATH,West,Home Office
C06993,10/01/2023,40,,Cambridge,East,Home Office
C06994,28/03/2022,52,F,  Norwich ,East,Small Business
C06995,26/01/2022,33,M,leeds,North,Consumer
C06996,16/12/2023,55,F,  Southampton ,South,Small Business
C06997,19/08/2025,37,M,BRIGHTON,South,Home Office
C06998,2025-06-04,58,F,Bristol,West,Small Business
C06999,2025-09-21,55,F,York,North,Consumer
C07000,2024-06-14,48,F,Brighton,South,Small Business
C07001,2024-02-21,40,M,Plymouth,West,Small Business
C07002,2023-11-27,55,M,Norwich,East,Home Office
C07003,2022-05-14,48,M,NOTTINGHAM,Central,Small Business
C07004,2025-09-18,18,M,Leeds,North,Corporate
C07005,2024-04-25,30,M,Southampton,South,Consumer
C07006,2024-03-01,43,F,  Peterborough ,East,Consumer
C07007,2024-05-20,45,M,Oxford,South,Consumer
C07008,2025-05-05,50,M,bath,West,Home Office
C07009,2023-04-01,61,M,Sheffield,North,Consumer
C07010,2025-01-23,0,M,IPSWICH,East,Consumer
C07011,2025-01-24,18,M,leeds,North,Small Business
C07012,2025-07-10,44,F,colchester,East,Consumer
C07013,2022-02-06,57,M,Plymouth,West,Home Office
C07014,2023-01-03,42,F,Manchester,North,Consumer
C07015,2024-03-23,44,F,CAMBRIDGE,East,Home Office
C07016,2025-07-11,35,M,  Cambridge ,East,Corporate
C07017,2025-11-21,53,F,Bristol,West,Small Business
C07018,01/09/2024,36,M,sheffield,North,Home Office
C07019,2023-03-13,49,F,Brighton,South,Corporate
C07020,2023-01-27,47,M,EXETER,West,Small Business
C07021,2024-10-27,42,F,ipswich,East,Consumer
C07022,2023-03-09,47,F,exeter,West,Home Office
C07023,2024-07-09,44,F,Reading,South,Home Office
C07024,2025-06-22,58,M,Derby,Central,Consumer
C07025,2023-12-02,50,F,york,North,Consumer
C07026,2023-11-16,55,F,Sheffield,North,Consumer
C07027,2022-04-21,31,F,Norwich,East,Corporate
C07028,2023-05-17,30,,norwich,East,Home Office
C07029,08/01/2025,42,M,Ipswich,East,Consumer
C07030,22/10/2023,51,M,Manchester,North,Consumer
C07031,2022-12-14,48,M,Leeds,North,Consumer
C07032,2022-09-11,31,F,Bristol,West,Small Business
C07033,2022-08-22,51,M,Brighton,South,Consumer
C07034,2024-11-21,33,M,Exeter,West,Small Business
C07035,2024-09-23,50,F,Plymouth,West,Corporate
C07036,2024-05-25,45,,York,North,Corporate
C07037,2024-05-01,38,F,bristol,West,Consumer
C07038,2022-12-05,34,F,nottingham,Central,Small Business
C07039,2024-05-01,43,M,Exeter,West,Corporate
C07040,2022-06-13,42,M,Sheffield,North,Corporate
C07041,2025-10-07,27,M,Colchester,East,Corporate
C07042,2022-06-08,49,M,Nottingham,Central,Consumer
C07043,2024-01-18,56,M,Peterborough,East,Small Business
C07044,2022-01-05,52,Other,brighton,South,Corporate
C07045,2025-04-25,45,M,Sheffield,North,Home Office
C07046,2022-12-27,35,M,Plymouth,West,Consumer
C07047,2025-10-06,43,M,plymouth,West,Consumer
C07048,2022-05-09,39,F,nottingham,Central,Consumer
C07049,2025-06-06,43,F,Nottingham,Central,Small Business
C07050,2024-11-18,53,M,PORTSMOUTH,South,Consumer
C07051,11/05/2023,40,F,Norwich,East,Consumer
C07052,25/02/2023,18,M,Sheffield,North,Home Office
C07053,18/10/2023,51,F,sheffield,North,Consumer
C07054,2025-06-15,46,F,NEWCASTLE,North,Consumer
C07055,2025-07-24,43,F,  Coventry ,Central,Consumer
C07056,11/01/2023,26,F,,North,Consumer
C07057,2023-10-12,30,F,Norwich,East,Consumer
C07058,2023-04-22,32,F,brighton,South,Home Office
C07059,2022-10-12,33,M,Reading,South,Consumer
C07060,2024-11-05,35,F,Peterborough,East,Consumer
C07061,2023-10-01,26,F,Newcastle,North,Corporate
C07062,2023-04-03,69,F,Oxford,South,Small Business
C07063,2025-07-29,61,F,NORWICH,East,Consumer
C07064,2025-03-11,45,M,bristol,West,Consumer
C07065,10/04/2025,41,M,bristol,West,Consumer
C07066,28/04/2022,65,F,plymouth,West,Consumer
C07067,24/09/2025,62,F,Oxford,South,Home Office
C07068,06/08/2024,31,F,Sheffield,North,Consumer
C07069,2024-05-05,44,M,Oxford,South,Home Office
C07070,2022-02-12,39,F,  Leicester ,Central,Small Business
C07071,2025-09-04,37,M,Manchester,North,Consumer
C07072,2024-06-27,39,F,Newcastle,North,Consumer
C07073,2025-06-11,40,M,nottingham,Central,Consumer
C07074,2024-11-16,44,F,Leicester,Central,Consumer
C07075,2025-05-08,44,F,Newcastle,North,Consumer
C07076,2025-01-02,60,F,Plymouth,West,Consumer
C07077,2025-10-01,31,M,oxford,South,Consumer
C07078,2023-04-03,54,M,ipswich,East,Consumer
C07079,2023-02-24,27,M,colchester,East,Consumer
C07080,2025-01-26,44,F,COVENTRY,Central,Home Office
C07081,2024-05-02,55,M,Leeds,North,Consumer
C07082,2024-09-06,,F,Bath,West,Corporate
C07083,2025-01-21,,M,Manchester,North,Consumer
C07084,02/07/2024,45,M,norwich,East,Home Office
C07085,2025-04-27,62,F,Bath,West,Consumer
C07086,2023-08-23,33,M,Bath,West,Small Business
C07087,2025-07-21,48,,Derby,Central,Consumer
C07088,15/09/2022,54,M,cardiff,West,Home Office
C07089,2024-10-20,36,F,Bath,West,Consumer
C07090,26/08/2025,64,M,Portsmouth,South,Home Office
C07091,2023-05-15,68,F,Derby,Central,Small Business
C07092,2023-09-03,55,F,Colchester,East,Corporate
C07093,2023-08-03,55,M,Southampton,South,Home Office
C07094,2024-07-23,19,F,ipswich,East,Consumer
C07095,03/01/2024,24,F,Reading,South,Consumer
C07096,2022-09-15,40,M,peterborough,East,Consumer
C07097,2025-08-28,32,F,Southampton,South,Consumer
C07098,01/03/2023,49,M,Manchester,North,Consumer
C07099,2024-06-14,18,M,  Leicester ,Central,Home Office
C07100,01/09/2024,49,F,COVENTRY,Central,Consumer
C07101,2022-05-01,39,M,Colchester,East,Consumer
C07102,23/08/2022,34,Other,Leicester,Central,Home Office
C07103,2025-11-29,66,F,Southampton,South,Consumer
C07104,2024-11-27,37,F,Southampton,South,Consumer
C07105,2022-04-14,20,F,Leicester,Central,Consumer
C07106,2025-05-05,47,M,Colchester,East,Consumer
C07107,2024-05-12,46,F,BRISTOL,West,Home Office
C07108,2022-07-14,39,F,reading,South,Consumer
C07109,2024-12-18,72,M,BRIGHTON,South,Consumer
C07110,29/04/2024,44,M,sheffield,North,Consumer
C07111,01/03/2023,54,M,Derby,Central,Consumer
C07112,2025-08-12,45,F,sheffield,North,Consumer
C07113,2023-07-13,58,M,Norwich,East,Consumer
C07114,2023-07-03,37,M,York,North,Consumer
C07115,2023-06-15,27,M,Bristol,West,Corporate
C07116,2025-04-03,51,M,Oxford,South,Home Office
C07117,2025-01-18,45,F,PLYMOUTH,West,Consumer
C07118,2025-09-10,51,F,Peterborough,East,Home Office
C07119,09/04/2023,33,F,leeds,North,Small Business
C07120,2025-04-25,47,F,Sheffield,North,Home Office
C07121,04/08/2024,20,F,York,North,Corporate
C07122,08/08/2023,35,F,exeter,West,Consumer
C07123,2022-04-19,32,F,exeter,West,Small Business
C07124,2025-06-03,47,,oxford,South,Home Office
C07125,2023-04-27,35,M,Colchester,East,Consumer
C07126,2024-10-17,23,M,  Brighton ,South,Small Business
C07127,2024-07-03,34,F,,Central,Small Business
C07128,2022-01-22,49,F,Derby,Central,Small Business
C07129,25/12/2025,43,F,Bristol,West,Small Business
C07130,29/05/2025,31,M,York,North,Consumer
C07131,12/04/2024,52,M,Portsmouth,South,Corporate
C07132,17/12/2024,61,F,Leicester,Central,Corporate
C07133,2024-03-30,53,F,Leeds,North,Consumer
C07134,2025-03-06,18,F,BATH,West,Consumer
C07135,02/11/2022,44,F,Coventry,Central,Consumer
C07136,18/02/2024,39,F,Cardiff,West,Small Business
C07137,16/09/2023,18,M,Ipswich,East,Small Business
C07138,07/03/2024,24,F,Colchester,East,Consumer
C07139,24/02/2024,51,M,birmingham,Central,Small Business
C07140,17/11/2022,43,F,Portsmouth,South,Small Business
C07141,2025-12-04,42,F,birmingham,Central,Corporate
C07142,2022-02-27,33,M,Portsmouth,South,Consumer
C07143,2022-02-10,55,F,  Plymouth ,West,Small Business
C07144,09/11/2023,5,M,nottingham,Central,Small Business
C07145,2024-10-03,29,F,ipswich,East,Consumer
C07146,2023-01-19,37,M,Oxford,South,Consumer
C07147,2024-06-13,21,M,Sheffield,North,Small Business
C07148,07/02/2025,30,F,Bristol,West,Corporate
C07149,2022-08-20,55,,Peterborough,East,Corporate
C07150,13/12/2025,30,F,Southampton,South,Consumer
C07151,2023-09-18,51,F,derby,Central,Corporate
C07152,2024-10-31,49,F,coventry,Central,Consumer
C07153,20/09/2022,,M,Derby,Central,Small Business
C07154,22/01/2025,23,F,Norwich,East,Consumer
C07155,29/06/2025,42,M,Birmingham,Central,Corporate
C07156,2022-09-10,18,M,Derby,Central,Consumer
C07157,2022-10-18,34,M,newcastle,North,Small Business
C07158,2023-06-28,44,M,coventry,Central,Home Office
C07159,2022-02-16,52,M,colchester,East,Consumer
C07160,2025-12-15,39,F,birmingham,Central,Corporate
C07161,2024-09-05,,F,Plymouth,West,Small Business
C07162,2024-09-17,32,M,  Plymouth ,West,Home Office
C07163,14/11/2025,35,F,Portsmouth,South,Consumer
C07164,2025-06-19,49,F,York,North,Small Business
C07165,29/05/2025,46,M,reading,South,Consumer
C07166,2023-09-22,41,F,Bath,West,Consumer
C07167,2023-09-15,49,F,plymouth,West,Small Business
C07168,14/07/2023,41,F,SHEFFIELD,North,Consumer
C07169,02/10/2023,24,F,Newcastle,North,Home Office
C07170,04/11/2023,27,F,Exeter,West,Consumer
C07171,2022-11-12,49,Other,Southampton,South,Home Office
C07172,2023-10-15,23,F,leeds,North,Consumer
C07173,2024-02-19,36,M,Sheffield,North,Home Office
C07174,2023-08-09,40,F,ipswich,East,Consumer
C07175,26/12/2022,28,F,Norwich,East,Consumer
C07176,2023-11-09,19,F,Exeter,West,Consumer
C07177,05/04/2024,26,F,portsmouth,South,Home Office
C07178,2025-02-05,18,M,NEWCASTLE,North,Consumer
C07179,2025-01-24,49,F,Bath,West,Consumer
C07180,25/02/2023,,F,COVENTRY,Central,Home Office
C07181,2022-04-22,31,M,Brighton,South,Consumer
C07182,31/07/2023,23,F,  Bristol ,West,Corporate
C07183,2022-12-12,56,F,Bath,West,Home Office
C07184,2023-12-11,47,F,Leicester,Central,Small Business
C07185,07/12/2025,33,F,Oxford,South,Consumer
C07186,2023-01-21,56,F,SHEFFIELD,North,Small Business
C07187,23/08/2023,43,F,Newcastle,North,Small Business
C07188,10/02/2025,45,F,BATH,West,Home Office
C07189,2024-05-12,27,F,bristol,West,Small Business
C07190,09/05/2022,21,F,  Peterborough ,East,Home Office
C07191,19/12/2022,21,M,  Manchester ,North,Consumer
C07192,18/10/2025,68,F,sheffield,North,Consumer
C07193,2022-09-06,30,F,Ipswich,East,Consumer
C07194,2024-10-22,42,M,Derby,Central,Home Office
C07195,2025-05-03,47,M,Oxford,South,Consumer
C07196,2023-06-04,41,F,  Plymouth ,West,Consumer
C07197,2025-02-10,39,M,Cambridge,East,Consumer
C07198,2023-01-02,39,Other,  Nottingham ,Central,Corporate
C07199,2023-07-03,47,M,Bath,West,Home Office
C07200,2023-08-12,27,M,Leeds,North,Home Office
C07201,2025-12-27,,M,  Plymouth ,West,Consumer
C07202,2023-03-17,18,M,Bristol,West,Home Office
C07203,2022-10-24,18,F,LEICESTER,Central,Corporate
C07204,2025-10-07,24,M,ipswich,East,Consumer
C07205,20/12/2022,52,F,MANCHESTER,North,Consumer
C07206,14/08/2025,37,F,Peterborough,East,Consumer
C07207,2024-11-10,50,F,Cardiff,West,Small Business
C07208,2024-08-09,46,M,Brighton,South,Home Office
C07209,2025-03-14,44,F,Birmingham,Central,Home Office
C07210,11/02/2025,29,M,Newcastle,North,Consumer
C07211,2022-09-20,42,M,leicester,Central,Corporate
C07212,2025-12-30,44,F,SOUTHAMPTON,South,Home Office
C07213,2025-10-25,70,F,York,North,Consumer
C07214,2025-09-03,37,F,NORWICH,East,Home Office
C07215,2024-10-05,51,M,Cambridge,East,Consumer
C07216,2024-05-30,39,F,bath,West,Consumer
C07217,2024-06-17,32,M,ipswich,East,Consumer
C07218,2022-02-25,52,M,Sheffield,North,Consumer
C07219,2024-04-30,66,F,Leicester,Central,Small Business
C07220,2024-10-07,44,M,peterborough,East,Consumer
C07221,2024-11-20,32,F,Reading,South,Consumer
C07222,11/09/2023,47,F,Nottingham,Central,Home Office
C07223,2024-03-23,45,Other,Manchester,North,Consumer
C07224,23/10/2024,70,F,Manchester,North,Corporate
C07225,2024-01-25,51,F,cambridge,East,Consumer
C07226,2025-11-18,29,F,Peterborough,East,Small Business
C07227,17/01/2025,58,M,PETERBOROUGH,East,Home Office
C07228,2022-01-09,51,M,Coventry,Central,Consumer
C07229,2022-03-20,53,F,Oxford,South,Consumer
C07230,29/12/2024,47,F,coventry,Central,Home Office
C07231,2024-01-03,54,M,newcastle,North,Small Business
C07232,28/06/2025,47,F,  Sheffield ,North,Consumer
C07233,2023-01-08,38,F,Sheffield,North,Consumer
C07234,2022-02-22,43,Other,Manchester,North,Home Office
C07235,30/11/2023,39,,reading,South,Consumer
C07236,2025-02-24,45,,Bristol,West,Home Office
C07237,2025-11-29,42,F,Plymouth,West,Consumer
C07238,2025-08-19,37,F,plymouth,West,Consumer
C07239,09/04/2024,39,M,Sheffield,North,Home Office
C07240,27/05/2025,41,F,Bath,West,Small Business
C07241,2022-07-04,18,M,Portsmouth,South,Corporate
C07242,2024-08-03,54,F,Exeter,West,Consumer
C07243,2025-10-05,46,F,  Exeter ,West,Consumer
C07244,2023-12-11,33,M,  Sheffield ,North,Consumer
C07245,15/11/2025,49,M,Peterborough,East,Small Business
C07246,2023-03-26,34,M,derby,Central,Consumer
C07247,2022-09-11,34,F,Portsmouth,South,Home Office
C07248,2024-06-02,46,F,Exeter,West,Consumer
C07249,2025-09-15,60,F,Coventry,Central,Consumer
C07250,2023-08-12,45,F,Portsmouth,South,Home Office
C07251,2025-05-12,31,F,Oxford,South,Consumer
C07252,01/01/2023,36,M,Ipswich,East,Small Business
C07253,07/03/2025,52,M,plymouth,West,Consumer
C07254,2024-07-14,46,M,PORTSMOUTH,South,Consumer
C07255,2023-01-11,53,M,Ipswich,East,Consumer
C07256,2025-02-02,46,M,leeds,North,Home Office
C07257,27/01/2025,51,F,Derby,Central,Small Business
C07258,2024-05-21,67,M,Leicester,Central,Small Business
C07259,03/04/2023,23,F,Peterborough,East,Home Office
C07260,2022-10-29,72,F,Leicester,Central,Small Business
C07261,12/11/2025,53,F,Plymouth,West,Small Business
C07262,2024-11-17,75,F,Coventry,Central,Consumer
C07263,2025-05-23,28,M,Newcastle,North,Consumer
C07264,2025-01-07,46,F,Leeds,North,Home Office
C07265,16/06/2025,43,M,COVENTRY,Central,Consumer
C07266,2022-12-21,52,M,  Portsmouth ,South,Consumer
C07267,26/04/2024,47,M,portsmouth,South,Small Business
C07268,2024-12-01,46,F,Plymouth,West,Small Business
C07269,2022-09-07,51,M,Ipswich,East,Home Office
C07270,2022-11-29,40,F,Southampton,South,Corporate
C07271,2024-10-20,34,F,Southampton,South,Consumer
C07272,01/08/2025,47,F,  Brighton ,South,Small Business
C07273,2024-11-22,34,F,Newcastle,North,Consumer
C07274,21/04/2022,39,F,Manchester,North,Home Office
C07275,2025-11-27,22,F,Ipswich,East,Home Office
C07276,11/11/2022,42,F,Exeter,West,Consumer
C07277,2023-04-14,29,M,oxford,South,Small Business
C07278,2025-12-02,41,M,portsmouth,South,Consumer
C07279,2025-04-07,27,M,Cardiff,West,Consumer
C07280,2025-10-19,41,F,Leeds,North,Consumer
C07281,2025-05-20,53,M,OXFORD,South,Consumer
C07282,2024-11-12,33,M,NEWCASTLE,North,Home Office
C07283,2023-07-03,29,F,Bristol,West,Small Business
C07284,2023-09-03,51,F,Sheffield,North,Corporate
C07285,2025-11-01,53,F,Oxford,South,Consumer
C07286,23/07/2025,47,F,Ipswich,East,Consumer
C07287,2023-10-20,35,M,Bath,West,Small Business
C07288,2023-11-09,33,F,plymouth,West,Consumer
C07289,2023-07-22,37,F,Nottingham,Central,Consumer
C07290,02/09/2023,40,M,Cardiff,West,Home Office
C07291,23/07/2025,19,M,Portsmouth,South,Consumer
C07292,12/02/2022,28,M,manchester,North,Consumer
C07293,2024-02-04,57,F,Leeds,North,Small Business
C07294,2025-10-26,44,M,southampton,South,Consumer
C07295,25/06/2024,57,F,  Manchester ,North,Consumer
C07296,2024-02-24,54,M,  Oxford ,South,Corporate
C07297,2023-08-13,37,M,plymouth,West,Consumer
C07298,2022-07-11,37,M,EXETER,West,Home Office
C07299,01/04/2023,54,F,oxford,South,Corporate
C07300,2022-08-13,51,M,Colchester,East,Home Office
C07301,2022-10-19,54,F,manchester,North,Consumer
C07302,23/12/2022,41,M,Colchester,East,Corporate
C07303,2023-07-29,43,M,norwich,East,Small Business
C07304,2022-02-13,38,F,brighton,South,Corporate
C07305,2025-11-04,40,F,Southampton,South,Home Office
C07306,2022-10-14,32,M,Coventry,Central,Small Business
C07307,2023-11-23,40,F,Cambridge,East,Consumer
C07308,2025-08-14,39,F,Peterborough,East,Home Office
C07309,13/09/2022,35,M,Sheffield,North,Consumer
C07310,08/04/2024,,M,manchester,North,Consumer
C07311,04/07/2025,23,M,  Southampton ,South,Home Office
C07312,2024-07-14,45,M,leicester,Central,Small Business
C07313,2023-03-10,29,M,Sheffield,North,Home Office
C07314,2025-02-23,30,F,Reading,South,Consumer
C07315,2024-12-18,31,F,derby,Central,Small Business
C07316,2023-10-24,47,M,Ipswich,East,Consumer
C07317,14/05/2022,18,M,Brighton,South,Consumer
C07318,2022-02-03,43,M,peterborough,East,Home Office
C07319,11/06/2025,42,M,IPSWICH,East,Consumer
C07320,2023-08-27,28,M,Coventry,Central,Home Office
C07321,2022-11-08,43,F,  York ,North,Home Office
C07322,2024-05-25,25,M,  Bath ,West,Consumer
C07323,2025-10-01,40,F,southampton,South,Corporate
C07324,05/02/2022,,M,Cardiff,West,Consumer
C07325,2022-06-04,68,F,Cardiff,West,Home Office
C07326,2024-01-09,52,F,bristol,West,Home Office
C07327,2024-12-12,44,F,Exeter,West,Consumer
C07328,2024-03-29,29,M,  Bristol ,West,Consumer
C07329,04/09/2025,37,M,Newcastle,North,Consumer
C07330,2022-05-09,38,M,York,North,Corporate
C07331,23/09/2023,44,M,reading,South,Corporate
C07332,2023-10-09,46,F,  Colchester ,East,Consumer
C07333,2023-09-23,44,F,brighton,South,Consumer
C07334,2024-04-14,45,F,,West,Consumer
C07335,2025-04-30,39,F,Bath,West,Consumer
C07336,21/08/2023,45,M,derby,Central,Consumer
C07337,2025-03-06,33,M,Brighton,South,Small Business
C07338,2022-11-23,27,F,BRISTOL,West,Home Office
C07339,2024-07-19,65,M,BATH,West,Consumer
C07340,2023-11-11,46,M,  Nottingham ,Central,Consumer
C07341,2024-06-21,64,F,Plymouth,West,Small Business
C07342,2022-09-15,37,M,oxford,South,Consumer
C07343,2025-11-08,72,F,York,North,Consumer
C07344,14/09/2025,42,F,Nottingham,Central,Home Office
C07345,2025-06-12,56,F,cardiff,West,Consumer
C07346,2025-08-29,41,F,cardiff,West,Consumer
C07347,2022-11-24,43,F,  Exeter ,West,Small Business
C07348,05/05/2024,40,F,Bath,West,Corporate
C07349,2023-08-21,35,F,CARDIFF,West,Consumer
C07350,2025-08-23,54,,coventry,Central,Consumer
C07351,04/02/2023,41,F,Derby,Central,Corporate
C07352,2023-03-25,52,F,Oxford,South,Home Office
C07353,2024-12-25,53,M,Sheffield,North,Consumer
C07354,2022-08-10,59,M,Leeds,North,Small Business
C07355,2025-02-19,46,M,reading,South,Home Office
C07356,2023-06-08,21,M,cardiff,West,Corporate
C07357,23/11/2024,37,M,exeter,West,Consumer
C07358,06/08/2025,41,F,southampton,South,Small Business
C07359,19/09/2024,41,M,Oxford,South,Consumer
C07360,2023-03-14,58,F,cambridge,East,Consumer
C07361,20/05/2022,56,M,Bristol,West,Home Office
C07362,10/05/2022,39,F,Peterborough,East,Consumer
C07363,2022-08-10,73,M,  Leeds ,North,Small Business
C07364,2024-08-12,36,M,Oxford,South,Home Office
C07365,04/10/2023,38,F,Norwich,East,Home Office
C07366,2023-04-30,27,F,Peterborough,East,Consumer
C07367,2023-03-24,21,F,Bath,West,Home Office
C07368,2025-11-02,26,F,leicester,Central,Consumer
C07369,2022-10-05,54,F,sheffield,North,Consumer
C07370,2023-08-02,51,M,Leeds,North,Consumer
C07371,23/03/2024,30,F,Portsmouth,South,Consumer
C07372,2022-01-05,42,F,Southampton,South,Consumer
C07373,2025-10-01,51,F,Oxford,South,Small Business
C07374,2022-08-30,18,F,Sheffield,North,Home Office
C07375,20/12/2024,64,F,York,North,Small Business
C07376,2024-10-14,,M,Cardiff,West,Consumer
C07377,23/05/2025,52,F,sheffield,North,Consumer
C07378,2024-11-11,57,M,Cardiff,West,Consumer
C07379,2025-04-05,18,M,Oxford,South,Small Business
C07380,2024-01-15,38,Other,Southampton,South,Home Office
C07381,2024-04-15,57,F,York,North,Small Business
C07382,2025-01-12,41,F,  Leeds ,North,Small Business
C07383,2024-07-29,51,F,Brighton,South,Small Business
C07384,2024-05-16,60,F,Cardiff,West,Corporate
C07385,02/03/2023,50,M,  Birmingham ,Central,Corporate
C07386,2023-05-24,38,M,  York ,North,Consumer
C07387,2023-10-19,48,,york,North,Small Business
C07388,2022-02-08,19,M,york,North,Small Business
C07389,2024-01-10,47,F,BRISTOL,West,Home Office
C07390,2022-01-16,51,F,sheffield,North,Home Office
C07391,24/07/2024,43,F,manchester,North,Small Business
C07392,2025-01-15,56,M,BIRMINGHAM,Central,Home Office
C07393,2024-07-21,45,M,Birmingham,Central,Consumer
C07394,02/01/2025,43,F,EXETER,West,Home Office
C07395,01/01/2022,65,M,Leeds,North,Home Office
C07396,11/06/2022,29,M,  Portsmouth ,South,Home Office
C07397,09/01/2025,59,M,Leeds,North,Home Office
C07398,15/05/2025,58,F,Bristol,West,Small Business
C07399,2025-02-01,52,M,  Plymouth ,West,Home Office
C07400,26/11/2024,,M,Sheffield,North,Consumer
C07401,2025-01-20,45,F,Leicester,Central,Home Office
C07402,2025-02-28,31,F,peterborough,East,Consumer
C07403,2025-02-09,34,F,bristol,West,Consumer
C07404,26/02/2025,43,F,Leeds,North,Consumer
C07405,12/07/2022,30,M,Reading,South,Consumer
C07406,20/06/2022,38,,Leeds,North,Consumer
C07407,2023-10-23,27,,cardiff,West,Home Office
C07408,2024-06-06,49,F,newcastle,North,Corporate
C07409,2025-03-28,62,M,brighton,South,Consumer
C07410,2023-09-15,70,F,CARDIFF,West,Consumer
C07411,2023-06-19,,F,Cardiff,West,Home Office
C07412,2025-04-20,30,M,bristol,West,Small Business
C07413,10/05/2023,40,M,Plymouth,West,Home Office
C07414,06/06/2025,52,Other,bath,West,Consumer
C07415,2023-01-14,40,F,Exeter,West,Consumer
C07416,2023-10-20,55,M,PORTSMOUTH,South,Corporate
C07417,2023-12-18,49,F,YORK,North,Consumer
C07418,2023-07-25,20,M,Reading,South,Small Business
C07419,18/01/2022,43,F,York,North,Consumer
C07420,2023-04-19,26,F,Ipswich,East,Consumer
C07421,19/09/2023,35,Other,Norwich,East,Small Business
C07422,15/08/2023,37,F,Sheffield,North,Consumer
C07423,24/04/2025,52,M,BRISTOL,West,Small Business
C07424,2022-05-16,42,F,Bristol,West,Small Business
C07425,2023-12-01,36,M,Colchester,East,Small Business
C07426,24/04/2022,70,M,Leicester,Central,Corporate
C07427,2025-10-12,31,F,portsmouth,South,Consumer
C07428,2025-04-30,46,F,Reading,South,Home Office
C07429,2025-12-11,51,M,Manchester,North,Home Office
C07430,19/09/2025,45,F,cambridge,East,Consumer
C07431,2023-08-18,31,F,York,North,Small Business
C07432,2024-12-31,30,F,Bristol,West,Small Business
C07433,2023-08-05,51,F,Reading,South,Consumer
C07434,2025-08-24,56,F,IPSWICH,East,Consumer
C07435,2023-12-31,42,F,,East,Consumer
C07436,13/11/2023,25,F,OXFORD,South,Consumer
C07437,23/09/2025,43,Other,bristol,West,Home Office
C07438,2025-06-24,62,F,plymouth,West,Consumer
C07439,2025-11-23,29,F,Cardiff,West,Home Office
C07440,2022-06-26,38,M,Colchester,East,Small Business
C07441,2023-05-01,43,M,Peterborough,East,Corporate
C07442,2023-07-27,57,F,  Southampton ,South,Consumer
C07443,2024-01-19,36,F,  Exeter ,West,Small Business
C07444,2024-03-25,49,F,Portsmouth,South,Consumer
C07445,13/07/2023,61,Other,Oxford,South,Consumer
C07446,2025-04-30,23,M,Newcastle,North,Consumer
C07447,2023-03-30,25,F,cardiff,West,Consumer
C07448,2025-01-06,41,F,Leeds,North,Consumer
C07449,2025-07-12,55,M,DERBY,Central,Consumer
C07450,12/09/2024,47,M,york,North,Consumer
C07451,2023-10-13,56,F,Reading,South,Corporate
C07452,2023-02-01,20,M,York,North,Small Business
C07453,2022-11-02,47,M,,South,Home Office
C07454,05/03/2025,18,M,Reading,South,Corporate
C07455,2024-03-20,60,M,exeter,West,Consumer
C07456,2022-05-14,58,M,Manchester,North,Consumer
C07457,13/12/2025,38,M,Portsmouth,South,Corporate
C07458,2024-12-06,18,M,Manchester,North,Home Office
C07459,2025-07-03,40,M,Oxford,South,Consumer
C07460,07/02/2024,57,M,NOTTINGHAM,Central,Consumer
C07461,2025-11-10,48,M,Reading,South,Consumer
C07462,2023-02-20,,F,EXETER,West,Corporate
C07463,2023-01-28,39,F,Peterborough,East,Consumer
C07464,2025-08-27,69,F,Reading,South,Consumer
C07465,28/08/2025,18,F,Plymouth,West,Home Office
C07466,29/04/2024,33,M,  Leeds ,North,Home Office
C07467,2022-10-18,26,M,plymouth,West,Small Business
C07468,03/08/2023,52,F,Ipswich,East,Consumer
C07469,2025-03-18,27,M,  Portsmouth ,South,Small Business
C07470,2025-07-05,56,F,Birmingham,Central,Consumer
C07471,2023-10-03,51,M,Oxford,South,Consumer
C07472,2022-06-15,45,M,Derby,Central,Home Office
C07473,2024-11-29,41,F,leicester,Central,Small Business
C07474,2025-02-28,29,M,Portsmouth,South,Consumer
C07475,19/01/2024,50,F,READING,South,Consumer
C07476,2024-08-17,36,F,exeter,West,Consumer
C07477,2025-12-17,52,F,leeds,North,Consumer
C07478,2023-05-03,62,F,Plymouth,West,Corporate
C07479,2024-08-04,38,M,Manchester,North,Home Office
C07480,2024-09-21,59,M,Manchester,North,Small Business
C07481,2024-07-04,45,M,Ipswich,East,Small Business
C07482,2025-08-02,50,F,Cardiff,West,Home Office
C07483,14/09/2024,25,F,Bath,West,Home Office
C07484,2024-05-11,33,F,Peterborough,East,Consumer
C07485,2022-10-13,33,F,  Southampton ,South,Home Office
C07486,2025-01-14,60,M,Reading,South,Consumer
C07487,2022-10-29,38,F,Portsmouth,South,Consumer
C07488,2022-03-28,50,F,Southampton,South,Corporate
C07489,2024-04-15,41,M,  Brighton ,South,Small Business
C07490,2024-08-03,38,M,  Ipswich ,East,Small Business
C07491,2025-12-30,23,M,Manchester,North,Consumer
C07492,26/01/2025,18,Other,leeds,North,Consumer
C07493,2025-07-09,38,F,Exeter,West,Corporate
C07494,2023-10-02,39,M,york,North,Consumer
C07495,2024-05-12,31,M,Derby,Central,Consumer
C07496,2025-12-02,44,M,Brighton,South,Small Business
C07497,2024-01-10,68,M,sheffield,North,Corporate
C07498,20/05/2025,62,M,  Leicester ,Central,Small Business
C07499,04/06/2024,42,F,Colchester,East,Consumer
C07500,2023-03-31,43,M,Cardiff,West,Consumer
C07501,13/08/2024,50,F,oxford,South,Home Office
C07502,2023-03-22,45,M,SOUTHAMPTON,South,Small Business
C07503,17/01/2022,50,M,Bath,West,Home Office
C07504,19/04/2023,45,F,  Brighton ,South,Consumer
C07505,10/02/2023,43,M,PETERBOROUGH,East,Consumer
C07506,06/11/2023,33,F,  Portsmouth ,South,Consumer
C07507,25/08/2025,46,F,portsmouth,South,Corporate
C07508,2023-11-29,18,M,Manchester,North,Consumer
C07509,2025-07-04,45,F,plymouth,West,Small Business
C07510,12/07/2024,18,M,brighton,South,Corporate
C07511,2022-02-03,45,M,Nottingham,Central,Consumer
C07512,2023-02-03,29,F,Southampton,South,Consumer
C07513,13/10/2025,58,M,Cambridge,East,Consumer
C07514,2024-09-13,43,F,reading,South,Consumer
C07515,2025-10-11,42,M,Bristol,West,Consumer
C07516,10/08/2023,47,F,Cardiff,West,Consumer
C07517,2025-01-31,30,F,Ipswich,East,Consumer
C07518,2025-04-08,56,M,PORTSMOUTH,South,Consumer
C07519,2025-12-03,51,F,plymouth,West,Home Office
C07520,2022-03-06,34,M,leeds,North,Small Business
C07521,2025-11-06,28,F,Colchester,East,Consumer
C07522,2023-12-05,36,M,bristol,West,Home Office
C07523,26/06/2025,40,M,southampton,South,Corporate
C07524,2024-06-28,27,M,bristol,West,Small Business
C07525,2024-07-24,35,F,Bristol,West,Corporate
C07526,2023-10-20,33,M,Leeds,North,Small Business
C07527,2025-06-15,38,M,  Reading ,South,Small Business
C07528,02/06/2023,38,M,oxford,South,Consumer
C07529,2024-04-20,47,M,Cardiff,West,Consumer
C07530,18/07/2024,41,M,  Peterborough ,East,Home Office
C07531,2025-03-03,46,M,Portsmouth,South,Home Office
C07532,2024-03-23,44,M,portsmouth,South,Home Office
C07533,2024-12-17,38,M,Manchester,North,Small Business
C07534,11/04/2024,50,M,Manchester,North,Consumer
C07535,2024-11-21,18,M,Oxford,South,Small Business
C07536,2024-12-09,36,F,Newcastle,North,Home Office
C07537,2025-01-22,34,M,York,North,Home Office
C07538,09/06/2025,43,F,Norwich,East,Consumer
C07539,2024-06-23,33,M,Peterborough,East,Home Office
C07540,10/02/2023,48,F,York,North,Home Office
C07541,2024-12-16,50,M,,East,Small Business
C07542,2022-07-18,23,F,leeds,North,Home Office
C07543,2023-03-24,44,M,Portsmouth,South,Consumer
C07544,2025-05-02,24,F,birmingham,Central,Small Business
C07545,03/02/2024,47,F,Peterborough,East,Consumer
C07546,28/04/2024,35,M,,North,Consumer
C07547,17/12/2025,31,M,Southampton,South,Consumer
C07548,2023-04-18,19,M,,West,Home Office
C07549,10/03/2022,40,M,Manchester,North,Small Business
C07550,2022-09-22,26,F,derby,Central,Home Office
C07551,2023-05-03,22,M,BRIGHTON,South,Home Office
C07552,2025-02-11,43,F,Manchester,North,Consumer
C07553,13/04/2025,54,F,Colchester,East,Small Business
C07554,2024-07-25,46,M,,West,Consumer
C07555,2023-05-19,22,Other,  Norwich ,East,Small Business
C07556,2024-05-29,39,F,Derby,Central,Consumer
C07557,2022-02-25,50,F,Derby,Central,Home Office
C07558,19/12/2024,39,M,manchester,North,Consumer
C07559,25/09/2024,45,Other,Manchester,North,Home Office
C07560,2022-03-16,35,F,Reading,South,Small Business
C07561,01/06/2025,36,M,COLCHESTER,East,Consumer
C07562,29/03/2025,32,F,COLCHESTER,East,Consumer
C07563,2023-08-07,49,F,  Oxford ,South,Home Office
C07564,2024-10-22,50,F,coventry,Central,Small Business
C07565,2024-09-09,34,M,READING,South,Consumer
C07566,18/11/2022,51,M,EXETER,West,Corporate
C07567,2023-02-10,22,M,CARDIFF,West,Small Business
C07568,2024-12-21,39,F,York,North,Consumer
C07569,2025-10-16,,F,manchester,North,Consumer
C07570,08/08/2024,26,M,  Newcastle ,North,Corporate
C07571,28/07/2024,23,M,LEICESTER,Central,Small Business
C07572,2024-11-05,32,F,Oxford,South,Home Office
C07573,10/02/2024,49,M,BATH,West,Small Business
C07574,2022-05-31,40,F,Cambridge,East,Consumer
C07575,2023-12-12,33,M,  Cambridge ,East,Consumer
C07576,2025-09-07,39,M,Coventry,Central,Consumer
C07577,2025-05-18,18,F,READING,South,Corporate
C07578,2025-10-09,48,M,CARDIFF,West,Small Business
C07579,2022-12-04,18,M,portsmouth,South,Consumer
C07580,2024-05-08,32,F,york,North,Consumer
C07581,2024-08-19,40,M,Sheffield,North,Consumer
C07582,2023-03-09,47,M,,North,Consumer
C07583,2023-02-23,44,F,Bristol,West,Corporate
C07584,2025-04-20,40,F,  Portsmouth ,South,Consumer
C07585,07/12/2024,60,M,peterborough,East,Consumer
C07586,2024-11-06,67,F,york,North,Small Business
C07587,2023-06-06,41,M,Ipswich,East,Small Business
C07588,2024-05-09,40,F,Bristol,West,Consumer
C07589,2022-03-19,39,Other,  Cambridge ,East,Consumer
C07590,2022-10-25,33,F,Leicester,Central,Corporate
C07591,2024-05-24,46,M,newcastle,North,Home Office
C07592,2023-08-09,58,M,york,North,Consumer
C07593,22/11/2025,18,Other,colchester,East,Consumer
C07594,23/03/2024,39,F,Southampton,South,Consumer
C07595,2022-07-31,60,F,Bath,West,Small Business
C07596,05/03/2022,46,F,bristol,West,Home Office
C07597,2025-02-10,46,M,Sheffield,North,Home Office
C07598,2023-01-05,20,F,Derby,Central,Consumer
C07599,01/02/2023,50,M,  Newcastle ,North,Consumer
C07600,18/01/2024,54,F,Cardiff,West,Consumer
C07601,2023-06-02,44,M,brighton,South,Small Business
C07602,2024-09-28,32,M,Bath,West,Consumer
C07603,2024-04-11,47,F,Sheffield,North,Home Office
C07604,22/09/2022,28,M,Birmingham,Central,Corporate
C07605,23/04/2025,26,F,  Birmingham ,Central,Consumer
C07606,2024-01-21,51,M,Norwich,East,Consumer
C07607,2024-09-21,55,M,IPSWICH,East,Small Business
C07608,20/01/2022,31,F,CAMBRIDGE,East,Consumer
C07609,2024-10-11,26,F,Cambridge,East,Consumer
C07610,2023-06-30,30,M,Cambridge,East,Small Business
C07611,23/04/2024,44,M,IPSWICH,East,Small Business
C07612,2023-07-22,26,M,Exeter,West,Home Office
C07613,2025-12-27,58,F,  Cambridge ,East,Home Office
C07614,2023-04-11,35,F,Leeds,North,Small Business
C07615,2025-09-22,46,F,derby,Central,Corporate
C07616,2025-09-28,31,F,Manchester,North,Small Business
C07617,15/01/2024,49,Other,Leeds,North,Consumer
C07618,2023-08-01,50,M,COVENTRY,Central,Home Office
C07619,20/11/2023,19,F,leeds,North,Consumer
C07620,19/12/2025,32,F,manchester,North,Home Office
C07621,2024-10-01,39,M,Cambridge,East,Consumer
C07622,28/06/2024,34,F,Plymouth,West,Consumer
C07623,2022-04-20,52,M,Leeds,North,Home Office
C07624,2025-07-08,33,M,cambridge,East,Consumer
C07625,2022-07-31,50,M,Manchester,North,Consumer
C07626,15/05/2022,47,F,Reading,South,Consumer
C07627,2023-06-18,40,M,,South,Corporate
C07628,2024-03-29,51,M,York,North,Consumer
C07629,2025-09-01,21,M,Leicester,Central,Home Office
C07630,2025-04-30,40,M,Colchester,East,Corporate
C07631,2023-02-17,31,M,Bath,West,Consumer
C07632,2023-11-07,40,F,Birmingham,Central,Small Business
C07633,18/04/2025,35,F,Birmingham,Central,Small Business
C07634,2024-06-05,42,F,Cardiff,West,Consumer
C07635,2023-01-10,41,M,southampton,South,Consumer
C07636,11/12/2023,43,F,Bristol,West,Home Office
C07637,10/10/2024,43,M,PETERBOROUGH,East,Small Business
C07638,30/11/2025,48,F,Southampton,South,Corporate
C07639,2024-11-24,25,M,Portsmouth,South,Corporate
C07640,2022-03-01,48,M,brighton,South,Home Office
C07641,2025-01-17,21,F,Peterborough,East,Consumer
C07642,2023-05-12,18,F,Bristol,West,Consumer
C07643,2025-07-25,67,F,IPSWICH,East,Consumer
C07644,2023-11-24,29,M,Oxford,South,Corporate
C07645,20/02/2023,35,M,leeds,North,Consumer
C07646,18/03/2024,18,M,Exeter,West,Home Office
C07647,19/05/2023,35,F,Reading,South,Small Business
C07648,2023-04-19,44,M,Portsmouth,South,Home Office
C07649,04/08/2024,44,F,bristol,West,Consumer
C07650,2025-04-03,25,M,Plymouth,West,Consumer
C07651,22/06/2025,35,M,COLCHESTER,East,Consumer
C07652,2023-12-13,46,F,peterborough,East,Consumer
C07653,27/06/2022,44,F,Newcastle,North,Consumer
C07654,2024-04-09,43,F,  Derby ,Central,Small Business
C07655,2024-02-01,51,M,Cambridge,East,Consumer
C07656,2023-02-16,40,M,Bristol,West,Consumer
C07657,2025-09-02,59,M,Newcastle,North,Consumer
C07658,2025-12-01,37,,Ipswich,East,Small Business
C07659,26/05/2022,50,F,portsmouth,South,Consumer
C07660,07/05/2025,50,F,Norwich,East,Consumer
C07661,04/11/2024,20,M,bristol,West,Consumer
C07662,2023-05-29,47,F,Cardiff,West,Home Office
C07663,22/10/2024,33,F,Southampton,South,Consumer
C07664,23/10/2022,28,F,BIRMINGHAM,Central,Consumer
C07665,02/07/2022,35,M,york,North,Consumer
C07666,24/12/2025,43,M,Norwich,East,Home Office
C07667,2024-10-23,21,F,  Leeds ,North,Small Business
C07668,2023-05-16,41,M,  Oxford ,South,Consumer
C07669,23/02/2024,38,Other,derby,Central,Small Business
C07670,2025-11-04,54,M,york,North,Consumer
C07671,2024-02-08,33,F,Nottingham,Central,Small Business
C07672,07/09/2025,56,M,Oxford,South,Corporate
C07673,2025-08-01,46,M,cardiff,West,Corporate
C07674,2023-09-28,41,F,newcastle,North,Home Office
C07675,2025-01-06,58,M,  Cardiff ,West,Consumer
C07676,2024-11-22,66,Other,leicester,Central,Consumer
C07677,2025-04-07,38,F,  Cambridge ,East,Consumer
C07678,2023-10-30,31,F,oxford,South,Consumer
C07679,27/05/2022,47,F,Exeter,West,Home Office
C07680,04/01/2023,23,M,Bath,West,Consumer
C07681,2024-09-28,24,M,Sheffield,North,Consumer
C07682,2025-04-12,,F,  Bath ,West,Corporate
C07683,2025-03-20,48,F,plymouth,West,Home Office
C07684,2024-08-17,30,,plymouth,West,Small Business
C07685,02/08/2022,82,M,brighton,South,Consumer
C07686,2022-03-04,23,M,Oxford,South,Consumer
C07687,20/04/2025,49,F,  Leicester ,Central,Consumer
C07688,04/07/2024,31,M,Colchester,East,Consumer
C07689,2025-04-21,64,F,IPSWICH,East,Corporate
C07690,21/12/2022,34,M,Birmingham,Central,Home Office
C07691,27/12/2023,37,F,york,North,Consumer
C07692,2025-09-29,18,Other,BRIGHTON,South,Consumer
C07693,2023-01-05,68,F,Bristol,West,Corporate
C07694,2022-06-16,33,M,Plymouth,West,Consumer
C07695,2024-11-14,47,M,  Nottingham ,Central,Small Business
C07696,2024-08-31,41,,Exeter,West,Home Office
C07697,2025-11-06,34,F,  Brighton ,South,Consumer
C07698,2025-09-14,18,F,reading,South,Consumer
C07699,2025-03-12,38,F,newcastle,North,Consumer
C07700,2022-03-09,37,F,Derby,Central,Small Business
C07701,2024-04-04,45,F,Sheffield,North,Corporate
C07702,2025-09-02,69,M,Colchester,East,Consumer
C07703,2024-02-01,49,M,Southampton,South,Small Business
C07704,18/11/2025,,M,  York ,North,Consumer
C07705,12/11/2024,37,F,reading,South,Small Business
C07706,18/09/2022,24,F,,East,Consumer
C07707,13/05/2024,37,M,Leeds,North,Corporate
C07708,2025-01-05,31,M,Coventry,Central,Home Office
C07709,2022-06-24,40,F,Leicester,Central,Consumer
C07710,2023-09-29,35,F,  Sheffield ,North,Consumer
C07711,31/01/2025,19,F,cardiff,West,Consumer
C07712,12/12/2022,57,M,Southampton,South,Consumer
C07713,2023-10-04,39,F,  Leeds ,North,Consumer
C07714,2024-12-29,37,M,oxford,South,Consumer
C07715,2025-04-12,27,Other,Plymouth,West,Home Office
C07716,2024-05-25,35,M,Cardiff,West,Home Office
C07717,2025-11-12,30,M,Leeds,North,Small Business
C07718,06/10/2025,25,M,  Bristol ,West,Small Business
C07719,2024-03-26,43,F,  Plymouth ,West,Consumer
C07720,2022-12-17,35,F,bath,West,Consumer
C07721,2025-04-09,51,F,cambridge,East,Home Office
C07722,2023-05-01,36,M,Cardiff,West,Corporate
C07723,2025-07-02,42,F,Plymouth,West,Consumer
C07724,2024-08-22,42,M,SHEFFIELD,North,Consumer
C07725,2023-12-08,46,M,Cardiff,West,Home Office
C07726,2024-07-13,30,F,brighton,South,Small Business
C07727,12/06/2024,53,F,Bath,West,Consumer
C07728,2025-10-06,26,M,Bristol,West,Consumer
C07729,2023-03-16,42,M,READING,South,Home Office
C07730,2025-10-10,25,F,MANCHESTER,North,Small Business
C07731,2022-04-09,39,F,Bath,West,Consumer
C07732,2025-04-05,53,F,bath,West,Consumer
C07733,2025-09-30,48,F,Bristol,West,Small Business
C07734,2023-12-08,55,F,Peterborough,East,Home Office
C07735,2022-07-10,37,F,SHEFFIELD,North,Home Office
C07736,2025-05-17,53,M,Southampton,South,Corporate
C07737,2025-07-02,32,F,exeter,West,Small Business
C07738,17/09/2023,35,F,Reading,South,Home Office
C07739,2024-05-25,43,F,exeter,West,Consumer
C07740,23/05/2025,52,F,Brighton,South,Consumer
C07741,2023-02-08,34,M,Newcastle,North,Small Business
C07742,2024-10-14,50,M,Colchester,East,Home Office
C07743,28/01/2024,44,Other,Cambridge,East,Small Business
C07744,10/01/2023,45,F,Norwich,East,Corporate
C07745,18/06/2025,30,F,Portsmouth,South,Consumer
C07746,2023-08-31,36,M,Cardiff,West,Small Business
C07747,17/10/2025,40,F,Cambridge,East,Consumer
C07748,2024-07-29,45,M,Plymouth,West,Consumer
C07749,2024-05-19,31,M,colchester,East,Small Business
C07750,2024-01-18,24,F,Portsmouth,South,Home Office
C07751,2023-12-17,18,F,plymouth,West,Small Business
C07752,2025-06-02,51,F,Peterborough,East,Small Business
C07753,14/12/2024,53,F,Peterborough,East,Consumer
C07754,2025-04-10,18,F,Bath,West,Consumer
C07755,2024-01-15,42,F,Newcastle,North,Consumer
C07756,2023-05-29,36,M,Derby,Central,Home Office
C07757,2022-08-06,57,F,Portsmouth,South,Home Office
C07758,14/04/2025,38,F,Leeds,North,Consumer
C07759,07/01/2024,48,F,bath,West,Consumer
C07760,2024-05-12,35,F,York,North,Home Office
C07761,20/03/2024,32,F,coventry,Central,Home Office
C07762,2024-01-28,0,M,Portsmouth,South,Home Office
C07763,2024-12-22,55,F,Reading,South,Small Business
C07764,2024-09-18,25,M,LEEDS,North,Home Office
C07765,2025-11-29,56,Other,leeds,North,Small Business
C07766,10/11/2022,28,F,Leeds,North,Corporate
C07767,2024-08-04,18,F,LEEDS,North,Consumer
C07768,2022-06-19,41,F,SOUTHAMPTON,South,Consumer
C07769,2025-05-21,48,M,Portsmouth,South,Consumer
C07770,28/09/2024,21,Other,  Brighton ,South,Consumer
C07771,25/01/2024,18,M,  Sheffield ,North,Consumer
C07772,2025-05-14,35,M,manchester,North,Consumer
C07773,2024-03-01,33,M,Sheffield,North,Consumer
C07774,06/04/2023,59,M,sheffield,North,Consumer
C07775,25/03/2024,41,M,Southampton,South,Consumer
C07776,2022-07-05,51,F,leeds,North,Consumer
C07777,2025-09-04,44,F,Oxford,South,Consumer
C07778,2025-02-17,61,,Coventry,Central,Small Business
C07779,25/03/2025,29,M,brighton,South,Consumer
C07780,2025-08-08,40,F,Newcastle,North,Small Business
C07781,02/05/2025,21,F,bath,West,Small Business
C07782,29/01/2024,52,F,Peterborough,East,Consumer
C07783,2022-10-05,55,F,LEEDS,North,Home Office
C07784,09/11/2023,52,F,CARDIFF,West,Consumer
C07785,2025-10-16,39,M,bath,West,Consumer
C07786,03/11/2025,22,F,Derby,Central,Consumer
C07787,03/04/2025,40,F,Birmingham,Central,Home Office
C07788,2023-02-28,32,F,Peterborough,East,Consumer
C07789,2023-02-12,53,M,cardiff,West,Home Office
C07790,2025-08-14,35,M,  Brighton ,South,Home Office
C07791,15/11/2022,35,F,Derby,Central,Small Business
C07792,2024-08-18,69,M,Cambridge,East,Consumer
C07793,2023-11-16,51,F,Reading,South,Consumer
C07794,2023-07-29,55,M,Sheffield,North,Home Office
C07795,2024-12-13,34,M,Ipswich,East,Consumer
C07796,2025-11-15,27,F,ipswich,East,Small Business
C07797,2025-04-15,55,F,,West,Consumer
C07798,2024-04-12,60,M,York,North,Consumer
C07799,2024-02-11,24,F,BRISTOL,West,Consumer
C07800,2025-09-16,34,M,Sheffield,North,Home Office
C07801,2024-08-10,29,M,Peterborough,East,Consumer
C07802,2024-04-26,47,F,Portsmouth,South,Home Office
C07803,2024-12-20,55,M,Southampton,South,Consumer
C07804,21/04/2023,36,M,PORTSMOUTH,South,Home Office
C07805,21/06/2022,36,M,leeds,North,Home Office
C07806,16/07/2025,18,F,sheffield,North,Small Business
C07807,16/09/2024,29,F,Plymouth,West,Small Business
C07808,2022-12-25,61,M,leeds,North,Consumer
C07809,2023-07-23,47,M,bath,West,Consumer
C07810,2025-12-20,53,F,Plymouth,West,Consumer
C07811,2024-10-21,36,F,sheffield,North,Small Business
C07812,2024-10-23,37,F,  Derby ,Central,Consumer
C07813,08/07/2022,41,F,bristol,West,Corporate
C07814,2025-11-26,45,F,plymouth,West,Consumer
C07815,29/08/2025,59,F,exeter,West,Consumer
C07816,02/07/2024,32,F,NORWICH,East,Consumer
C07817,2023-08-09,39,M,coventry,Central,Home Office
C07818,2025-01-08,31,F,  Manchester ,North,Small Business
C07819,21/06/2025,18,F,Newcastle,North,Consumer
C07820,25/04/2025,53,F,cardiff,West,Small Business
C07821,05/12/2025,64,F,SOUTHAMPTON,South,Consumer
C07822,2024-10-24,51,F,Cambridge,East,Small Business
C07823,2023-08-26,44,M,  Portsmouth ,South,Consumer
C07824,28/04/2024,65,M,PORTSMOUTH,South,Home Office
C07825,2025-05-31,47,F,Leicester,Central,Consumer
C07826,2023-06-04,51,M,Leeds,North,Consumer
C07827,2023-04-12,43,M,SHEFFIELD,North,Consumer
C07828,2025-02-10,45,M,Cardiff,West,Consumer
C07829,2024-02-16,39,F,cardiff,West,Consumer
C07830,01/06/2025,52,M,cardiff,West,Home Office
C07831,2022-11-18,27,M,Newcastle,North,Small Business
C07832,2023-09-16,46,M,Nottingham,Central,Consumer
C07833,2023-06-08,30,M,NORWICH,East,Consumer
C07834,2025-01-08,48,F,Bath,West,Consumer
C07835,2025-03-24,72,F,leeds,North,Small Business
C07836,2024-03-02,50,M,Reading,South,Consumer
C07837,2024-04-01,56,F,Norwich,East,Home Office
C07838,29/10/2022,53,M,norwich,East,Consumer
C07839,2025-01-13,18,F,Leeds,North,Home Office
C07840,2025-12-22,39,F,NORWICH,East,Consumer
C07841,15/04/2025,47,M,Plymouth,West,Corporate
C07842,2023-03-30,18,M,  Southampton ,South,Corporate
C07843,07/10/2024,37,F,Colchester,East,Small Business
C07844,2023-07-18,40,F,Southampton,South,Corporate
C07845,2022-04-06,25,F,leicester,Central,Consumer
C07846,2023-01-19,28,M,colchester,East,Consumer
C07847,2022-09-05,58,F,Norwich,East,Consumer
C07848,2023-02-14,18,F,birmingham,Central,Home Office
C07849,2025-05-07,45,F,Cardiff,West,Consumer
C07850,2023-07-15,56,M,portsmouth,South,Consumer
C07851,21/03/2025,41,F,Exeter,West,Consumer
C07852,2025-11-02,59,F,Derby,Central,Consumer
C07853,2024-08-05,35,F,Sheffield,North,Corporate
C07854,2024-04-11,,F,norwich,East,Consumer
C07855,2025-03-13,41,F,Sheffield,North,Consumer
C07856,2022-08-26,36,M,  Bristol ,West,Small Business
C07857,2024-01-24,34,F,Bath,West,Corporate
C07858,2024-04-29,39,M,  Nottingham ,Central,Consumer
C07859,2025-06-18,31,F,Plymouth,West,Small Business
C07860,29/05/2025,30,M,York,North,Consumer
C07861,2025-07-08,26,F,Cambridge,East,Consumer
C07862,2025-01-08,46,M,Leicester,Central,Consumer
C07863,2024-06-10,28,F,YORK,North,Corporate
C07864,2025-06-14,25,F,Sheffield,North,Small Business
C07865,2025-08-07,27,F,Bristol,West,Consumer
C07866,2024-04-04,44,M,Norwich,East,Home Office
C07867,2025-12-15,50,F,Sheffield,North,Corporate
C07868,2025-08-08,51,M,READING,South,Small Business
C07869,2024-05-14,44,F,Brighton,South,Home Office
C07870,2022-07-02,48,M,BRISTOL,West,Home Office
C07871,2023-04-01,40,F,Peterborough,East,Consumer
C07872,2025-04-13,47,M,Peterborough,East,Corporate
C07873,2022-09-21,47,M,EXETER,West,Small Business
C07874,21/03/2024,32,F,Brighton,South,Small Business
C07875,2024-09-13,27,F,plymouth,West,Consumer
C07876,2025-08-13,59,F,Oxford,South,Small Business
C07877,2025-07-07,43,F,PORTSMOUTH,South,Consumer
C07878,30/03/2025,55,M,Ipswich,East,Consumer
C07879,2023-12-27,27,F,cardiff,West,Corporate
C07880,2022-11-16,36,M,Coventry,Central,Corporate
C07881,04/12/2024,23,F,reading,South,Consumer
C07882,2023-01-21,49,Other,Sheffield,North,Consumer
C07883,2024-07-20,33,M,Oxford,South,Consumer
C07884,2025-12-09,34,F,norwich,East,Consumer
C07885,2024-07-05,66,M,newcastle,North,Consumer
C07886,2024-11-04,50,F,DERBY,Central,Consumer
C07887,2024-12-14,50,F,  Cardiff ,West,Home Office
C07888,2025-06-17,25,M,COLCHESTER,East,Small Business
C07889,03/02/2024,18,F,norwich,East,Home Office
C07890,2024-04-27,54,M,leeds,North,Home Office
C07891,2023-01-13,18,F,Cambridge,East,Consumer
C07892,26/09/2024,34,M,Cambridge,East,Consumer
C07893,2023-07-20,30,F,Nottingham,Central,Home Office
C07894,10/05/2024,29,F,PETERBOROUGH,East,Corporate
C07895,2025-04-02,35,F,  Newcastle ,North,Consumer
C07896,2022-03-04,27,M,Leeds,North,Small Business
C07897,23/07/2024,25,,york,North,Home Office
C07898,2023-01-08,44,,Nottingham,Central,Consumer
C07899,25/06/2023,55,M,Exeter,West,Consumer
C07900,2022-04-17,18,F,EXETER,West,Home Office
C07901,2023-01-02,44,M,CARDIFF,West,Home Office
C07902,2025-12-16,48,F,Sheffield,North,Consumer
C07903,2025-12-29,47,F,plymouth,West,Home Office
C07904,2025-02-04,38,F,Bath,West,Consumer
C07905,22/09/2024,33,M,Leeds,North,Small Business
C07906,2025-04-14,51,F,  Peterborough ,East,Consumer
C07907,03/09/2025,45,F,bristol,West,Consumer
C07908,2024-05-26,18,M,Coventry,Central,Consumer
C07909,19/04/2022,38,F,Manchester,North,Corporate
C07910,22/01/2025,42,F,leicester,Central,Home Office
C07911,13/12/2025,27,F,Leicester,Central,Consumer
C07912,2023-05-24,38,M,Coventry,Central,Consumer
C07913,2024-03-12,47,M,Sheffield,North,Consumer
C07914,2023-10-23,30,M,Sheffield,North,Small Business
C07915,03/12/2023,44,M,EXETER,West,Consumer
C07916,2025-02-06,28,M,PORTSMOUTH,South,Home Office
C07917,16/11/2023,25,M,NEWCASTLE,North,Consumer
C07918,24/10/2025,49,M,Plymouth,West,Corporate
C07919,2025-04-29,56,F,York,North,Consumer
C07920,2022-03-31,26,F,Reading,South,Small Business
C07921,2025-06-03,53,F,Birmingham,Central,Home Office
C07922,2025-04-09,41,M,  Brighton ,South,Consumer
C07923,2024-05-22,18,F,Nottingham,Central,Consumer
C07924,2024-04-26,22,F,Portsmouth,South,Consumer
C07925,2025-06-23,49,M,Brighton,South,Consumer
C07926,20/01/2024,20,F,  Newcastle ,North,Home Office
C07927,16/12/2022,33,F,Reading,South,Small Business
C07928,2023-08-14,40,F,Brighton,South,Consumer
C07929,2023-06-03,47,M,Exeter,West,Small Business
C07930,2024-12-18,43,M,Birmingham,Central,Small Business
C07931,17/01/2023,61,M,Newcastle,North,Consumer
C07932,03/11/2024,30,F,Sheffield,North,Small Business
C07933,2024-03-16,42,M,Plymouth,West,Corporate
C07934,2025-06-28,47,M,Colchester,East,Corporate
C07935,2024-04-10,50,M,Brighton,South,Small Business
C07936,11/10/2025,55,M,Reading,South,Home Office
C07937,2025-09-07,35,F,York,North,Home Office
C07938,2023-01-28,49,M,ipswich,East,Small Business
C07939,2024-12-24,29,M,York,North,Consumer
C07940,2023-03-17,40,F,  Bath ,West,Corporate
C07941,2025-06-09,48,F,Reading,South,Corporate
C07942,2024-10-22,54,F,Reading,South,Consumer
C07943,2023-07-17,48,M,Peterborough,East,Consumer
C07944,2023-05-10,42,F,newcastle,North,Home Office
C07945,2024-01-26,40,M,Derby,Central,Consumer
C07946,2025-05-13,48,F,Bath,West,Consumer
C07947,07/05/2025,69,M,Coventry,Central,Consumer
C07948,2022-04-14,52,M,Cambridge,East,Consumer
C07949,2023-07-29,46,F,,South,Consumer
C07950,2024-01-17,23,F,Sheffield,North,Consumer
C07951,20/08/2024,30,M,Norwich,East,Consumer
C07952,2022-11-29,37,M,CAMBRIDGE,East,Home Office
C07953,2023-09-16,53,M,Southampton,South,Corporate
C07954,2025-08-21,29,F,Sheffield,North,Consumer
C07955,30/03/2024,49,M,Oxford,South,Home Office
C07956,2025-03-05,43,M,Newcastle,North,Corporate
C07957,2024-04-10,0,F,Oxford,South,Corporate
C07958,2024-03-14,38,F,Peterborough,East,Consumer
C07959,05/10/2024,33,M,derby,Central,Consumer
C07960,2023-05-26,28,F,Sheffield,North,Consumer
C07961,2023-05-11,49,F,MANCHESTER,North,Small Business
C07962,2025-12-19,40,M,Portsmouth,South,Consumer
C07963,2025-08-02,27,M,York,North,Consumer
C07964,26/02/2025,44,M,Bristol,West,Consumer
C07965,2022-11-07,84,M,  Sheffield ,North,Small Business
C07966,06/04/2022,38,F,birmingham,Central,Consumer
C07967,2023-01-12,63,M,Exeter,West,Consumer
C07968,2025-10-21,18,F,peterborough,East,Consumer
C07969,2025-05-31,37,M,COVENTRY,Central,Consumer
C07970,31/05/2024,53,F,Colchester,East,Consumer
C07971,2025-11-25,41,F,Derby,Central,Small Business
C07972,24/11/2022,33,,OXFORD,South,Small Business
C07973,17/07/2024,41,F,Coventry,Central,Home Office
C07974,2023-01-25,54,F,york,North,Consumer
C07975,2023-08-04,69,M,reading,South,Small Business
C07976,2025-10-23,55,M,Nottingham,Central,Consumer
C07977,01/08/2025,34,F,Oxford,South,Consumer
C07978,2022-09-04,38,M,MANCHESTER,North,Consumer
C07979,2023-05-10,38,M,Leeds,North,Small Business
C07980,31/08/2024,30,F,Newcastle,North,Corporate
C07981,2022-06-16,39,F,southampton,South,Home Office
C07982,05/07/2024,37,M,southampton,South,Consumer
C07983,18/08/2024,25,F,NORWICH,East,Corporate
C07984,2023-07-12,52,M,plymouth,West,Small Business
C07985,16/07/2023,46,M,York,North,Consumer
C07986,2023-04-09,33,M,Plymouth,West,Consumer
C07987,2025-10-18,43,M,norwich,East,Corporate
C07988,2023-12-01,28,M,cardiff,West,Home Office
C07989,2024-08-19,34,M,plymouth,West,Consumer
C07990,2023-07-28,50,F,leicester,Central,Corporate
C07991,2025-01-14,47,F,leeds,North,Consumer
C07992,2022-09-03,34,M,CAMBRIDGE,East,Consumer
C07993,2022-07-07,45,M,  Leicester ,Central,Small Business
C07994,2025-03-06,40,M,bristol,West,Consumer
C07995,2025-02-12,28,M,York,North,Consumer
C07996,2023-06-03,39,M,Peterborough,East,Consumer
C07997,2023-10-14,47,Other,  Cardiff ,West,Small Business
C07998,2025-11-12,45,,Oxford,South,Home Office
C07999,2022-09-08,19,F,cambridge,East,Corporate
C08000,24/01/2023,43,M,CARDIFF,West,Consumer
