y_true,oof_probability
1,0.06424353115001698
1,0.6179335482665226
0,0.455014094902305
0,0.0936083913325873
1,0.8401824520159556
1,0.31557632640710537
1,0.8333325141953835
0,0.09681489679257194
1,0.07663174161427555
0,0.04383541973353238
0,0.03930877735502607
0,0.06612538626633149
1,0.7226956177993842
0,0.49673259525897734
1,0.5659525111102512
0,0.054327994071742686
1,0.8583939653576863
0,0.05294154388831399
0,0.13759405572253178
0,0.04453228501264858
0,0.09096962659979355
0,0.040544348211252704
0,0.21057286842828013
1,0.21569475495379456
1,0.21156326341011888
1,0.24577859080391537
0,0.08319059909840203
1,0.9066830106416958
0,0.04349026715858016
0,0.061477021088149585
0,0.5253849981182356
0,0.07417678718562491
0,0.06718369068751993
1,0.834488908379526
0,0.28225537026103087
1,0.7678445862373259
1,0.19468847568527134
0,0.04912087244010784
0,0.28966187035581875
0,0.04240389321880569
1,0.33053774840865724
0,0.5231840326418854
0,0.050681077124694704
0,0.04821147700881621
0,0.7932457796468332
0,0.2896863347160948
0,0.28816589797613745
0,0.09416541873896911
0,0.14531600641369738
0,0.05848377578032757
1,0.6594846203985616
0,0.038936138438262685
1,0.34117924497564134
1,0.8975158971374166
0,0.05037164193553008
0,0.04308564241152283
0,0.04826041540493313
0,0.047782232683263995
0,0.7519785145402932
1,0.28165893699425004
0,0.42455452838156915
0,0.29190744626933524
1,0.675130198984584
1,0.6280538280912552
0,0.042133756404343026
0,0.041566645002136686
1,0.22181664326882147
0,0.05350105562091257
0,0.09096831857744242
1,0.5161220317703276
1,0.8582330828637897
0,0.04135812265142821
0,0.33525531839393086
1,0.7119853840586954
0,0.044531157706898264
0,0.03943496917576405
0,0.1633209672014053
0,0.8048739515259843
0,0.1175881765081488
0,0.1389928432990967
1,0.5641691193202892
0,0.23971035120589632
0,0.4317412593256109
0,0.07163275201268693
0,0.11178572694877639
0,0.06618045076184707
1,0.2706967596574129
0,0.561246599936627
1,0.13759051907140593
1,0.8436863335000536
0,0.28176328498470593
0,0.1584086355774391
0,0.383909732764342
0,0.04168803137810135
0,0.22251067135175076
0,0.0439104281204736
0,0.1486306032597133
0,0.0926294854479573
0,0.0498730589616469
0,0.05663280655327265
1,0.1527870037563465
1,0.6350266866093964
0,0.04835975592073806
0,0.05529964331743483
0,0.16809171961103814
1,0.2344519193163857
0,0.04202403917439465
0,0.048172103097469575
0,0.16285065585266362
0,0.04914049524327961
1,0.7656419957388694
0,0.04151296885840694
0,0.04441388410359733
0,0.04268272518267392
0,0.0480617394442658
1,0.48142860510948055
0,0.04457962265798447
0,0.13217331992685008
1,0.6967040696498222
0,0.13865680889736348
0,0.04695676121832988
0,0.1418154187431349
0,0.057967311997730905
0,0.18673647213628883
0,0.0731893232785709
0,0.05025265876877646
1,0.1564793902466139
1,0.11975886579556153
1,0.8059305390984366
0,0.07895426039576467
0,0.04720278602852961
1,0.24702074418257655
0,0.46150907740760294
0,0.2103583579835893
0,0.040544003365495115
0,0.04605918441705031
0,0.05372448152072111
0,0.08803319088006213
0,0.19196847188858196
0,0.12735449920629513
0,0.16429407037516075
0,0.22929616366323202
0,0.04472562046595358
0,0.06059585676148911
0,0.07203255420205677
1,0.8000259922240204
0,0.42396624354849305
1,0.4535701544737394
1,0.69632618693263
0,0.2501093591941653
0,0.07029354849753648
0,0.6492482195350016
0,0.13015134561173233
0,0.04525763798612781
0,0.21474522742355479
1,0.7814029007519291
0,0.0805627060826479
0,0.15216651678197288
0,0.07415939702512768
1,0.18326632885939273
0,0.06867644225639659
1,0.07495167133216148
0,0.1362137307949038
0,0.14140384905730177
0,0.05593997978520236
0,0.2522626932553522
1,0.2907710622207249
0,0.5741543263640971
0,0.5358329611671249
0,0.04166225032019226
1,0.522466392628028
0,0.19165028517768676
1,0.8742050337637164
0,0.44720100138060115
0,0.1496219709054434
0,0.7216139136899176
0,0.03818888483098328
1,0.8144315611017905
0,0.1346029404635592
0,0.04925360837691469
0,0.2271920327462248
1,0.8440263992939081
0,0.1739819931359305
1,0.48930449601837206
0,0.05627499163856395
0,0.19404140945956252
0,0.42591467759119167
0,0.172672358541078
1,0.7479861157803029
1,0.33335538354149874
0,0.773312661892743
0,0.075236949331291
0,0.04496674927969991
0,0.03789613103878682
0,0.12482249609901387
0,0.5658065244869876
0,0.10244987740532184
0,0.04030787676907218
0,0.04101598520495377
1,0.9121215359448499
0,0.04352445292781726
0,0.04437413793656389
0,0.1991406571190168
0,0.043252535177135946
0,0.04671399699270348
0,0.10118356638330733
0,0.04192206071304603
0,0.037113171682279955
1,0.8344290877884114
0,0.05144202964471379
1,0.7534187344870485
1,0.5582572809409933
1,0.8466474156941002
0,0.20811131748476006
0,0.04389822978202651
0,0.22489810883278047
0,0.10289522665483504
0,0.046009881534570606
1,0.23332922491866054
0,0.0375832483683459
0,0.046024988992992365
0,0.05406693201680742
0,0.09075547936460651
0,0.062407612178958745
0,0.05340207216418816
0,0.7396161365998233
0,0.08311697869217563
1,0.3068757922956882
0,0.06651644703977916
1,0.7370777519498352
0,0.04305649040286608
0,0.04978786089962555
0,0.08582244987434995
0,0.11160558271824943
0,0.0525027105224585
1,0.7671093917100488
0,0.0550401976591702
1,0.2905272571840709
0,0.3364660917290271
0,0.08301118455576979
0,0.24660093978941325
0,0.038099406139111676
0,0.13345728460623021
1,0.7843878436140287
1,0.8636274153409997
0,0.05905206388496586
0,0.26018131862935767
0,0.09387254077697119
0,0.039314676365771746
1,0.7255415809096954
1,0.17912050674847885
0,0.059423014475376686
1,0.316890753757543
0,0.06284919209682602
0,0.048808837336032425
0,0.05776273710721486
0,0.04124922775586903
0,0.05308443863484474
0,0.08325969827134704
1,0.5411720292178813
0,0.17733224781193932
0,0.04063894632966791
0,0.06607804193360994
0,0.04412796988930227
0,0.04360753038922409
0,0.29643164982009357
0,0.04227368989636396
0,0.1167015869331697
1,0.08873395812498477
1,0.15651643342137242
0,0.10338116072957543
1,0.3899909248897007
0,0.08748750611457158
0,0.04049409824782486
0,0.07438808258140064
0,0.06208366163436737
1,0.7022604185681873
0,0.05613766551161476
0,0.04398849231223334
1,0.64212907737855
0,0.6535851072358424
0,0.03926530004887928
1,0.8410744159672982
0,0.0497787535083608
0,0.04817813583071175
0,0.20518251195532078
1,0.7355947348503646
1,0.8276865209688744
0,0.04961195171571118
1,0.10235762411447451
0,0.05344741387746865
1,0.5509929939052454
0,0.05828233361199
1,0.6853600283778496
0,0.7902933444282293
0,0.12131100265377413
0,0.23869166337153158
0,0.05976596321274361
1,0.4083071988828126
1,0.6937791525622862
1,0.8601046457731552
0,0.6346791657640211
0,0.23151232268853467
0,0.6511835251207554
1,0.34686810892564013
0,0.03831619807457937
0,0.040849254627541985
1,0.7329857932399882
1,0.6953597863530229
1,0.7811536318198933
0,0.16612399080949472
0,0.701615335554835
0,0.4962721648113323
0,0.1292046413624141
0,0.07818332904470517
1,0.3678881280107503
0,0.0399691411001434
0,0.32657350051933653
0,0.044047420903702277
1,0.8896088657876712
1,0.8915391057969951
0,0.04243959262817008
0,0.04381806135073963
0,0.10400597666447334
0,0.07201531273952284
1,0.06021842989399692
0,0.13103879188874623
0,0.04429824626236138
0,0.04229369819905299
0,0.14893705991997122
0,0.04142354766360309
1,0.704455329747852
0,0.06450655318045925
0,0.43593403730433394
0,0.08414304890442655
0,0.0668618333770725
0,0.03862257937496877
1,0.04927459802849945
0,0.20806998341921007
0,0.10855832947865916
0,0.35857751209862027
0,0.04935681767894407
0,0.14510114154790474
0,0.14192826020591753
1,0.551586360618684
0,0.062304425566699254
0,0.0886189912606376
0,0.06491386199045678
0,0.039169014972949646
0,0.053844368572846836
1,0.6061081971406981
0,0.06978319781661714
1,0.5549038541523318
1,0.8509580231963204
1,0.8451303117905122
0,0.048194105359344194
0,0.13957414897913573
0,0.06123185703214032
0,0.04529399281153026
1,0.5597686733592606
0,0.047419083321849326
0,0.507297469444909
0,0.07042355505884271
0,0.059503355683369216
0,0.23571800236113055
0,0.04984794428524266
0,0.3002106767393671
0,0.04946304604605412
0,0.045005782153460495
0,0.03802714302202835
0,0.1026213254918298
0,0.13914468842509567
0,0.1622823724476403
0,0.10825972802926076
1,0.752918075497873
0,0.12443980060772121
0,0.410415396916373
0,0.3073495584227038
0,0.7977736125066464
0,0.6182111159998892
0,0.043726447368935675
0,0.4675520212923767
0,0.05115165796159212
1,0.5521314836921712
1,0.09028583398966422
0,0.041167724961774774
0,0.06356462924835007
0,0.0999043742581849
1,0.5038401537845895
0,0.21907232141753832
0,0.09839256960013305
1,0.33392606526360086
0,0.03851204520744065
0,0.04366754128133972
0,0.07985392357776369
0,0.04303297539614182
0,0.07952733842542262
1,0.7537495649121454
0,0.03925945748380625
0,0.06408199135029741
0,0.14866840930298586
0,0.05577907253492381
0,0.11501087419883206
0,0.06412373944259958
0,0.05536927073462002
0,0.1289193314717104
0,0.06040469827172607
0,0.3344743273286447
0,0.045004250997679913
0,0.3743894028020414
0,0.35038397262481263
0,0.049377284601467696
1,0.6866649103513769
0,0.1802506564623322
1,0.7833470464266646
0,0.0466960859423607
0,0.12118709941768843
0,0.17428180358589715
1,0.3080888478379373
1,0.390946561555458
0,0.06098605515682014
0,0.7998692968737757
0,0.038465765699517256
1,0.5902989627700775
0,0.05153034924267413
1,0.6509742486744357
0,0.040052578524981584
1,0.28266893338458304
0,0.06682475577420244
1,0.7816098007423784
1,0.4148078313277122
0,0.04394122002974766
0,0.07425699738577848
0,0.13145805257678028
0,0.08409146098079004
0,0.6317097244785729
0,0.03866708423345125
1,0.3884828493944909
0,0.14703806600023514
1,0.7872132031498587
0,0.18326641123018947
0,0.03906293816712125
0,0.6948664799493417
1,0.4036278531651984
0,0.3019358478395717
1,0.6637856713274528
0,0.09568783896207289
0,0.10531674858879661
0,0.04921412678079883
1,0.8301082603338428
0,0.042045124617578866
0,0.05766945100560166
0,0.33961798568670876
0,0.05285330800594597
1,0.6412218876542228
0,0.2644914138706861
0,0.11650178542702863
0,0.14280307173993304
0,0.038446121552715914
0,0.07371712126476372
0,0.15848515046953546
0,0.05344083191742094
0,0.03992042097861955
0,0.051807761085032586
0,0.37439472211009805
1,0.8246485903557553
0,0.10422066832436247
0,0.09567647536859061
1,0.8032114995558917
0,0.04114750988948769
0,0.040289356122627816
0,0.053092745478013834
0,0.06725172506519295
1,0.8171269418156226
0,0.36439234156405115
1,0.8895489896923611
1,0.38709262211663503
0,0.14645186476095487
1,0.2327896235900889
0,0.04646411177036815
0,0.4018669196699859
0,0.10106175444543294
1,0.307674283009542
1,0.5280786796973496
0,0.24990697195991263
0,0.06897565958359267
0,0.06894351736472136
0,0.185347432341551
0,0.045120221112544184
0,0.5380944005958387
0,0.05010775089686846
0,0.12258627378029122
1,0.8137809808492832
0,0.10245142296054373
1,0.24154741021975856
0,0.04172275664567817
1,0.9091812111886609
0,0.04248068220413499
0,0.6651291119095819
0,0.05198836511433558
0,0.04320956717972158
1,0.710930767905558
0,0.037766935508934694
0,0.0401058850165228
0,0.1765282139546197
0,0.07611288878089562
0,0.048912931344309
0,0.41420101199842363
1,0.10498089825904675
1,0.31555576415575465
0,0.1043021298038581
0,0.7892771139330548
0,0.14508889487639873
1,0.25798605627332744
0,0.038048138630179106
0,0.10349211195280934
0,0.5151845965338465
0,0.0459063049916275
0,0.28113168064120325
0,0.741336630150937
0,0.045938425116749844
0,0.05830893873236011
0,0.03878543225289463
0,0.3193204300659518
1,0.8759138505269825
1,0.7862204094445864
1,0.36308842039855127
0,0.1637978265121834
0,0.07988369067570794
0,0.04459399296531375
0,0.09665416322158857
1,0.41063444379417724
0,0.06228754530128127
0,0.0395075605006809
0,0.4454109969946133
0,0.05304424962613934
0,0.04068618925273676
0,0.03795913888431002
0,0.04413410635138509
0,0.058029466711719185
1,0.8327680970153458
0,0.18156875940683553
0,0.10665877523702513
1,0.6048036682239816
0,0.07366301367815523
1,0.865494348121818
0,0.22347718876852637
1,0.0505127040084784
0,0.5263361582964834
1,0.5123888050456026
1,0.5715821507122383
1,0.4634035410172126
1,0.5627990437395053
0,0.07088974853926647
0,0.06696045630366591
1,0.6382789142876664
0,0.06914240931296665
0,0.11819719598301219
0,0.04095762591176234
0,0.06885656110330057
0,0.05008066973448756
0,0.574879817240843
1,0.5691287478173571
0,0.5622978751165091
1,0.06608329141069906
1,0.8218165208358249
0,0.06413743912972357
1,0.0646996720569211
1,0.8214304943609116
0,0.09601548138049015
0,0.043737989798488947
0,0.0837819011889257
1,0.14336844278762248
1,0.43173311937420406
0,0.3839673058289578
1,0.7269692799693631
0,0.0490826422518773
0,0.04259498896721665
0,0.14660424388848323
0,0.09132494623526355
0,0.3500685029232627
0,0.2824576412521438
0,0.2627304295172998
0,0.1553870617684184
0,0.044200522738125234
1,0.8957417955355563
0,0.04743627231200898
1,0.8562011697164525
1,0.7767937603279804
0,0.04211270830094856
1,0.822279382385201
0,0.04938330192610805
0,0.39426607480317644
0,0.04678047392988919
0,0.11016077081690942
0,0.053772547497438414
0,0.1546253052589055
0,0.06902601026401793
0,0.4468246221456682
0,0.03928517013580497
1,0.15430419832645986
1,0.06462773479070831
0,0.181736040072672
1,0.3731908857631769
0,0.2608302849131851
0,0.04440605676236042
0,0.29723628895370613
0,0.13294353602001877
1,0.8731853652689876
0,0.06784486378738663
1,0.7550719019792299
0,0.5759821398745725
0,0.040068711997968215
0,0.11124727121903756
1,0.43255220751885937
0,0.06105734311279996
0,0.04953863947164355
0,0.058186777867455575
0,0.038991865401085485
0,0.07402466658968154
0,0.12928141450000308
1,0.5126185561416428
0,0.0629692474144914
0,0.10530972460781535
0,0.09050946643409272
0,0.04284375427142756
0,0.03731750434437049
0,0.03761298082230304
1,0.5869922770648326
0,0.40248690593842057
0,0.041445529462061786
0,0.6936338679355447
0,0.061829192797148665
0,0.043121965709548044
0,0.1475084847003586
0,0.3550436805070008
0,0.19121072036644046
0,0.24917802886484539
1,0.8171160938159507
0,0.3973789316544095
0,0.23628377456462585
0,0.05373049805548954
0,0.06281498169427473
0,0.19654680405645195
0,0.20942316155518909
1,0.5011776944975228
0,0.0565734957035476
0,0.04523693283989304
0,0.07890523133006776
1,0.07361130165925396
0,0.041346309872185565
0,0.047391193783362914
0,0.19765502422503206
1,0.2843133058353423
0,0.11929904877359025
1,0.3013928810484232
0,0.07277429299365054
0,0.04866929199179101
1,0.2384591591083838
0,0.15182735481956097
1,0.2147936753335732
0,0.04478798213288614
0,0.043654745319310705
1,0.4731788086481719
1,0.19586189030896536
0,0.07233168493432113
1,0.433784618518267
0,0.5164462836313303
1,0.8163911003253996
0,0.1623392555065237
0,0.13370527636251756
1,0.6462346511914586
0,0.0977768967821221
1,0.23739041335493233
0,0.055652947996853865
0,0.047857770400380306
0,0.041513667908886435
0,0.05923454735170743
0,0.03974718075809687
0,0.1046371961147794
0,0.613769433984068
0,0.06712016737506968
0,0.19167083380864397
0,0.05126667369490353
0,0.31000663850782606
0,0.0690430875466866
0,0.6064314983317449
0,0.3146979714143472
0,0.04436837147045597
0,0.8275271126003014
0,0.5627472663748596
0,0.29526366747585814
0,0.057556822531251405
0,0.054193413695749044
0,0.42858365607109894
0,0.07935411955425102
0,0.08874981682120761
0,0.03847444631240539
0,0.0405661190152164
0,0.050715530837863454
0,0.05945400518154889
0,0.15784178416654676
1,0.2472158229979632
0,0.3056339942438083
0,0.03914338149784373
0,0.06568888520414587
0,0.049681339300104425
0,0.7110801664855294
0,0.7448270593786844
0,0.05341668071890827
1,0.5988348822951414
0,0.11270467123243771
1,0.41251006853255284
0,0.31560074252770903
0,0.05134866978175083
0,0.28343047501354324
1,0.8096778670126806
0,0.1270122168234376
0,0.20542456986300514
0,0.8110408014524804
1,0.4999699714502634
0,0.26158395177272686
0,0.07260493633409024
0,0.29595486740062316
0,0.10327574981479408
0,0.12398025926542719
0,0.11029907672614883
1,0.32920812179092024
0,0.254782298044057
0,0.06981316049349841
0,0.04914351325650815
0,0.16616856323883908
0,0.49333221030167757
0,0.15789033021452428
0,0.07126899176240235
0,0.7007556120798515
0,0.1745630254250289
0,0.09894359721105753
1,0.8014051752744564
0,0.3916206343920138
0,0.05003632585005826
0,0.2483240857816472
0,0.05260152014902549
1,0.6260572639914206
1,0.8770003025484413
0,0.13467986891223094
0,0.20585004512289043
0,0.41805712221493535
0,0.04583517534604642
0,0.5659364805194005
0,0.45228178979010486
0,0.04955238054130395
0,0.38035712508170444
0,0.04246440697953798
1,0.32203702958069136
1,0.8069602816120206
0,0.25837420457417143
1,0.7209770283122015
0,0.08807289452994885
0,0.2892883662771018
0,0.1730473327416026
1,0.6896411133003962
0,0.31126174134073487
0,0.14952352417696307
1,0.3003661913306247
0,0.03965589289416376
1,0.5447083169902216
0,0.1614070663907846
0,0.4579681927019724
0,0.05580935876921744
1,0.8782192358403808
0,0.15793884697475408
0,0.411773236897981
0,0.04908138750699713
0,0.18901506046971958
0,0.313124930338839
0,0.17552323492043587
0,0.04653132132220815
0,0.04016419925799207
1,0.749337167256094
0,0.04585669842811855
0,0.09303873899432723
0,0.09131112864694128
1,0.5659492433210404
0,0.15366171503119508
0,0.0461992824868152
0,0.10087005615443219
0,0.517500641794858
0,0.05282430923581775
1,0.8917459587843946
1,0.45434621149129256
1,0.25106646784289405
0,0.3370151145068733
0,0.04181334772936133
0,0.20411902507839733
1,0.10821754456871334
1,0.8391503639242163
0,0.3490008334224369
1,0.3180029220133838
1,0.7869905066870774
1,0.516908994053561
0,0.5517437442091482
1,0.4961364614455217
1,0.18739517680458662
0,0.24047244936913756
0,0.0738789630510235
0,0.8599119607374069
1,0.5580696909130214
0,0.04365050343487894
0,0.28065533635982726
0,0.07257784824269915
0,0.05770949004094836
0,0.22150230393391968
0,0.10870721519814379
0,0.07546074729433265
1,0.27937749167142734
1,0.12953586977531123
1,0.6648507544075649
0,0.1626675321038113
0,0.33424827578373817
0,0.055039553213589734
0,0.2203202897235263
0,0.4870617914033409
1,0.053759764959710674
0,0.13443427458546386
0,0.06543684436139723
0,0.07155754029980065
0,0.07670243020280247
0,0.3673964381274392
0,0.04491000772448405
0,0.041701426786214316
1,0.8555536624835823
0,0.06021507000347269
0,0.04702996308964269
0,0.10397363937807384
1,0.45835707034856465
1,0.2845205344484256
0,0.08477097115243713
0,0.04044820194784748
1,0.5535415851653827
0,0.07289788803331917
0,0.0481269313046797
0,0.04304049446515722
1,0.29255728097494493
1,0.7281515974879678
1,0.4980576627507786
0,0.043421389799845306
1,0.7393273871638193
0,0.06774843188018667
0,0.04324953672055221
0,0.039460607285780755
0,0.06316148292783991
0,0.11263579021366661
0,0.04760601027861856
0,0.03965758198073616
0,0.3694573336659862
0,0.7134594809405459
0,0.050117358791579386
1,0.7314062560473233
0,0.05086457162645133
0,0.046891081305512367
0,0.043850885940462235
0,0.0682514098125769
0,0.047240080390155335
0,0.04040025552342008
1,0.5004993566658178
1,0.8683644198992515
1,0.7217587440025146
0,0.16091815436647397
1,0.8006029253238325
0,0.0848027987190597
0,0.04908442244750835
0,0.12239267876700823
1,0.5518692338424172
1,0.49701922469852666
1,0.8215168441643246
0,0.22082728301748605
1,0.10232079397292412
0,0.10115270773798869
0,0.2691029451300103
0,0.15979206843048469
0,0.04451346230682008
1,0.44839318916001786
0,0.7314776634566781
1,0.1716711687220299
0,0.7692436750200354
0,0.08527298617270715
0,0.0646826236816742
1,0.06561722052955354
0,0.10762141170085589
1,0.8141314575452065
1,0.7592828778165728
0,0.24390492485372375
0,0.06899230719135667
0,0.06802571910382127
0,0.038458095519158866
0,0.04431044619735638
0,0.047803765869776096
0,0.04173390253060489
1,0.21624570505481622
0,0.4416752900838729
1,0.18249847720477852
0,0.040591348104734366
1,0.8460011266652844
1,0.2431141906183461
1,0.6120309865238336
0,0.3052881012730243
0,0.094657874094568
0,0.2485774476781586
0,0.10926111756796317
1,0.5920784048512563
0,0.5671118104214486
0,0.3610372471492633
0,0.04330994045020886
1,0.8347707851364268
1,0.5148750843429873
1,0.5804950593927598
0,0.04340935876752559
0,0.607770563590011
0,0.057833551337526365
0,0.04247716612695327
0,0.04361745610511729
0,0.19494370206604208
0,0.04791143872755027
1,0.5733613718281427
0,0.07059195108989624
0,0.30090888626296863
1,0.7463138581416958
1,0.7769580075369219
0,0.08630572435196783
0,0.5151259494425068
0,0.8017638917619019
0,0.6834612756410224
0,0.6453572997121262
0,0.041459050692779394
0,0.07600933192372036
0,0.05009190545295977
0,0.05795805368013683
0,0.48117345686860197
0,0.049553302067152534
0,0.09363097485481432
0,0.039813391745963905
0,0.5078127723305292
0,0.43793830983792753
1,0.8182446984311624
1,0.8902754282826838
0,0.43649644082966876
0,0.052998114808994905
0,0.06932610532967155
0,0.5389897972583776
0,0.05091923323716845
1,0.8430242589851792
1,0.79902756141705
0,0.0800529224801257
1,0.46924570736386223
0,0.03965657946253833
1,0.8791949013386935
0,0.35916139565476657
0,0.03837896178730539
1,0.5454895850120302
0,0.18344566710316013
0,0.04378381471186604
0,0.2924706328565047
0,0.15533301087705892
0,0.5480648623669294
0,0.03998902417090525
0,0.04666329482637096
0,0.20349791778544307
0,0.5228996056328594
1,0.7819473727166745
0,0.21415802471763562
0,0.10900430561006011
0,0.04906585912790575
0,0.3806968828170904
1,0.8333796791636159
0,0.27143490954382693
0,0.7897738924232008
0,0.0641449175084443
0,0.062109665474663116
1,0.8865371137614115
1,0.8712214366899605
0,0.08902844240950337
1,0.790803616713183
0,0.21918909484211188
1,0.9042947975389459
0,0.06810418833038168
0,0.0512118819656744
0,0.6303229821679248
0,0.4047279573344004
0,0.17642632329759295
0,0.4775849640986383
0,0.17601690387922825
0,0.07613075690213592
0,0.10011537370533394
0,0.04217888647998084
1,0.0661537669070826
0,0.17745151700253925
1,0.38712541130480316
1,0.8918916233819196
1,0.3626688796834313
0,0.14333687610998008
0,0.07711860898593298
0,0.31352064475855307
1,0.8186011804490152
0,0.058364726630476864
0,0.0534780842717376
0,0.04331926471776616
1,0.7807541403189217
0,0.1556105647525745
1,0.12515248904067394
0,0.08616771497013938
0,0.09414052821410936
0,0.6058669272365513
0,0.4216981009465539
0,0.043148841131487654
0,0.041821556332883356
0,0.07846447094765079
0,0.5097351331089814
1,0.5183015790259575
1,0.680866380050431
0,0.1426333930757641
0,0.04190183502963864
0,0.08038813122552459
0,0.040699607430698156
0,0.28418522773898536
0,0.046839834840043226
0,0.24481453044774001
0,0.6785098412505571
0,0.03755444665079679
0,0.04635619963199058
1,0.06529132737757087
0,0.04079426953735136
1,0.42000304352550377
0,0.042437835423526096
0,0.28585866367816803
0,0.07781540424131217
0,0.05464343232366649
0,0.11320156660918064
1,0.04919467813024084
0,0.05045620371142305
0,0.43537479285952396
0,0.2755183386006103
0,0.08471498756908828
1,0.8125734012594383
0,0.09611945025814912
1,0.22182961922454258
0,0.04036386039288943
1,0.07569038731684673
0,0.26782567587147005
0,0.04551253868596379
0,0.06279335358259812
0,0.054986651137922386
1,0.8064107765458964
0,0.040450688270721805
0,0.10506793950662073
0,0.3587538460587574
1,0.5677745770310395
0,0.046837925102016065
0,0.04634827606433342
0,0.048111790931620324
0,0.4877115203418745
0,0.38856452414894155
0,0.03960455694451767
1,0.059261212845980085
0,0.3996745623018042
0,0.0721596875493101
0,0.054860227133292444
0,0.047724090822402365
0,0.32101076585593113
0,0.04036703122317268
0,0.2649114348524225
0,0.05370484348779403
0,0.04200417771202364
1,0.5917954440086304
0,0.08276932137219357
1,0.33532389666853984
0,0.621506691580623
1,0.6648444340451476
1,0.1306536610748428
0,0.14084870679239614
1,0.8382139150332625
1,0.6643182282765601
1,0.49293116245736734
0,0.06801436730194585
1,0.5615609908508568
0,0.03893829948027293
0,0.04444757928322704
0,0.09252091389833379
0,0.15096184008662952
1,0.14036774337724195
0,0.10869768472483568
0,0.03863503004954495
1,0.6091511438116922
0,0.05020183775236484
0,0.06257704906619731
0,0.04343672930452354
1,0.04660392667052417
0,0.038418347809070205
0,0.11641060913586507
0,0.05505928128264558
1,0.8891456611354
0,0.10021370883918151
0,0.04033908426754423
0,0.040240577438988574
0,0.04991383879673185
1,0.7972419108837208
0,0.04305356127799302
0,0.23536091973845724
1,0.17244931166646163
0,0.30331647649472376
0,0.30652140799314614
0,0.1423706687881436
1,0.41055583704563325
0,0.055329413033611996
1,0.2687053138850854
0,0.059193543028902854
0,0.03979195862683553
1,0.28429731195545926
0,0.5931139519344741
0,0.06318432663709667
0,0.26538833387050004
0,0.04118511626751147
0,0.04547330968429994
0,0.04137668806073113
0,0.04216553801080999
0,0.32321891891376614
0,0.18755558394728816
0,0.3243749333994553
0,0.06114048079392089
0,0.04332529532814752
0,0.06805912736405441
1,0.6452398468649825
0,0.09628660629557341
0,0.152161210048842
0,0.09324317528075708
0,0.35454232416283543
0,0.12432835889267285
1,0.4789913950067227
1,0.85586048779945
0,0.04837937914831389
0,0.1523978620326787
0,0.8010855598137611
0,0.043696311187548936
1,0.16510173768431616
0,0.051573765946088444
0,0.09090616678744075
1,0.881012115898576
0,0.1703178005810489
0,0.08553896766097083
0,0.06240181162527904
0,0.044323759630900086
0,0.04237745730441671
1,0.77735400552901
0,0.05892958113754902
0,0.045434369597421156
0,0.10144260744636177
0,0.12243839781540694
1,0.8830940632042664
1,0.6407342788820009
0,0.15016500731489824
1,0.6126861327649513
0,0.06322542913366759
0,0.18200750754328585
1,0.044785257776378144
0,0.21518972983786555
0,0.09640178201772004
1,0.8785156660874912
1,0.11799833413054735
0,0.05360841671309428
1,0.8399820256743119
0,0.09804764210187929
1,0.13828438756392697
0,0.05160619234530594
0,0.13057692425966325
0,0.08344427997015956
1,0.4508928269836712
0,0.04341742961576882
0,0.03978836497624064
0,0.10818845593676031
1,0.6528305147539912
1,0.894183209683737
0,0.07266980812160491
0,0.04316689728544863
0,0.0396026984876136
0,0.21466257504363281
0,0.14464081853813154
0,0.08944360842216945
1,0.3905111539656997
0,0.0513515963230302
1,0.2386988100728296
0,0.8387772348760141
0,0.07256137723222354
1,0.8267384638353054
0,0.1561680014054999
0,0.11099328860808097
0,0.0464113181643432
0,0.04505798896182487
0,0.03718211505546413
0,0.2207779842352174
0,0.3843330155133882
1,0.4446665392084218
0,0.04878832801194257
0,0.056936477409324886
0,0.044168314161194974
0,0.07341855502805741
1,0.68700709472442
1,0.6676121991258519
0,0.037862954552388944
0,0.04524076130266828
0,0.2545366159761536
1,0.655268357758025
0,0.06262638554913179
0,0.20241299716167388
1,0.17507916336938092
0,0.7448094185652174
0,0.043829780037527376
0,0.1370504968713125
0,0.041487374723274566
0,0.05757766925355058
0,0.20017830574665468
1,0.1295336722190617
1,0.816105726560196
0,0.060487022328961706
0,0.463339492838896
0,0.3340024607549669
0,0.06607337385929785
1,0.7357723092141101
0,0.1923863425661724
0,0.1414809284860627
0,0.12596274228213303
0,0.041830407669505736
1,0.6147395168873854
0,0.03906331218113439
0,0.08006809400399115
1,0.8460931982054801
0,0.20202572896396748
0,0.04605815958861878
0,0.13751621668236222
0,0.040589640572950954
1,0.14722571161075307
0,0.0773274149604343
0,0.791828717423422
0,0.06131674983759863
0,0.07289751245659012
0,0.05712420972062825
1,0.6298506152534387
1,0.6291033600017911
0,0.09758555357871558
1,0.6168485737173061
0,0.07339245590061708
0,0.04275936472947793
1,0.38127348198607847
1,0.5508206415863218
1,0.6183402575560707
0,0.04327600691166414
1,0.28136576662618373
0,0.10402824318687033
0,0.42282615913672217
0,0.05671602163370028
0,0.07680680123485464
0,0.4871210905463299
1,0.7199402464448806
0,0.05399301850980221
1,0.3386064989002805
0,0.038343476665585324
0,0.03732420247270341
1,0.64181083290931
0,0.04929244537025364
0,0.18399953598329283
0,0.03906609851194192
1,0.5511624933033931
1,0.7618046360981058
0,0.7144977771418635
0,0.1139827363178977
0,0.07899857529143968
1,0.7378918358283728
0,0.08674468667293718
0,0.7832312892468821
0,0.06772435041909813
0,0.11378848593447165
0,0.47890276037810053
0,0.5923284988664906
0,0.08618641537426036
0,0.13195640706489054
0,0.04019705720291365
0,0.5834263398435221
1,0.04561578985776283
0,0.04184788615478697
0,0.0403393765377232
1,0.7042283623726477
0,0.049563809512389985
1,0.8793825440297038
0,0.07868291038670454
0,0.1275897909655786
1,0.5817052400794529
0,0.2324163189404543
0,0.06530773377045027
0,0.045254016885170986
0,0.4005517218840395
0,0.049519897820805917
0,0.2323844553269282
0,0.6335602609782855
0,0.04021491017705963
0,0.03899453946138595
0,0.04122058381798479
0,0.15523325834059734
0,0.041415663210522195
0,0.03976840094908516
0,0.03779006693049234
1,0.7142148502053136
0,0.047762890645970814
0,0.3221523549774135
1,0.055652235013710374
0,0.0438869244915051
0,0.7611371957997316
1,0.17364258201804747
1,0.7875425293502482
0,0.48021163563144276
0,0.051263827619397725
1,0.5888745396647308
0,0.05009475534472789
1,0.25255733913910466
1,0.3431792702508652
1,0.3336513592540781
0,0.31198590197845394
0,0.33542213624423134
0,0.41952100445869733
0,0.0506522654056071
1,0.18687284667143103
0,0.4799306852461989
1,0.2935560032937549
0,0.041176249475426356
0,0.04451969282261698
0,0.07524980645747961
0,0.03937287471660896
0,0.4828950814971614
0,0.03959648070856551
0,0.17523072010601268
0,0.04172321763491832
1,0.6390669485013167
1,0.8111581208105276
1,0.7007793789979028
0,0.05588689029460182
1,0.6975748777345148
0,0.19071045436900635
0,0.2032457919837487
0,0.2436477432324221
1,0.43461099522158037
0,0.04248917371848088
1,0.13441549847726939
0,0.052449915464195904
0,0.22865102370721857
0,0.1067228959955168
0,0.5539356009007864
0,0.33741536584542936
0,0.04722903096275842
0,0.5191980363495808
1,0.7561669797765725
1,0.4482750393227722
0,0.5260976409961267
0,0.04989659257506022
1,0.781726506258743
0,0.3802006777586369
0,0.5816725839065763
0,0.0431524002386257
0,0.6495669531826108
0,0.04412885772775025
0,0.15371864198630472
0,0.05308626019468271
1,0.7804750904446262
1,0.8859185609381944
0,0.2159072399491145
0,0.05147580746406047
0,0.12414054557371101
0,0.058021539807516315
0,0.07252134595879996
0,0.22120764865142462
0,0.06334251434487394
1,0.7584390161311306
0,0.06691663318138495
0,0.07690026607671394
0,0.07195556763223318
0,0.06723749025538976
1,0.7407899787935941
0,0.312791619609578
0,0.10683652132592501
1,0.8033095587875033
0,0.6205544087206509
0,0.10127287657462775
0,0.06065021495730067
0,0.040240347642734084
1,0.790032691420483
0,0.5504082961724228
0,0.36352560840375286
1,0.8611043105779673
0,0.33651599845882985
0,0.039848067634531026
1,0.6945375308310464
0,0.0642389783218358
0,0.048932517064629255
1,0.5373024232802707
0,0.2585654129965943
0,0.046557638545910475
0,0.4724721039326155
0,0.6938286382809405
1,0.7822557231690606
0,0.48058259101719814
1,0.8368192278994905
0,0.03898958412532401
0,0.16790293700637857
0,0.4313601306771761
1,0.7774548395986576
0,0.061834171362999
0,0.05793340845811508
0,0.09724720324370371
0,0.09099648709122585
0,0.06945334380897618
0,0.03696387269028272
0,0.15414449813044023
0,0.2893480947244548
0,0.17100337303865357
0,0.5971071390958369
0,0.08535820260720561
0,0.04108389088502701
1,0.5155989863930904
0,0.04902130897558859
0,0.0478249552962954
1,0.8252732828800835
0,0.5694502681518376
0,0.4303302693420273
0,0.24964824159283322
0,0.040283496658570186
0,0.04437520976780453
0,0.03885610307219881
0,0.06111398218295073
0,0.07993002038494235
1,0.7152612384104157
1,0.04089098765729883
0,0.06421955189702588
0,0.04503977752560086
0,0.04213200092399144
1,0.4143219259125165
0,0.03995283450523944
0,0.03770060602198937
0,0.38028361555839857
0,0.04787970165875509
0,0.06687619650576572
0,0.03986901595342155
0,0.0643784571295997
0,0.04520028592169661
0,0.04214086900099488
1,0.3651901674583156
0,0.4088459350127953
0,0.048900278080094436
0,0.10839353119246348
0,0.05325278927571303
0,0.11524139887514497
0,0.04822584488283249
0,0.050827663489983445
1,0.11075802364583641
0,0.2983203201004556
0,0.10593888219045379
0,0.5211685564404457
0,0.046093989760298604
1,0.8785565836064817
0,0.3156695005106562
1,0.29974269909719053
0,0.042474388057837834
0,0.0462442529200261
1,0.17418312895682658
1,0.8419303630849294
0,0.21760659702636267
0,0.18522667094999531
0,0.7907703474189289
0,0.04215252568346885
0,0.039915733988552644
0,0.06477180412771762
1,0.8382527263034746
0,0.27349188441845623
0,0.08390883669910498
0,0.17888006492286998
0,0.04645272969061524
0,0.04922055834114964
0,0.06917662763925927
0,0.09304349382406286
0,0.04468708051864829
0,0.20408430292120336
0,0.3825212027075602
0,0.040833842218246576
0,0.49793399704327085
0,0.04031540764326185
0,0.36836449512805164
0,0.07693692679079257
0,0.042216857375287076
0,0.4779754575836701
1,0.6378560344411115
1,0.5877689938330929
0,0.0403591668759701
0,0.04017252999963704
1,0.3874664862359337
1,0.38128463671546947
0,0.05213783567793248
0,0.37062032004164214
0,0.040658244452539787
0,0.19060977498655343
0,0.053746667441128874
0,0.0905531725400638
0,0.04492198177459937
0,0.1438559484654932
0,0.10087917235254386
1,0.2921920686525379
0,0.2754000569429871
0,0.04668164097458789
1,0.867018706051391
0,0.05677929064576219
1,0.5806599244189592
0,0.1872384832057542
0,0.04355653712317472
0,0.12497980773102349
0,0.2899310972342946
1,0.6614756176632364
0,0.10763654755823208
0,0.045096280537761324
0,0.09386070572727064
1,0.16933620487916956
0,0.27148481234296695
0,0.040750917504768065
1,0.8410820855921229
1,0.8465249244516978
0,0.04294215147732162
0,0.07839624679129267
0,0.3531455621974854
0,0.04894459698572882
0,0.23148109909549014
0,0.7413415635806794
0,0.28854339016862146
0,0.08102801480670238
1,0.66430654560821
1,0.7887103447401204
0,0.05797094637002944
0,0.07373531506178996
0,0.07398719467060344
0,0.1715814676584631
0,0.12293264529887359
0,0.09283999756103067
0,0.238380591253054
0,0.048979257177937496
1,0.5346890371343664
0,0.13988577732379956
0,0.07008866589284551
0,0.054689790112795164
0,0.0782590966050995
0,0.709814137742431
0,0.5862448678758903
1,0.8792380127769055
0,0.19412459820498712
0,0.06468613361489284
1,0.23622830727709962
0,0.04452537853926411
0,0.06341176128448779
1,0.7066926311851048
1,0.6889283620282654
0,0.13891174539238732
0,0.1171195236170411
0,0.04388169971688299
0,0.1248064882315032
0,0.043326403165679504
0,0.09717319192065782
1,0.08687978247166385
1,0.6035159779438863
1,0.39208641642971
0,0.5442209348947942
1,0.603653783365623
0,0.6923676867678631
1,0.3876024257844921
0,0.4241716936003612
0,0.3407642471851134
0,0.040372670325715225
1,0.364516603913674
0,0.0936563650187869
0,0.574857431782756
1,0.5301414593620801
0,0.09405235885537044
0,0.6662778789447003
0,0.05747160594977996
1,0.0997930907240833
1,0.6852048467987432
0,0.4945203399476378
0,0.04242461599540629
1,0.6557130356006501
0,0.11802602880496325
1,0.2234011778444005
0,0.15481332363047842
0,0.06367382365744824
0,0.03994945801411785
0,0.04648244475818506
0,0.0871952928209988
1,0.8878837065486747
0,0.0452828195119523
0,0.049776172413263854
0,0.14537870020085153
0,0.11435362566149422
1,0.11848248033580129
0,0.5298336460127445
0,0.13634248870438395
1,0.8424147010489692
0,0.7545184209282522
1,0.6382928656996755
0,0.07251257572407413
0,0.24067622760030724
0,0.09688810067701069
0,0.07012269660445501
1,0.8715204874899407
0,0.061507999156207284
0,0.06856782780135062
0,0.09858862962551254
0,0.06886958711414806
0,0.05877799173769629
1,0.3827140667010105
0,0.06707081370392333
0,0.04360518555651514
0,0.11409862769349885
1,0.5756838553238641
0,0.4575341595973352
1,0.2886164082478697
0,0.3286065301784704
0,0.06308896052340186
0,0.08164772541861966
0,0.037679199554890894
0,0.04543888256595139
0,0.4124116605140528
0,0.06916090568177453
0,0.05179115801027418
0,0.2272642045542962
0,0.07786679837570971
0,0.11217131068683342
0,0.03962197775411665
1,0.3200840449480691
0,0.08671091184991526
0,0.05070448887275405
0,0.09229066917117767
0,0.04637750266710066
1,0.5741733859623935
0,0.050634304397857884
1,0.05309196411355342
0,0.04794995172811327
0,0.04451975614371456
0,0.1434325631450539
0,0.049591917922825614
1,0.843458051386153
0,0.10870990611049526
0,0.04715689629219871
0,0.8403413405475002
0,0.06274666519606681
0,0.042019163869066255
1,0.230976660658782
0,0.09679529702280497
0,0.05846080179176448
0,0.04173955169657201
0,0.11462747264594171
0,0.04420946490382442
0,0.05850604509916864
1,0.6950326936333073
1,0.2928542296746284
1,0.6192339086503289
0,0.5937479397704528
1,0.7571091693868062
0,0.12105961494744667
1,0.3184977247265348
0,0.15695890555000427
0,0.039571103422736544
1,0.08685165789855494
1,0.42608245405269435
0,0.06652044126024105
0,0.7968151652507313
1,0.7350672772546009
1,0.8387791100253524
1,0.5295089583313718
1,0.6988341618095641
0,0.7251437969421843
1,0.5681089988621127
0,0.8523932575445407
1,0.4672871296639016
0,0.45397402494223954
0,0.045009672582351494
0,0.04821559575188578
0,0.20091829751006948
0,0.8228551096956666
0,0.5127643931354199
1,0.07927103702540994
0,0.08094112620390886
0,0.2588732146893219
0,0.042157656121800564
0,0.04032141180605109
1,0.3498540440854536
0,0.041058765528381745
0,0.06654688559532586
0,0.04226795461419937
0,0.04222870013933384
1,0.1837716306004167
1,0.6663911838522042
0,0.5687206051535141
0,0.1667303959431677
0,0.190399718755446
0,0.04500714165195556
0,0.6563603518899107
1,0.270489612719881
0,0.5407927899786773
1,0.8328777405539162
1,0.3021646945794911
0,0.10115313026414811
0,0.04330710871416438
1,0.36267244311973906
0,0.04682736284618074
0,0.1377033978458206
0,0.0757603540877907
0,0.1824493437106617
1,0.3811248401625924
1,0.407688824921051
0,0.6662493505731818
0,0.0784400290350927
1,0.17475419564655842
0,0.5275021131004336
0,0.04664447497050295
0,0.049004537110828014
0,0.043888674793969795
0,0.14884212955366138
1,0.7892732566312927
0,0.0398139434376162
0,0.053884839239639964
0,0.0437999867520859
0,0.19601453055135326
0,0.05114822419180126
1,0.9117484217949821
0,0.15969608748118339
0,0.044759817841066626
1,0.9046087855994186
0,0.6415873473527854
1,0.49965017794589134
0,0.04930132224758811
0,0.07177237820388319
0,0.12083674828449212
0,0.08146229304520643
1,0.7792091136131313
0,0.6851636767843319
0,0.2347308337191836
0,0.05869220469578434
0,0.05858472964484403
1,0.05486572837728812
0,0.07741001235720449
0,0.08319265983305121
0,0.07331328135947164
1,0.24500452367485076
0,0.27102643542631133
1,0.9010131256099025
0,0.0392582100531348
0,0.09091799029631696
0,0.055198006886441386
0,0.4014036154973343
1,0.7617193831729288
0,0.050599173926826425
0,0.16211513763916338
0,0.3004645809390916
0,0.10098625686080742
0,0.0701321660036136
1,0.6515555635862899
0,0.06787095411076707
0,0.17109489619323315
1,0.3289051068388836
1,0.6737051409946067
1,0.21900100686209312
0,0.04912086525723615
1,0.12958012720139173
1,0.8646835230589912
0,0.10604605270680124
0,0.05461124739875304
0,0.1518512133471378
0,0.03989845657245148
0,0.04625244520014003
0,0.09966125495618594
0,0.5665539321003736
1,0.4439090663012592
0,0.17379649914009296
0,0.038294368115283896
0,0.03708587802852616
0,0.05931890742812092
0,0.502800160393881
0,0.8165660348742272
0,0.06683337144020365
0,0.10520744319693742
0,0.03971165432348943
1,0.22719301213488272
1,0.72617159060333
1,0.0924706105195491
0,0.7153709902843325
1,0.7215886148542715
1,0.17296026345234242
0,0.17809728167368674
1,0.7028887850926088
0,0.03961509650063097
0,0.03802285162421709
0,0.41211580201632936
1,0.7851733668688097
0,0.07299582298611719
0,0.04639919443033921
1,0.5473190406701843
0,0.08198347896318603
0,0.06807951343962952
1,0.31516249310433636
0,0.03938438130234463
0,0.047083402290243895
0,0.48354580682382725
0,0.10081907663964522
0,0.0413190649750076
0,0.047888503874294816
0,0.05220090696238821
1,0.5310377498965387
0,0.05744807805597245
0,0.0691269153470885
1,0.33303622154998125
0,0.8050638424917594
0,0.04794051989518605
0,0.043476023625837516
0,0.04813603837387194
0,0.03854906887872838
0,0.045414398235470735
0,0.04965514147904346
0,0.04966204390576597
1,0.47644365515714593
1,0.07566222962354645
1,0.4447527450415339
0,0.03790731823432879
1,0.16852759672096834
0,0.21587595049780983
0,0.24747280006399744
0,0.05141852573945155
0,0.10724128577411876
0,0.5455986875490951
0,0.175553657573716
0,0.07128501882440931
0,0.04362850154306833
0,0.06227493952236879
0,0.5415674267708835
0,0.07223232018284041
1,0.7599189454139799
0,0.04042173374291758
0,0.3232677700766895
1,0.5677778242468089
0,0.15064783000261253
0,0.05036408090862165
0,0.41021295580605005
0,0.04021340672985802
0,0.1355598901169076
0,0.04641947971172997
1,0.809785600822353
0,0.045529577681302794
0,0.3810761569159486
1,0.5575921479041156
1,0.7846961628612114
0,0.10072325390852671
0,0.11276444885234288
0,0.03967325980141497
1,0.1557162818596344
0,0.7178409716433687
0,0.05119857608781204
1,0.5175571836645881
0,0.27409913837565947
0,0.049497732594622035
0,0.0629069313806877
0,0.3683812023770003
1,0.410838911092968
0,0.11720492553784909
0,0.04594040865861419
1,0.6574211904660777
0,0.06268340405881315
0,0.1856769002024999
1,0.38400756453057044
0,0.5971983659523695
0,0.05107848241668313
0,0.08722804705688285
0,0.048214584723453836
0,0.07488800027562591
0,0.4521483037051442
0,0.45887114907185755
0,0.23686090841896057
0,0.07877005043262007
0,0.03908885496944172
0,0.06489073628443763
0,0.061845763751043094
0,0.08197665800536418
1,0.8496429459648999
0,0.07391684963969584
1,0.6651290274141586
0,0.06379158890044462
0,0.07753950074565805
0,0.043723139876351465
0,0.08526517333296592
0,0.25470198828062074
1,0.24116286238964207
0,0.0825813172301344
1,0.6747326580996618
0,0.049972437695713565
0,0.1420880110346991
0,0.03882402871970207
0,0.09467275355485301
0,0.05982412188799554
0,0.045039973759609456
1,0.8780667401815526
0,0.050518968099452145
0,0.7461855324059271
1,0.7802413057175316
0,0.0533742593024083
0,0.04602829452175951
0,0.04423233254711923
0,0.04079903588098026
0,0.03874905623365983
0,0.0603626419758756
0,0.04223363710828826
0,0.05751603207955441
0,0.11621502243686957
0,0.04430614264165222
1,0.8612576556843836
1,0.23501479175284395
1,0.2848012924332689
0,0.16040392842567897
0,0.6155863184049593
0,0.04299660088406339
1,0.8483889908191312
0,0.045585484720143225
0,0.49144388789175986
1,0.8631721565346667
1,0.20896811571128304
1,0.23723580135477396
1,0.8168124100591417
0,0.731191815639176
0,0.17477341483633388
1,0.6747331833930621
0,0.0691687792822419
0,0.09159389413794977
1,0.07225568377809802
0,0.09002493346344263
0,0.26419651776673686
0,0.17437349151979942
0,0.660988203570888
0,0.37847648685720914
0,0.05062733814325877
0,0.04330797607494783
0,0.04752944540425673
1,0.6301874406487863
1,0.6808258054034073
0,0.34752793738009785
1,0.8467805657916817
0,0.047729030106434006
0,0.03961775872974195
0,0.3069347209161821
0,0.03934416467347955
0,0.04923719625001262
0,0.09222892654197046
0,0.08750607643157124
1,0.2146358159780078
0,0.04351507428570738
1,0.6961897454944006
0,0.7907060056037424
0,0.03759998789632848
1,0.866535159795974
1,0.28086878901867735
1,0.8480737627957684
0,0.040838863714318885
0,0.07643312315770469
1,0.8355789627455771
0,0.11552297116932211
1,0.3377629501172709
1,0.6589037466154141
0,0.6391126914942048
0,0.04068198674580308
0,0.0671027595859478
0,0.10083608447840986
0,0.3416827098275501
0,0.04340921888728195
1,0.23786445312284232
0,0.04000737473480799
0,0.1945289168805517
0,0.1815319721613977
0,0.05846701033284616
0,0.5430241261946115
0,0.7048272107525818
1,0.7378555585419431
0,0.04006423247462744
0,0.048946941700030284
0,0.07382388529427861
1,0.4057749122089595
0,0.11223497750345496
1,0.7681911846299108
0,0.04519849668730823
0,0.043071922116195704
0,0.10679166140386882
0,0.08633815817192857
0,0.13874655888350307
0,0.11167135609878513
0,0.04533961858848644
0,0.7941996711262114
0,0.11887288901224177
1,0.5696331576539898
1,0.652751407938454
0,0.06636415070138842
0,0.04842072566253513
0,0.11368976691152913
0,0.24102362730033708
0,0.03809618067810049
1,0.7527772578922186
1,0.13889572221014465
0,0.07061477344409654
0,0.08022657448006444
1,0.6625256139001126
0,0.618738167671537
0,0.07427895711042386
0,0.34375068865629355
1,0.320706098125687
1,0.1478518644061108
0,0.10336786769684944
0,0.25971114663090217
0,0.2195063323152121
1,0.8317916859067396
1,0.13823684248654658
0,0.05267482481290503
0,0.04588328362907397
0,0.08113012843323293
0,0.5419384568939236
0,0.046500371437580665
1,0.41291377265455514
0,0.05965425216813619
0,0.06815026164839365
0,0.054157106358715824
0,0.21588057267118355
0,0.6820809190224439
1,0.5996657628140125
0,0.04336698898928656
0,0.1596924966376727
0,0.04433288517632269
1,0.7982836906854687
0,0.2105547401038421
0,0.2329621801517545
0,0.04835248008671008
0,0.15235655347541233
0,0.3259538005624757
0,0.038289239078876644
0,0.05125369397656697
1,0.05877412099888722
0,0.07255172077539496
1,0.6319909059550192
0,0.07740211192030921
0,0.06812724550146872
0,0.044765148355004704
0,0.4843931715560611
0,0.6978904473860126
1,0.09372042096607014
1,0.7806130978647805
0,0.10942536155304465
0,0.17880464679384162
1,0.5923662890872043
0,0.316765639775391
1,0.14831764840845676
0,0.15344648342378175
1,0.4488548213702707
0,0.05285049948209945
0,0.05000613696068153
1,0.10702261042096971
0,0.2317362323114031
1,0.7383101342962725
0,0.04838944788284311
1,0.5295263914548454
0,0.09114830119445795
0,0.06914689369121925
1,0.7379217645754393
0,0.03844739025830295
0,0.5310986417683967
0,0.04371807968194566
1,0.3975046111353289
0,0.04399868667788969
0,0.04203148319110462
1,0.9056333886989054
0,0.10196066375134424
1,0.8009735049195575
0,0.4640588706829369
0,0.14011284940172827
1,0.6410982317001005
1,0.08261927986887771
1,0.35096741814089816
1,0.45649507375735016
0,0.06453638070372952
1,0.5969032673384261
0,0.04132531003930015
0,0.21882977392364494
0,0.327452149620903
0,0.05846255690482084
0,0.3960983489357483
0,0.22205941926920952
0,0.12159603710669348
1,0.6397971072100408
0,0.05128513903516548
1,0.286838008101139
0,0.06081133290664168
0,0.2292297396784748
0,0.11005916974565573
0,0.040257961181796365
0,0.04099896307710694
0,0.03934345325352497
0,0.27952578715469045
0,0.27865878798533045
1,0.041832291277850174
0,0.04946190994879729
0,0.1334344124013149
0,0.049035257810915715
0,0.04191991861515908
0,0.10547110795025381
1,0.7609894210947852
0,0.19505409823737707
0,0.06773617231088251
0,0.14678332586780757
0,0.0517606573037482
0,0.19540974236184397
1,0.6913530027077186
0,0.15903234122822701
0,0.5034977632994165
0,0.0392381813845998
0,0.05991370584031314
0,0.19106855165231942
1,0.04583994457620964
1,0.44641906418294264
0,0.04520553403769826
1,0.9054788244293673
0,0.042008327061549396
0,0.07081255665094803
0,0.2690550144488503
0,0.046328020472023904
1,0.07176258676891263
1,0.623379281496509
0,0.04959235643238074
0,0.11995833677804182
1,0.656384973951493
0,0.07832826809409235
0,0.06362697861529328
0,0.060877774873747625
0,0.5952500023401596
0,0.28357276995532155
0,0.06106842646612492
0,0.04405423361990526
0,0.04558816565347098
1,0.3210129070551348
1,0.6520148586810285
0,0.08748189088370253
0,0.17325364455098252
1,0.88145501066937
1,0.20109854910093106
1,0.8501014175966302
1,0.8567378064993656
1,0.8518941109595893
0,0.4204103112116591
0,0.05631367451444542
0,0.4426033588348162
0,0.04352753132897338
0,0.05577143841673953
0,0.2451494810964649
0,0.05287194838642094
0,0.03909899143414298
0,0.0957436788704359
0,0.36336130362314
0,0.03854893503504464
1,0.6203152472950819
0,0.3319564680091667
0,0.21424017758310582
0,0.0435425491817345
0,0.5505297988743288
0,0.1861551029313801
0,0.06161982614729298
1,0.8926140296633167
0,0.6382058091737455
0,0.04245710245254174
0,0.13207497127211792
1,0.31420182560275134
0,0.3062512991207248
0,0.4734588799343105
1,0.1838123173030772
0,0.4959952110265226
0,0.045018710364987904
0,0.07378210059856549
1,0.7403657559790452
0,0.0837574671991895
0,0.3390662730549884
0,0.7190313892815725
0,0.168942125942652
0,0.43677773435192796
0,0.1620543658846869
0,0.23753134829055
1,0.8776427890056696
0,0.3418050161564913
0,0.039568759737127916
0,0.13279544513207445
0,0.8068833706574091
1,0.7074830434009035
0,0.10813410206610942
1,0.6149212888293748
0,0.7308064610742067
0,0.13186649936754138
0,0.04838241178771356
0,0.17900353077996864
0,0.11671461372466338
0,0.2009582590687966
0,0.06400104143662048
0,0.2777024123148435
0,0.046162003813527044
0,0.06405178352108183
0,0.04624929573339079
0,0.346965249741983
0,0.5425304535423724
1,0.8076655013675874
0,0.13122753232878595
0,0.05152961846946112
1,0.7676901607653441
1,0.05223029642119296
0,0.12233121791909254
0,0.040806208422877625
0,0.2957993282932649
0,0.16209700375391178
0,0.08098487500999887
1,0.7776034482049007
0,0.04277990625890524
0,0.8496391091583703
0,0.03910611856848931
1,0.5579018524500374
0,0.0493108279013534
0,0.6094833250002637
0,0.11985813067753215
0,0.04027082074734863
0,0.11510062121579888
0,0.03924677636006947
0,0.2172177062823937
0,0.052514789500950836
0,0.06122812449412025
0,0.06734336619104864
0,0.042843777868950404
0,0.04639604190988517
0,0.5108505875237782
0,0.07440694905607027
1,0.7584329354241732
0,0.2152542409201458
0,0.44231334248756976
0,0.060900117011832754
0,0.12872160681735226
0,0.4341301808637405
1,0.8248200296204558
1,0.8209465242406925
0,0.5495331756673894
0,0.2655840873567568
0,0.31988183375640244
0,0.2165229695534999
1,0.6379718333289046
0,0.06296392302137188
0,0.05102470817185041
0,0.4709615995966263
1,0.690733837465361
1,0.6644683045401026
0,0.04817659200356698
0,0.04509369393511809
0,0.6772958924887489
0,0.34195781428247807
1,0.0713975704370354
0,0.0452386392763832
1,0.5951155658953601
0,0.4005580217377354
0,0.6357519526326436
0,0.03935382786715052
1,0.8881468615781594
0,0.06501070455686163
0,0.0403163746300341
0,0.4571569423074228
0,0.0682989009769105
0,0.23380585130988993
0,0.0408632707907335
1,0.15485707360987916
0,0.04772356280774032
0,0.09559754578631248
0,0.0558617760015462
0,0.35968880195396646
0,0.126843402558218
0,0.062212014404669475
0,0.1670668313905515
0,0.05068074506420592
0,0.04056435528930491
0,0.04009842936057446
0,0.038878938119983796
0,0.04185278091719894
0,0.6661861379900702
0,0.04930701792128801
0,0.25444629886273146
0,0.03772236616280872
0,0.04319977770459042
1,0.46211682660901254
0,0.14996087303649297
0,0.25350232448013293
0,0.10660576395166774
1,0.7432098921973957
0,0.15389937335681653
0,0.042450515524357677
0,0.07795008742986842
0,0.20027082888102568
0,0.041724024507334596
1,0.5714257424493572
0,0.0663890208289585
0,0.6820232522309767
0,0.1932308043994515
0,0.07651033145470855
0,0.040187169666297505
0,0.05849540947251342
0,0.03851780724773848
1,0.6790170528213424
1,0.0712551224580731
1,0.2628480620314073
1,0.3816790491545872
0,0.5938336789168637
0,0.05416087079656848
1,0.7465096798508261
1,0.05203754976395836
0,0.48177316190007186
0,0.0432505312450257
0,0.04905991950853565
0,0.03979601343384712
0,0.05385708066553113
0,0.050864832272264626
0,0.039077474532647406
0,0.25618802232276805
0,0.21358135622089702
0,0.07679565677707557
0,0.22736556631481503
0,0.05712883049591165
0,0.4945827097366344
0,0.05049024543230986
1,0.8911604972778011
0,0.13914816178292932
1,0.42429561289708567
1,0.23547303760488042
1,0.712636141911621
0,0.813578871422652
0,0.2469058108149497
0,0.04196197597769242
0,0.17331290909194627
0,0.0815660064207476
0,0.06415097801626567
0,0.21463701283754924
1,0.12608280507898026
0,0.04091511699143182
1,0.7309117017025585
0,0.04628506923051375
0,0.05922948237091993
0,0.2871837821204572
0,0.4893066838178643
1,0.46600724659910325
0,0.14628559680223693
0,0.056856293077919715
0,0.23776181954816414
1,0.8173562662797796
0,0.4754528728807124
0,0.3178847987431169
0,0.11385071125329778
1,0.5361128571598678
0,0.05328964836146934
0,0.05675836095903596
0,0.08580810555539098
0,0.051118087191083496
0,0.06468910826020834
0,0.4495085413729332
0,0.28797649739696457
1,0.7696976406984082
1,0.7612120388975877
0,0.05454997456951529
0,0.7932199205608643
1,0.8283690236724798
0,0.25839810478259884
0,0.03956390793503134
0,0.057095776260177256
0,0.04605536961181842
0,0.7266912878112066
0,0.08729981532711723
0,0.3242945680128829
0,0.10479863828766288
0,0.060233279149931915
0,0.04454649175507602
0,0.698544195348034
0,0.04130888924386879
0,0.05780329409970206
0,0.07823171865183418
0,0.17592594917322057
1,0.6912822121829149
0,0.043203818664975906
0,0.28723466966124195
0,0.18605062594125815
0,0.1432564650383595
0,0.05272830794354187
0,0.18670062163075468
0,0.0406989595550158
0,0.07698347762927792
0,0.04969345028470455
0,0.6209756019658845
0,0.06341844189058368
0,0.06433202958064034
0,0.043276546574272955
0,0.3368199224703039
0,0.04321624036978097
0,0.7907278975426135
0,0.04353499098301884
0,0.04655492164866726
0,0.06725650113261215
0,0.06614605421850493
0,0.6025337834096971
1,0.04916667617049321
0,0.06221103052328217
1,0.646054591268782
0,0.0831808055498387
0,0.42886931514547144
0,0.12336476391990353
0,0.08083065258272255
0,0.04750548839029438
1,0.5178681567503999
0,0.038729351574076074
1,0.04140297319522888
1,0.8662578711222384
0,0.08928833755636013
0,0.05216962776118723
0,0.3155072919774883
1,0.8469884561185705
0,0.4671605576687924
0,0.03914062962836571
0,0.05438777820394105
0,0.1446636683896314
0,0.7732427691673538
0,0.03994218493637741
0,0.3452091704454123
1,0.23796831024179882
0,0.040573880653078244
0,0.06412686762701264
0,0.048116927290561086
0,0.6007325055952079
0,0.34864778848721184
0,0.1540269686607388
0,0.03710510382763707
1,0.24795776604778877
1,0.11748281096400871
1,0.6360239006415438
0,0.407721453568045
0,0.05388592397926548
1,0.35290317861214254
0,0.5172446967743344
1,0.7312955502686977
0,0.45389539842103693
0,0.047999998818183405
0,0.12713162760515312
0,0.046642777640780606
0,0.05677966882221585
0,0.13545003229961472
0,0.24150036065356692
0,0.07069806069028244
1,0.08532446702038982
0,0.1641653674286225
0,0.052545844830619526
1,0.5750338912921074
0,0.38059570173944396
0,0.04937497874976487
1,0.8411920507321149
0,0.057827265272086044
0,0.12701564974854654
0,0.050679403790558845
0,0.06526323207608967
1,0.5798522359338486
0,0.15076877864682406
0,0.05302138385524154
0,0.043460750312633564
0,0.045029680199130034
1,0.2517334297662349
1,0.8911649252683559
0,0.040365277618503136
0,0.15491507861495818
0,0.04629190214052166
0,0.5684942119676947
0,0.04351693308098689
0,0.07074219341177045
1,0.5696383142227316
0,0.03893177334811655
0,0.0551392069256324
0,0.06545961100768853
0,0.04646217892300439
0,0.04367454105772963
0,0.049331968210451514
1,0.14616217001668833
0,0.15645430534097393
0,0.05771975250971628
0,0.04162251454414706
0,0.4275933397686283
1,0.8550427534691268
0,0.04930481582170985
0,0.041927940387960036
0,0.2995115849163088
0,0.1263972277796516
0,0.047020266303074064
1,0.4682916314960483
0,0.4331158169777116
1,0.13635134027460966
1,0.8838404046555081
0,0.08998781169330856
0,0.057546169110252766
0,0.1259090611675296
0,0.8834963194901725
0,0.6540670060059649
1,0.6155249343834048
0,0.0872840301300763
1,0.49502288779020337
0,0.14922751376582202
0,0.5516597265375605
0,0.03927117479608854
1,0.12035424901862524
0,0.058407672471443406
0,0.05872078011310403
0,0.26371745078402253
0,0.04645868575876251
0,0.38967935931390424
1,0.7130589337465051
0,0.061194825995377476
0,0.3880990195889675
1,0.11614837033773365
0,0.052993949519466885
0,0.044823793042223295
0,0.6174118982275774
0,0.04850186456155135
0,0.040224086591493936
0,0.04471755198725011
0,0.04093848497280454
1,0.7514977938504834
0,0.15497845791700163
1,0.8490977241363352
0,0.19578763354515405
0,0.05340713719189039
0,0.059923809377461
0,0.04682075222759473
0,0.05277780690811092
0,0.09689889215741854
1,0.8006879374472389
0,0.050508760531687624
0,0.07750222474745135
0,0.09612022497859526
1,0.2499027036311687
0,0.04516121889867331
0,0.055203484261973725
0,0.048837103776807445
0,0.09491218382713672
0,0.05906994980654915
0,0.45066909996349536
1,0.8725660692452314
0,0.31140678319549336
1,0.7230995965864137
0,0.0435498012869135
0,0.12452272992192272
0,0.04259305025638278
1,0.15531261268691168
0,0.04504612290476293
0,0.045288189222104716
0,0.15572709162235088
0,0.16620533213718888
0,0.16265607853347458
0,0.8016098786223611
0,0.10217082009253307
0,0.12382608047409475
0,0.06631619179568275
1,0.18252236175341022
0,0.10609414995305592
1,0.6593808623778068
0,0.41443865033304533
0,0.04972635060238376
0,0.04967808357944232
1,0.4937674271966105
0,0.060891483506438665
0,0.040100661639999334
0,0.09812672858848692
1,0.10051979142965421
0,0.26535367725049236
0,0.48246484069826406
0,0.04620981470730903
0,0.044047658213218085
0,0.046354356440877084
0,0.112203693702187
1,0.06266187236922423
0,0.0381188279879386
0,0.05659537587988375
0,0.0431997705143584
0,0.04241171243292246
0,0.3734721953886551
0,0.04141743831258432
0,0.04312009082809374
0,0.11673468734755542
1,0.07653781820949544
0,0.054824090384256244
0,0.04171164313097646
0,0.08847470661687819
0,0.2835874294912338
0,0.21728380752829643
0,0.04919692903018632
1,0.26773890324379607
1,0.4286872995185517
0,0.11019324997860226
1,0.8831244023905187
0,0.11409911878416926
1,0.532832929030241
0,0.6460723166204682
0,0.05916418297819419
0,0.12405008362972347
1,0.5830536722864086
0,0.08235614230303345
0,0.06588034409845554
1,0.16077721196926606
0,0.04461508841837848
0,0.05474961992478195
0,0.041682008514178776
0,0.08248048856463695
0,0.523327360201119
0,0.04534240491450186
1,0.8226892097263521
0,0.050935640077988044
0,0.12182408327173794
0,0.6586534499056027
0,0.05835296645876365
0,0.24609270754096874
1,0.7646915883177349
0,0.04034410575721098
0,0.06719626631063877
1,0.3623644670496589
0,0.7273754244084482
1,0.5594337841413207
0,0.8168003592902121
0,0.374822291734549
1,0.8544796626960423
0,0.043754520087952394
1,0.35327861621019613
0,0.4201808253951829
0,0.46386390186095494
0,0.04514440311930018
1,0.8945938973279084
0,0.2540441915860822
0,0.07184348521461506
0,0.1431459250266925
0,0.13197016319792984
1,0.46682403319517424
0,0.5720805880229307
0,0.039506367272322616
0,0.045339318888621916
0,0.4276783156023186
0,0.0377609288407003
0,0.05328926531708288
0,0.34060775139268906
0,0.03877878494934373
1,0.6288181204544977
0,0.05723854392464332
0,0.050922692666219786
0,0.047927330271444885
0,0.041861685353204565
1,0.7385470550001316
1,0.09289017391211157
1,0.39335936843148256
1,0.8352647512798312
1,0.3704156233704762
0,0.1718474695589785
0,0.03979145816276334
0,0.7086597180717158
0,0.0890464754631396
0,0.03798876014366871
0,0.37442148065323083
0,0.046781600451615675
0,0.038727610712975806
1,0.12146680778831136
0,0.04545327439774012
0,0.0871192476387343
1,0.6487317902445121
1,0.8871033701031624
0,0.625918585421065
0,0.04587610455267968
0,0.3415154923287082
0,0.2605121878749859
1,0.6036531504466034
0,0.2088075437383516
1,0.6850878064737979
1,0.6685499072987694
0,0.7320633779218922
0,0.046381058089354145
0,0.04311712694670228
0,0.043699974275602196
0,0.045339325134834935
0,0.0402059008138896
0,0.45859493816917
0,0.04000191848114241
0,0.07068757879085692
0,0.04669206206063778
0,0.040517407027189076
0,0.15712872855333415
0,0.057125882030953534
0,0.0718978074477682
0,0.04015326483028189
1,0.21727188122185667
0,0.24044803539640297
1,0.781690949809035
0,0.054479795877761576
0,0.03935977045295399
0,0.06426107191703469
1,0.20476886525018778
1,0.5090141579076544
0,0.043530306816015024
0,0.07439383654533815
0,0.060717702058463295
0,0.281536440464699
1,0.4828459242551362
1,0.07917729994853236
1,0.8455079262712828
1,0.6246322388856915
1,0.427335757924713
1,0.8792148049887347
0,0.15368589488138726
0,0.09019583466228416
0,0.5697127093260587
0,0.12990794863694918
0,0.06933125842211212
0,0.13640879419119598
1,0.19210794745023407
0,0.12474456874632332
0,0.04983977289700088
0,0.676264847542683
0,0.06068239440860549
0,0.22106625409570504
0,0.22502012275828076
0,0.05877820140700845
0,0.045018444137551426
0,0.04229575155805507
0,0.03895798192829418
1,0.7202918743493097
0,0.045662473764110915
0,0.5521165920344113
0,0.04231365437457464
0,0.3457974790218923
0,0.19373441300521668
0,0.24533551712016474
0,0.15814615801530657
1,0.23300436733639016
0,0.1409743485849573
0,0.10288821930472443
0,0.054895566954259685
0,0.2866435917521166
0,0.24537065196776398
0,0.04438756399950948
1,0.1407611141021901
0,0.15619313687899197
0,0.3361977181504452
0,0.03711645810977255
0,0.6480785138379792
0,0.06922592733759937
0,0.05727828264535833
0,0.2688841460260504
1,0.8141822576776223
1,0.850468500787329
0,0.2562743048667382
0,0.03942572337893168
0,0.061145340870052335
0,0.08000576216402003
0,0.14209057344968445
0,0.04337745407009283
0,0.03895046726110161
1,0.2682517938342312
0,0.29553267155120744
0,0.04549341777285611
0,0.04014968984549215
1,0.11261027831476837
0,0.2175578686524168
0,0.052710913122689704
0,0.05554285689047437
1,0.8914245460727299
0,0.03853016697895776
1,0.4568051565127857
0,0.5394644252945585
1,0.8628527649086395
0,0.12604730316477664
0,0.05244935804717812
1,0.32469984380640815
1,0.49753246072177293
0,0.05011641537178766
0,0.08084622950559972
0,0.3023718055712592
1,0.3624914300261564
0,0.06600141907580241
1,0.40878341998968054
0,0.056415079985944555
1,0.8087554401826821
0,0.4904259335856684
0,0.2088628582325431
0,0.043070957451287195
1,0.08606866028777732
0,0.7237280593519977
0,0.1608985903148454
1,0.4886196804109703
0,0.03715605233783646
0,0.5428529078764456
0,0.14508715418112375
0,0.04285763580867224
1,0.7213772237998352
0,0.05662327030846244
0,0.8857931601847299
0,0.04327795597417165
0,0.196664036793519
0,0.04715398328901793
0,0.052863318466863325
1,0.3806820224346827
0,0.04214749084735401
1,0.1141862729904622
0,0.27887194485344785
0,0.04360712847439049
0,0.16884890643154898
0,0.20276446553339478
0,0.06405265688865323
0,0.11833658959104584
0,0.05575307924503209
0,0.07942937973647791
1,0.8030899900800007
0,0.06252379964214205
0,0.062026082279176074
1,0.8048438754881777
0,0.3446159363316832
0,0.3848672629549763
0,0.23750738656068351
1,0.7921557747553367
0,0.5225165249773815
0,0.11015410574141861
1,0.6914990584497839
0,0.29468991066394384
0,0.31383248896296784
0,0.2987333774146207
0,0.11925288027604951
0,0.0622107188645867
0,0.06741732198408561
1,0.590056588055322
0,0.039218492921698336
1,0.7225381613436886
0,0.4157107329906415
0,0.47738296661885077
0,0.040563171783747104
0,0.0386482345424611
1,0.6642522701960194
0,0.0714799791444405
0,0.0881198775958838
1,0.7676127508492064
0,0.05207163059928322
0,0.03855909745946216
0,0.0775018055271157
0,0.04477965329293725
0,0.21292082544675328
0,0.14222587070152112
0,0.04139665515862136
0,0.8084933080205312
1,0.4566600097792256
0,0.037551159195101096
0,0.07594827670923471
0,0.04809309643900126
0,0.04092919243046361
0,0.08136766763104453
0,0.05603059909686184
1,0.09509504930598074
0,0.04796819141727623
0,0.049883797521683225
0,0.077385616075123
0,0.2920578082027822
1,0.6862785293366411
1,0.26386537173925134
0,0.0728838748064368
0,0.06062900092469494
0,0.1660736979927991
0,0.1870322946488133
0,0.7635587423135866
1,0.14259833889037024
0,0.05792340055972233
0,0.12761791999833066
1,0.4084634776581117
1,0.738887181445911
0,0.07637510539340042
1,0.24557812041441374
0,0.35055326659689356
0,0.04221387654292608
0,0.1384905587497553
0,0.03972451002845541
0,0.06426058027659501
0,0.26777635259998606
0,0.051557901731393026
0,0.2991112831926622
0,0.10456350425571942
0,0.047064725870249395
0,0.696968723400792
0,0.06169750238729472
0,0.1561339103942808
1,0.7627540895604455
0,0.03791484275320945
0,0.03895405067323861
0,0.09862240708950006
0,0.0456158128199285
1,0.5951740467232778
0,0.6430690147354262
0,0.11789144637405304
1,0.8594525982582693
0,0.1438577437412813
1,0.7591820668869154
0,0.06814019000565949
0,0.055453484519167456
0,0.03924749276357018
1,0.7871892687402642
0,0.039123650439129624
0,0.6863832873095513
0,0.053544413666057486
0,0.04828338703143343
0,0.14869729237776685
0,0.04059871590583159
0,0.6588993607332514
0,0.07379683904050734
0,0.03749103404199795
0,0.2247238258834454
0,0.8449429296107714
0,0.04040375577061705
0,0.07522736881088937
1,0.5795251218380406
0,0.2211848787441647
0,0.05293486346058505
1,0.7898871281259491
1,0.50069430288558
0,0.04718792949645932
0,0.049810075752149505
0,0.5663053169729251
1,0.25345156422959997
1,0.4675766488746956
0,0.6999065663851218
0,0.055369481932889444
0,0.05084864433644928
0,0.3010916708120618
0,0.052336362743959086
0,0.5450782867557946
1,0.863714529518555
1,0.7766587781478277
0,0.04167179950675752
0,0.5774361345402336
0,0.16570290002769328
0,0.0460634619357805
0,0.06066197564666587
1,0.8830494457649779
0,0.049466705341397306
0,0.04379557463034235
0,0.07125135406094653
0,0.037938351290945464
0,0.03963981498001902
0,0.06485060665709434
0,0.7918242377056042
1,0.8576827473096753
0,0.04182155128816045
0,0.31279865967202863
1,0.4045342608150477
0,0.32513743115606336
0,0.04465794278598241
0,0.13691739844835224
0,0.04023767527719595
0,0.15279738682838317
0,0.6745091803457023
1,0.8337263320321522
0,0.11431331390634462
0,0.044912613960089054
0,0.03767992944702487
0,0.17539513890126332
1,0.8048309689671364
0,0.3236921934806749
0,0.3704779003881535
0,0.06407436615651396
0,0.04868395758305247
0,0.096010896948245
1,0.7588481825375738
0,0.06157165251230699
0,0.48269836982921543
0,0.5367142158761624
0,0.15469797875554964
0,0.17935093845768285
0,0.11385892163784991
0,0.0915354230365803
0,0.04875647408684762
1,0.7210140947860739
0,0.06360783046183846
1,0.8329147894126029
0,0.5724120188208054
0,0.48948533822751106
1,0.5278253063933321
1,0.1609925206842859
0,0.045916448963865146
0,0.48480558882740377
1,0.2538526296045013
0,0.313295727722494
0,0.055503463260052364
0,0.06582122626898773
0,0.04113114031264255
0,0.062224533017548586
0,0.04489202500851366
0,0.06923950352648284
0,0.1953027243073603
0,0.051353699236194345
1,0.45115325020473807
0,0.05480004802957202
1,0.5490781755188351
0,0.08185002007213256
1,0.09677394504846203
0,0.1172124864230742
0,0.2601750773317175
0,0.2472812307486624
0,0.3576214436935524
0,0.08689439525726755
0,0.4658123265853713
0,0.03933306010738943
0,0.04141050979821764
0,0.055262260774741424
0,0.26082262603410955
0,0.5146284116327157
0,0.11393965022041216
0,0.05662800697153489
1,0.6700597360756673
0,0.05494777401499463
0,0.04801858822940186
0,0.06113709198114746
0,0.32699357669839874
0,0.193167307679778
0,0.04389908855702781
0,0.5456618669145564
0,0.05208589613399251
0,0.701644846602111
0,0.0675706755199445
0,0.06964636204744523
1,0.3130527599723802
1,0.30870736778500996
0,0.15060745291387787
1,0.7639387977565318
1,0.39951466668127583
1,0.30148819517842673
0,0.42042112324764475
0,0.3435796364981506
0,0.1443308963266455
0,0.08308710744736698
0,0.04714982550440006
0,0.05206894019013402
0,0.09495174095837866
0,0.5355110746643242
1,0.2097599362665041
0,0.03899889067887813
1,0.5933911113565509
0,0.2727888537582703
0,0.05007740232581291
0,0.06590281696488073
0,0.15359344871662017
1,0.8657673253199666
0,0.11880069077662499
0,0.04298152156628344
0,0.056745834301353056
1,0.5085351397631181
0,0.08147603390147211
0,0.7313807245210651
0,0.05890454521536826
0,0.08402085704243481
0,0.4279731411008805
0,0.5412336844294164
0,0.039829948083085986
0,0.1537376219230928
0,0.6759821291466684
0,0.037128966180788
1,0.7271081341142818
1,0.6131975144008953
0,0.07824930911440195
0,0.04286283543572702
0,0.24384820876200908
0,0.1193693871247607
0,0.10700069646315187
1,0.5793292041651401
0,0.06126617589979239
0,0.0773213069711223
0,0.7887951766099938
0,0.056476355311495
1,0.48201971801958454
0,0.14260153706228051
0,0.6804924571947983
0,0.2968637432054952
0,0.3041120266708405
1,0.5328702712436287
0,0.2375956566199959
0,0.04396643326399247
0,0.056070302372434655
1,0.7209317098520664
0,0.03877200767396041
0,0.06188269065511097
0,0.05233730289854611
1,0.8449505661295194
0,0.042095826191570346
0,0.18190446992987663
0,0.5999806569232558
0,0.041687141206687935
0,0.06020075485824951
1,0.4231768739389334
0,0.15436995070280152
0,0.37594413761847173
1,0.6272084561895801
1,0.5689892082308428
0,0.0654011162347457
0,0.1398032760106742
0,0.04235489142874309
0,0.08748481823481502
1,0.16402060520008485
0,0.053600581773537645
0,0.04727503762334544
0,0.04014680693358664
0,0.06670261359058398
1,0.8777385705516426
0,0.04286088476533271
0,0.0415003412342731
0,0.5842583807789719
0,0.33921278647835
0,0.05494332792637324
0,0.040118468628325354
0,0.04597231214988079
1,0.7861070650522896
0,0.046344940643395206
0,0.07153482491094358
0,0.09479074208903046
0,0.0667675413909057
0,0.045346000195581514
0,0.35921693082012224
0,0.3647857321820557
1,0.9080282496459504
1,0.5425751566975935
1,0.697755964696536
0,0.09335819663173457
1,0.7640633346618313
1,0.7556993534680535
0,0.1690069099001638
1,0.6562247061526653
0,0.23493734527378693
0,0.12013584232121727
0,0.04036853979662244
0,0.1534673816015057
0,0.039135057587293264
0,0.07065805009589642
0,0.06228292685781081
0,0.7491374132413213
0,0.05540658588234271
0,0.06198798292449963
0,0.08404584808258787
0,0.810731705309411
1,0.387457370067491
0,0.045928877073349805
0,0.36833278807740794
1,0.44127997291972876
0,0.06108784353557787
0,0.04677819474663372
0,0.05469763845712602
0,0.03998683759692984
1,0.06910133237669426
0,0.054969013994117286
1,0.31528506374051385
0,0.6771321850105209
0,0.08323763461312868
0,0.1178645377153212
0,0.4902541073890755
0,0.10671614150314788
0,0.5945820483349231
0,0.13787787851797378
0,0.05092338221586146
0,0.044579723840834876
1,0.06421242582077202
1,0.6772158525765826
0,0.6962655295699374
0,0.039966733457396236
0,0.4274756388963484
0,0.7236762327338332
0,0.04034453437120088
0,0.21466790496872312
0,0.04845478592883723
0,0.04332506078064087
0,0.04218391279274695
1,0.7677008672447344
0,0.11412377273582743
1,0.05583648399681674
0,0.09534397027692505
1,0.6248472721841549
0,0.16183961371679143
0,0.1835328859017187
0,0.07848312406255609
0,0.04808298265998115
1,0.44787422712305747
1,0.5233673672269169
0,0.17156370643096802
0,0.05436176179622027
0,0.5368571867267912
1,0.4365459102907212
0,0.15873681269551276
1,0.6184099177826067
1,0.4757106569854491
0,0.28061144331109217
0,0.061934259324273544
0,0.4886409537729743
0,0.04343635009106903
1,0.40604240857332685
0,0.042703544035419934
1,0.699339776339079
0,0.04411112775150811
0,0.8481585606381539
1,0.8479720136768978
1,0.9046092309191212
0,0.041163990836013985
0,0.1614679080069969
0,0.04758228867034581
0,0.06235326399611894
0,0.06100604518176137
0,0.35496956138941854
0,0.07216980800396597
0,0.3030683986615398
0,0.211195367206105
0,0.8400534636687909
0,0.1391665995029131
0,0.26405312314367274
0,0.21098438188509205
0,0.04842639080869248
0,0.19132116795402673
0,0.08275229909806364
0,0.16059380441907206
0,0.04540876307242703
1,0.8148446794133971
0,0.10236481152044018
0,0.15236049778489605
0,0.5781799960883305
1,0.2924486427177773
1,0.8255515752181353
1,0.270766077751281
1,0.3223315313905819
0,0.7865754286946669
0,0.04048781550513407
0,0.0756633749958387
0,0.16335761577930125
1,0.36867217624459364
0,0.8482578154902879
0,0.08650982890169093
0,0.06011087084257297
0,0.2017647005132108
1,0.07654407638936464
0,0.042828562240069104
0,0.08389980126313232
0,0.08982601188164463
1,0.08933835634416984
1,0.6898938589514106
0,0.07720049112512502
0,0.05091500260563465
0,0.05647355015434531
0,0.4332030675943382
0,0.07221516289707561
0,0.040979797178663534
0,0.3051898824527152
0,0.06907364947105792
1,0.19006801540124382
1,0.7494325763897717
0,0.04492249476155485
1,0.6119808257082362
0,0.04998606629360284
0,0.050572567026634464
1,0.6483017796450725
0,0.05020897810759815
0,0.05679202798057439
0,0.03846572717941444
0,0.05539774443007819
1,0.34626728356769126
0,0.052172633110942127
0,0.03947810004820814
0,0.30386403672668916
0,0.03787055298202853
1,0.8330675509915136
0,0.42227742396248735
0,0.05492200935474114
1,0.23738115378197602
1,0.7520269560658153
0,0.04592167235208281
0,0.07538267569215983
1,0.7367070755298155
0,0.04354246959066929
0,0.07322655928583448
0,0.038769343568578925
1,0.7286807042543143
0,0.0419404345208743
1,0.8660442921598903
0,0.7332934700753996
0,0.08399223191577833
0,0.21029382783240205
0,0.04515824487946514
0,0.041505379205140885
0,0.4988397147172884
0,0.03762020780156874
1,0.7340041431066487
0,0.10825450225898303
0,0.18101884291827258
0,0.047035880978723695
0,0.050883040348042786
0,0.06865832451590129
0,0.21302338296491624
0,0.042021396287209384
0,0.590145104678035
0,0.47770494505727884
0,0.06940044422033739
0,0.04488526126890545
0,0.0662747598331476
0,0.06794607891371122
1,0.5642402690683488
0,0.08782605702308756
0,0.04587371582141573
0,0.27704836504227576
1,0.7219302288734966
1,0.22049252024384403
0,0.04709872813957627
1,0.8856979223176216
1,0.07316523743169948
0,0.28180226726768914
0,0.1334482034035793
0,0.06478416428333172
0,0.04308912842242976
0,0.058486708511232034
0,0.04302741160336847
1,0.6088838568317158
1,0.16600169958849603
0,0.03901049639990315
0,0.042462134190170586
0,0.534946147204475
0,0.28067410730927694
0,0.6676563241195058
0,0.5307650691344173
1,0.7970848558647877
0,0.04199285509526028
0,0.04191636043192031
1,0.48713797092596306
0,0.052175613822074196
0,0.25746644719368034
1,0.7182170526389162
0,0.13809277948583737
0,0.05266763976654054
0,0.1412649762324579
0,0.468525043766237
0,0.45124847407303187
1,0.13793211906393094
1,0.3035883090020145
1,0.5489664432521468
0,0.06790755725406004
0,0.04542013476892478
0,0.11815136956626038
1,0.887874062236699
0,0.07385033358244103
0,0.05326526667723586
0,0.049387691139113045
0,0.05205178721805229
1,0.5158709386526702
0,0.038257623388494005
0,0.09857169583393331
0,0.054178658659542495
0,0.5089049889430302
1,0.8169323827862589
1,0.11358106700923236
0,0.373678140936482
0,0.3150649730217163
0,0.058554936670717386
0,0.22038714737962203
0,0.2797154893519637
0,0.04094036531614506
1,0.1218365844047354
0,0.1370954747183545
0,0.03951299747820728
0,0.0846176639382699
0,0.08680756030418572
1,0.6487354778391399
0,0.041631929632331595
0,0.0500045022752868
0,0.03852948266259471
0,0.101688432276988
0,0.05196163523039403
0,0.20221985605652143
1,0.8865431175788657
0,0.05195235902459132
0,0.08540362835269456
0,0.049293574592977764
0,0.044555490088872836
0,0.3047233885233295
0,0.049258147464754404
0,0.4927519414513587
1,0.4236568252965815
0,0.03957696881050306
1,0.5349233859640964
1,0.7458944436966176
0,0.15202786052763423
1,0.4221993257791725
1,0.2741018089404092
0,0.2979840335216813
1,0.6255737712573365
0,0.04954511242683333
0,0.5022578835723875
1,0.057264053260246306
0,0.08557470659606822
0,0.11096384529654478
0,0.06684895288215245
0,0.7186380838638017
0,0.049944800823973276
0,0.04637012360786989
1,0.6567859816484194
0,0.4817633964045446
0,0.6981512916627903
0,0.13962917573073144
0,0.04298576092334125
1,0.44181096588185825
1,0.2867091117060982
0,0.06888339234114194
0,0.04392756776542571
0,0.42684001790818216
0,0.04720477933183961
0,0.09066895259565703
0,0.04007872203187823
0,0.10776256861498568
0,0.5831292695247133
1,0.8610868462050583
0,0.6264714699458082
1,0.17970221599935554
1,0.4229591359505537
1,0.8204513640934895
0,0.09312317552014697
0,0.038723956880205065
1,0.6342883490834533
0,0.04537766499570267
1,0.45207386985618164
0,0.04769734086449151
0,0.04558830370876491
0,0.7675898401315367
0,0.03855575495202726
0,0.0659576620093038
0,0.03773743623028817
0,0.045107052488703475
0,0.14870121977668127
0,0.040836524276551586
0,0.045844064031630924
0,0.3980962619853597
1,0.7019777746107496
0,0.037720102881234945
0,0.04297304580213628
1,0.26866507121621575
0,0.04229766041236553
0,0.0509441385216492
0,0.3179585725991804
0,0.5286708930606957
0,0.039583329785124736
1,0.8808102106040221
0,0.05601707804904118
0,0.06624377443843703
0,0.08010077637589438
0,0.2612673783616437
0,0.08243949613310961
0,0.07877687088751288
0,0.03830151949324453
0,0.7930772296076583
1,0.29768351070328813
0,0.05711440859216106
1,0.417344350592346
0,0.6631785970242796
0,0.04405014608037106
0,0.05454313386004524
1,0.05951389158112993
1,0.15020848916490623
0,0.10954803332466452
1,0.6330213747011024
0,0.0808293087237315
0,0.04972310206327555
0,0.5297106513405451
0,0.20359572138212567
0,0.07282362131100706
0,0.5954468857861448
1,0.8053235965848431
1,0.2425797703557584
0,0.16519044593701288
0,0.0394250473835142
0,0.13805513891757243
1,0.5582786358969477
0,0.14408480130605666
0,0.06277968150099052
0,0.10812826039406224
0,0.0496976914774266
0,0.399080659740797
1,0.4752093179047703
1,0.13519966381929685
1,0.1069460246628287
0,0.27861809722610315
0,0.11303399461361406
0,0.05327879816863636
1,0.7736296962134731
0,0.5911149792077904
0,0.3260671215121093
0,0.38639371643264026
1,0.059118953358650465
1,0.6312208575217689
0,0.5273145156440971
1,0.7914570707572232
0,0.05117129645308536
0,0.04875850338797789
1,0.6839605246794204
1,0.5914603291296217
0,0.08543798310046603
1,0.15002510226004157
0,0.04391818637834935
0,0.04570139363188517
0,0.7060583161308095
1,0.7967337851830271
0,0.07960519380165698
1,0.8044722392537488
0,0.04494612586902621
1,0.4893371271322952
0,0.04321338433356924
0,0.317740888188623
0,0.07497985440869491
0,0.04959283051307492
0,0.15882941085998067
0,0.47316980456112984
1,0.6909910874550252
0,0.2508980515153214
0,0.0450066565601869
0,0.7042382392912447
0,0.04737290891720801
1,0.6951177972994886
0,0.1988658048596806
0,0.180273773360294
0,0.044551819143724455
0,0.25519490693687585
0,0.0855708857405001
0,0.05542078558620822
0,0.04698473630666947
0,0.051829537914280015
0,0.08928071690424691
0,0.05022531484035777
0,0.31652615235643283
1,0.48548772531273726
1,0.7006679570919427
0,0.06379764229748897
0,0.15759160122932286
0,0.06204986568998445
0,0.22478472462774723
0,0.1413535105787889
0,0.04018167624654371
0,0.6607734237992141
0,0.29229166620281366
0,0.058668142830641375
0,0.4476069049532609
0,0.1550875861503439
0,0.04344032327645294
0,0.08238434326312696
0,0.04147219305384442
0,0.060508953151803394
1,0.2638869793157624
0,0.28349928339484226
0,0.06974157679736331
0,0.039550189725027184
0,0.045697222707990065
0,0.35317879822281817
1,0.3415383569828802
0,0.040068815998255014
0,0.11155541796839531
0,0.34867069646551324
0,0.04284881468414423
0,0.07561961556260545
1,0.6245877624548467
0,0.04143291918600056
1,0.7929112356952633
0,0.046416709692149234
0,0.04490786501781795
0,0.045452004274728945
1,0.4229905196231828
1,0.8225612195905153
0,0.12187072126388232
0,0.1157457514258448
0,0.06643260836638355
0,0.05626618236607821
1,0.7764964511999851
0,0.04348942544252711
0,0.0539893042598378
0,0.061424080292633354
0,0.044064220546184606
0,0.07476712888246181
0,0.17237877154383036
1,0.581547268104086
0,0.049957953471409626
0,0.16578865661092126
0,0.09080315340087759
0,0.3440191604106074
0,0.0694902016223346
0,0.04407250867304065
0,0.0396275090159895
0,0.3352339696052198
0,0.22269841138110172
0,0.05834078564521359
0,0.05306339270077927
0,0.04161623496929597
1,0.31469793559642667
1,0.7425988686089955
0,0.05089689804548766
0,0.03849139314904892
0,0.04514687853980954
0,0.04462287059263032
0,0.07419534574008929
0,0.061610723628080274
1,0.8730016607769981
1,0.7763401231865081
0,0.0965811235512682
0,0.044655179209206655
0,0.04755226117012804
0,0.3439331911284935
0,0.5094204989144423
0,0.26556329652648175
0,0.05717459081552301
0,0.039341116711812535
0,0.2500775671979838
0,0.3285528434904273
0,0.046138956196773794
1,0.29082452694924493
0,0.15769476933402976
0,0.10879485178460087
1,0.051184989121399904
0,0.350062585454546
1,0.1639632969572673
0,0.25180543106055653
1,0.7791310318878397
0,0.0425506080123612
0,0.5012396492293978
0,0.04000709842663053
0,0.24660649833857046
0,0.04460358969845652
0,0.4244171676701326
0,0.720210833978414
0,0.04735395637542321
0,0.2668163292894067
0,0.06658681516759146
1,0.4083585138206655
0,0.05968602253372581
1,0.6653035491110221
0,0.6500299135456933
1,0.29940967134750757
0,0.3386276571684276
0,0.695553609178192
0,0.08138775670253029
0,0.050807652594423026
0,0.4270634875585942
1,0.8830696004368698
0,0.04954849587013418
0,0.1198950672613647
0,0.056530958722217105
0,0.061968815346071675
0,0.14485544613619453
0,0.1175306543285442
0,0.09248836630381434
0,0.06733871182143936
0,0.04427807868556739
1,0.040540513312428986
0,0.1513421081188553
0,0.25674834080241365
0,0.06267526322055854
1,0.8444043775281026
0,0.593007288963359
1,0.3360588796841129
0,0.23607254710053457
1,0.8717890953461221
0,0.16517143885123967
0,0.11918215247337581
1,0.6457271804017318
0,0.06888054758058217
0,0.32785164037953074
1,0.5666889741168867
1,0.19356613805311407
0,0.299582614941032
1,0.305441521303262
0,0.38462513015154265
0,0.14633624113373248
1,0.04656645918945157
0,0.06181499786741024
0,0.057089568038816464
1,0.8785029247135483
1,0.047284364553409876
1,0.8579382615522861
1,0.21940866561470235
0,0.3218289281584082
1,0.8841327328759906
1,0.2629616702095734
0,0.1907880313770098
0,0.5271794172586381
0,0.08145638235375077
0,0.16994965478110846
0,0.0895771552351356
0,0.06723236255239817
0,0.06351522813576396
0,0.061434083469547665
0,0.4690423598584654
0,0.07735076431711044
1,0.5603929123249665
1,0.47707237741509007
0,0.14428810540045553
0,0.45547373666634505
0,0.038586440255261555
0,0.6512803440192662
0,0.8579938569678692
0,0.05861243767331713
1,0.2084844244076539
0,0.05834564041716998
1,0.5871317892117883
0,0.43113958039850003
1,0.441664711924887
0,0.26452129482838865
1,0.28568775042109246
0,0.03804590002829698
0,0.3659106663742437
0,0.4737116708484983
0,0.1081851359289249
1,0.4294813397337523
0,0.04000817094550622
1,0.35385419940606905
1,0.7734232870212636
1,0.8168540571593096
0,0.06147380898175224
1,0.416043236179736
0,0.1320636564217219
1,0.7138879468207314
1,0.8648746350981802
1,0.21601911457867817
0,0.40178024092806713
0,0.05573107542265488
0,0.05167721862713046
0,0.5542509347902393
1,0.8728748322153882
0,0.1931153630415715
0,0.03744701696816622
0,0.1520070480928726
0,0.043431107723066006
0,0.04950769931156595
0,0.10380884803289629
0,0.039351479097150054
0,0.04269032049067933
0,0.038402106847474055
0,0.2031063763387877
0,0.04372003094925972
0,0.3148877597541003
0,0.03933992890741097
0,0.04386222001040194
0,0.04660813495188467
0,0.06839979165903658
1,0.6207246092627544
0,0.5332076622757461
1,0.9015849864296585
0,0.048725498135362325
0,0.07674893130200444
1,0.2350741840719909
0,0.04770689771228942
1,0.07847063154278759
1,0.14088278025722273
1,0.10732257620567355
0,0.30234953267475945
0,0.35939931628815536
0,0.43392218926769655
1,0.5206108115976228
0,0.09058289041348441
0,0.24047253791700637
0,0.054642404730234816
0,0.0441711450419166
0,0.07755453697692721
1,0.7069929669661147
1,0.2254599933888689
1,0.4902597030172996
1,0.7012893279562649
0,0.7235443176621511
0,0.10985831762771055
1,0.21091751440302314
0,0.04104388397301667
0,0.16234765322095374
0,0.05435224700350787
0,0.06413643681682678
1,0.4046376083964546
1,0.08192498112576409
0,0.04160810060363956
0,0.1348851879075918
1,0.7965183545980369
1,0.25167042579366916
0,0.07156513636842696
1,0.8099309961852611
0,0.04138341472862443
0,0.3628527948974874
0,0.040792412455468385
0,0.12043484777777225
1,0.29817803790047326
0,0.055607004013826136
0,0.07406462648708684
0,0.0485227012362892
0,0.040658844791834285
0,0.1385070518308225
0,0.12413818301888124
0,0.10235090606321091
0,0.05192600783796168
0,0.1073212109841314
0,0.038386093042936026
0,0.06675740883441444
0,0.12914228746059941
1,0.8693215379097383
1,0.2656769192335015
0,0.24424573232733082
0,0.05556050782655965
1,0.8227419600644537
0,0.04537514669029856
0,0.13584498249741428
1,0.12459746535348501
0,0.4847042915391302
0,0.07187947266181197
0,0.12476217701067539
0,0.047412739029706934
0,0.04235948962768038
0,0.16184379558897666
0,0.10110673044842403
1,0.5039850578100923
1,0.8175511434864463
0,0.37936979805542836
0,0.17129343338857914
1,0.37586256590371037
1,0.6378772718954668
0,0.08691846354072717
0,0.044867777329237274
1,0.6707560103917695
1,0.7930564982341913
0,0.045049310828829445
0,0.5204098684300623
0,0.04571625163906952
0,0.07187002253164912
1,0.35457987524301315
0,0.2919842666970018
1,0.7109540064827968
0,0.04623583188967686
1,0.8597889749751756
0,0.045951916648530544
1,0.04607047994800667
1,0.5287715563589386
0,0.04402491511962937
0,0.08617343496370009
0,0.2347961765393108
0,0.07644169053445876
0,0.04861474486753066
0,0.08091514167465205
1,0.8489115560364962
0,0.03757832349025812
0,0.10793019143754495
0,0.03811487736912873
0,0.26236370418739646
0,0.03949729585619729
0,0.16604795424947033
0,0.2002846389271164
0,0.11696213252113356
0,0.04586693444188846
0,0.04375189629874948
1,0.278682146591361
0,0.8780119395673169
0,0.300586106619636
0,0.040761932505094446
0,0.041925564583302655
1,0.5466181216439643
0,0.6893944769490526
0,0.42074025998538495
0,0.6572027188773057
0,0.12458701815480024
0,0.037423597592033245
0,0.04304816752360208
0,0.053710937948246495
0,0.0648965793444985
0,0.04186583693577317
1,0.7866655672004937
1,0.8764402208171252
1,0.8717509624952229
0,0.045984457806947
1,0.603133797150862
0,0.03856588607883564
0,0.06697028676798324
1,0.6118930512094203
0,0.05826205248513849
0,0.26504043167729596
0,0.09950901790359216
0,0.07205950398025555
0,0.4485070543954226
0,0.0400403462653397
0,0.44633378991279415
0,0.10602123466661786
0,0.03989370525290682
0,0.05145711908669909
0,0.08282560382252437
0,0.409774915353278
0,0.8135467311006267
0,0.04387894328370504
0,0.049817776685103544
0,0.04414120888555606
1,0.6824876877258589
0,0.1373264832171424
1,0.7905824811256055
1,0.3091258962432543
1,0.1333427679540879
0,0.07396884521775901
0,0.044078725706834375
0,0.05602696762761698
0,0.043690499560575094
1,0.8548969909364852
0,0.36516248665376105
0,0.04447595762991372
1,0.6009030799841365
0,0.5927915732023101
0,0.16068199086286353
1,0.8843234571301554
0,0.05363895692429523
0,0.043879928599478084
1,0.26427757080727027
1,0.3436801252804081
0,0.04607588854351438
0,0.13727784470018792
1,0.770262438715543
0,0.05325916922589885
0,0.04036107560651125
0,0.5848572828928021
1,0.3206455208350396
0,0.06046345860025624
1,0.7035739336943424
0,0.08530064829682342
0,0.6889950515677342
1,0.8741784105482944
0,0.06656842440325406
0,0.05221233176079269
0,0.1613292818336766
0,0.15400095445055165
0,0.1889383813597911
0,0.08371145284039123
0,0.05566264058523338
0,0.05286924770149186
0,0.2036868119752627
0,0.19650393361361035
0,0.04721739188197355
0,0.05127786198523583
1,0.08448238248229813
0,0.25780250960579076
0,0.28429371230155076
0,0.08825145631205288
0,0.5678581745715515
1,0.639722397615329
0,0.05162887608184314
0,0.06877675713403116
0,0.04066321841756469
1,0.5454686390556002
0,0.3810809026964738
0,0.34952624930685405
0,0.1437003355360764
0,0.19287269546481342
0,0.038517109851559476
0,0.8143563567507937
0,0.13126146509125405
0,0.5382572748697942
0,0.3451686330082312
0,0.04212881986681665
0,0.03866419923734005
1,0.5772087080881
0,0.11040465694499417
0,0.33101504922740227
0,0.5940126531576048
0,0.11058030428056984
0,0.07665403616886429
1,0.6744743395012738
0,0.09157832812522607
1,0.3228844338635408
1,0.19708567556772855
0,0.04441472595094199
1,0.17910064042244866
0,0.1301976400849411
0,0.47792998005817344
0,0.2083600929742393
0,0.09123668127870306
0,0.04908333476491245
0,0.049597219662528294
0,0.04039075511512611
0,0.6158011927289668
0,0.1155838322708972
0,0.042397954089934846
1,0.7522422703732939
0,0.06597062578665726
0,0.2019776215195562
0,0.6959306747110298
0,0.04898829870554887
0,0.04570654638294415
0,0.04670543591898034
1,0.7795293298385393
0,0.1693855130814027
0,0.0929239512525134
0,0.06509920382258094
0,0.264014695030203
0,0.14714598559277112
0,0.04698614749907643
0,0.471280723704937
0,0.04205186992256307
0,0.04643222224188528
0,0.04565898437085545
0,0.05769356104869419
0,0.053604869573577636
0,0.043537985169198636
0,0.05352768393925445
0,0.3775513506015014
0,0.04039178388278673
1,0.6087852104755641
0,0.0676879636308317
1,0.8607974824045957
1,0.8867103000039139
0,0.04289155218363995
0,0.1320864863364661
0,0.05511672273531795
0,0.6978977580121218
0,0.4090637273585029
0,0.1210733414550849
1,0.7854447743079579
0,0.03815106551575523
1,0.8093552152655749
0,0.04264998406883562
0,0.05181478820572073
0,0.039871671111219274
0,0.03876087887672159
0,0.6590724418820307
0,0.27676547560088877
0,0.039048412678540104
0,0.03965780129636632
0,0.18992661524913135
0,0.0928182127833067
0,0.6853128757624365
0,0.10028212995055617
0,0.22547582844159855
0,0.2610416092182377
1,0.22190318785195406
1,0.09644110777766987
0,0.038652978957151626
1,0.3412121027933621
0,0.051197972478948826
0,0.05905471554033527
0,0.6425714849155857
0,0.07730752274131418
1,0.06441005285240015
0,0.09917920097821684
1,0.4624076868813651
1,0.4814299012938203
1,0.22290867654155092
1,0.5668080488536272
1,0.8265070877261702
1,0.19499815452939745
0,0.10689395954610202
0,0.3729626213530461
0,0.045198373839571794
1,0.3763857026641222
0,0.07012524583235272
1,0.6672038414416885
0,0.4434699714668237
0,0.038559992882123584
0,0.1827886487359344
0,0.07298653339789869
0,0.0439683374216192
0,0.050013044206386935
0,0.5243338440310656
0,0.23645137309952718
0,0.1890999266439124
0,0.07690685927716509
0,0.2580068534086432
1,0.7045583952723912
0,0.20837184248640966
0,0.038884357479906026
0,0.04699730958798945
0,0.04451155597321265
0,0.08589078564452501
0,0.05533864033657902
0,0.10779573661740496
0,0.4791830615205591
0,0.13016905042039434
0,0.05102004442258152
0,0.07813849243741691
0,0.039500121533091626
0,0.06604182320404735
1,0.6609470646020976
1,0.7365661545731308
0,0.21791040555495916
0,0.04560128891082927
0,0.07659901359469083
0,0.2578910511696629
0,0.13399118911875
1,0.7929624357217847
0,0.2870538041354702
1,0.10798156068116976
0,0.07648527769210813
1,0.6123161960094227
0,0.407181499365572
0,0.04802900681009307
1,0.8435693516506829
1,0.05181141532052306
1,0.9066780513549704
0,0.7480827382693949
0,0.04197254546674986
1,0.5219219617999046
0,0.11492583431688481
1,0.17334781133858163
0,0.03805806097222342
0,0.1918410248717172
0,0.04322329197539439
0,0.053826844552345925
1,0.8784239166724152
0,0.04016112016751297
0,0.08251369930391902
0,0.6661343377563017
0,0.363626780825233
0,0.049950647557449546
1,0.04380729731207907
1,0.6572353861878496
0,0.06820542487606326
1,0.03949644807087491
0,0.4600901854725873
0,0.04136347669281488
0,0.039016790210971125
0,0.14224717199996004
0,0.6265919887454383
1,0.17946221333396417
0,0.03897333681221154
0,0.44938267856258846
0,0.05943047891718392
0,0.4351373603066875
0,0.2963725735173223
0,0.5908476748504552
0,0.7567154698669967
1,0.04269411425880476
0,0.1853132789920468
0,0.115546667141408
0,0.04536981822124952
1,0.8660110502608972
1,0.15193008190765114
1,0.746872658266261
0,0.04534912446645574
0,0.050584677507448654
0,0.046607050953923264
0,0.3255795883822749
1,0.14198115637673067
1,0.22914335975689518
0,0.4803437721885721
1,0.3864792798880926
0,0.07017211638770271
0,0.49576077969982024
0,0.07458910092233972
0,0.04482695767080064
0,0.03880778966321305
0,0.04883611710643292
1,0.18320941027148774
1,0.7423799692896947
0,0.45260350106930897
0,0.047165134714841475
0,0.04454848337993159
0,0.041455860315397636
1,0.0527046446178809
1,0.3500099711708329
0,0.04163791060360072
0,0.03980990375605712
0,0.03996017480713777
0,0.04350340281925988
0,0.03968559235192732
1,0.7432272650962188
0,0.058083426478250204
1,0.8554150894486499
0,0.2265617775684442
1,0.8810291749468782
0,0.06764674140384278
0,0.04011771225412642
0,0.41436386966982985
0,0.039691933363790725
0,0.058390285213908634
0,0.040942783226834936
0,0.08443325640998074
0,0.09786321895865391
0,0.2509619460017642
1,0.8517355388461364
0,0.40093358361344344
0,0.0700976168998588
0,0.523400165262318
0,0.6674555522491177
0,0.047272581332278414
1,0.603248929430502
1,0.7388443165929163
1,0.8976779508638592
1,0.07114275630191545
1,0.1524434513690152
0,0.057890407270856974
0,0.04488869284866015
0,0.13380595324626698
0,0.038952649582925374
0,0.6954155153863913
0,0.27674289106606365
0,0.09945555078376911
0,0.32978752731096295
0,0.24163902660370254
0,0.050199690671510006
0,0.03807839073688662
0,0.07172645549990785
0,0.6305632876551223
0,0.8013416627841675
1,0.6284955155752908
0,0.25603455197149844
0,0.046132562716702255
1,0.727308013458461
0,0.039220679689145804
0,0.038521457575486154
1,0.7447369242906745
0,0.05518198526491181
1,0.2618410742627988
0,0.07252414303873439
0,0.047741201096449665
0,0.30505449184888384
1,0.05646812716496413
1,0.20954371561934823
1,0.8373245473861871
1,0.185658343559909
0,0.061359918825374664
0,0.06473741378346277
0,0.066631935309457
0,0.03891393655092191
0,0.04251221567107714
0,0.053637692734104646
0,0.16075967649941417
0,0.040934053135499776
0,0.04685209919584265
0,0.037753995084710494
0,0.2180609629190733
0,0.056607956550635725
1,0.7013708968126845
1,0.17413917235401535
0,0.04146707697469755
0,0.7009305728569929
1,0.08286614779979709
0,0.04409962528814312
1,0.1432626866051299
1,0.429399250359456
1,0.36741874284689885
0,0.05249945063584524
1,0.16929275800606713
1,0.8037719498143643
0,0.314553029095609
0,0.10827967771025473
0,0.061733275205143594
1,0.8752006874126793
1,0.6079868685293255
0,0.07732875728046437
1,0.8150365798950072
0,0.5262543412267361
0,0.04820061603784423
0,0.04879977553098765
1,0.8091168703853447
0,0.056657740473995605
0,0.03903026150829325
0,0.03812503336339565
0,0.04247759174335781
0,0.049186145526264484
0,0.0620845507488353
0,0.060200118416671
0,0.19710116188466717
0,0.058567357768843996
0,0.07890381204822097
0,0.39783837987651494
0,0.6447308878289149
0,0.04318460785834382
0,0.06017568591412448
1,0.6926455601648597
0,0.17799319514208253
1,0.7464992398603351
1,0.5600385238632303
0,0.0433688088855339
0,0.040891297701332145
0,0.4487855609226528
0,0.04143160262241369
0,0.04300069603086069
0,0.053993863112735144
0,0.04025629052254135
0,0.1587071931561828
0,0.1352719423553281
0,0.07255328763358858
0,0.09425017473432638
0,0.05181278507179225
0,0.04342891394839061
0,0.1631270671614988
0,0.24332253873764503
1,0.8096924404303832
0,0.5893104776654755
0,0.03949919629170976
0,0.039500986282368596
1,0.37777324543106133
0,0.09594458724858117
1,0.554015192599758
0,0.05720028756417203
1,0.3767367383556632
0,0.2927284838219213
0,0.2633939875694034
0,0.12198119352732151
0,0.04023709812762957
0,0.18347866984159095
0,0.03981836908085042
0,0.5236934654430534
0,0.058555691287509024
0,0.07941926439980503
0,0.1548713590663955
0,0.35478263684327377
0,0.45655578066761937
0,0.044803902904952314
1,0.4598089239577145
1,0.8358832354915529
1,0.40319406087114057
1,0.3236298066466313
1,0.9116088702473153
1,0.8350572320068945
0,0.045412049946490916
0,0.04595590733213981
0,0.054587872118103814
0,0.05813669301977359
0,0.45216904359508536
1,0.15170566819545114
0,0.08801637240806531
0,0.08901208285700808
0,0.038903791357099364
0,0.038849307432931524
0,0.07627352673700334
0,0.06406408168157196
0,0.04376055505696515
0,0.11695180019169034
1,0.13617890700933663
1,0.9041985868367928
0,0.07566509208277367
0,0.03839040689227808
0,0.04164140762465911
0,0.15567730739235117
0,0.0889537305342121
0,0.07362312129560893
1,0.21669520738607845
0,0.04258067082047363
0,0.720193626778206
0,0.052835278616279846
1,0.5550387875445596
1,0.8447732818529413
0,0.5049411519548453
1,0.323850394285547
0,0.35842846268834505
0,0.1675125262565551
0,0.20242353675937638
1,0.7945223096654024
0,0.06276057676044577
0,0.050533201530862985
0,0.06914240414020398
0,0.043892505478526335
0,0.05953791494585025
0,0.23562586645917238
0,0.038914213063954824
1,0.14344950263030032
1,0.5935766132601066
0,0.08528751338766966
0,0.04188465847051439
0,0.059290386147155406
0,0.7816203124882044
1,0.05800088118424212
0,0.1435272739993942
0,0.04085077323393134
0,0.3020721185289623
1,0.7752568978211148
1,0.1054225019098852
1,0.3800867664617685
0,0.045402858106489564
0,0.05921471746661589
0,0.27085379607030685
0,0.3371093054624154
0,0.09135459943647226
0,0.04508329889759007
0,0.7102705794696541
1,0.21898360368556405
0,0.040148800535938896
0,0.17055432161810408
0,0.4879952451685844
0,0.056348927368951564
1,0.46480724896039366
0,0.09012166824737113
1,0.7450324568297692
0,0.17163061992643705
0,0.3715448899095082
0,0.04227960599340854
0,0.051700622186048394
0,0.058056626314728944
1,0.0797498262904036
0,0.057657150803837084
0,0.044105172751696
1,0.5001043139844951
1,0.6950957063580654
1,0.4784791538469279
0,0.09292629209730158
0,0.08169092456118043
0,0.6593403197162265
0,0.6787822925332989
0,0.08328537636361363
0,0.047251275119553154
1,0.8149757702997442
0,0.03764187731302208
0,0.05440919684704126
0,0.04548397837370443
0,0.054226854319186155
1,0.6983478802628834
1,0.6259901977676114
1,0.8527370041955413
0,0.04541460715312482
0,0.07109411240622121
0,0.13075933502999648
0,0.11882717191507904
0,0.08095887322722593
0,0.061528220640678394
1,0.3310603954489775
0,0.12480769053352253
1,0.707160274985539
0,0.03790137559242414
0,0.10899840359604707
0,0.27208418794583145
0,0.19628637477374974
1,0.3652915577447741
0,0.043905756158798354
1,0.8690661105311006
1,0.04118841198044364
0,0.05363541051458501
1,0.29937011680576364
0,0.11342989806353343
0,0.04467158987124765
1,0.7093132954822936
0,0.061103557717407525
0,0.04071305599477043
0,0.5140503651030269
0,0.05732249260908591
1,0.8438303594536711
1,0.7707040663312726
1,0.7671720576684238
1,0.7189900542012406
0,0.09266885967857506
0,0.09507838254792395
1,0.6880406537656587
0,0.04987607298661785
0,0.04394101909808522
0,0.039464796822797396
0,0.05073892258976429
0,0.3550290470844483
0,0.1262136924313316
0,0.04217460456023339
0,0.26884795604740275
1,0.26228077623045204
1,0.7963823036111926
0,0.04107604511258131
0,0.05893705830028597
0,0.5690474536893058
0,0.13273883874778045
0,0.049528014638568874
0,0.09792236190321424
0,0.09428481049019709
0,0.03760078651669757
0,0.0390836012759411
0,0.054705165003012944
0,0.07589124630302933
0,0.03949113970217776
0,0.24504488467804872
0,0.2451365533102606
1,0.8415812607209785
1,0.04374876396663203
0,0.5997796314210623
1,0.8315532358471674
1,0.62049041746224
0,0.05789662725790276
0,0.12658634673714894
0,0.04756070075418852
0,0.5679967177149757
0,0.04517775398195884
0,0.3197863766058319
0,0.061659225197527534
1,0.04935473169464468
0,0.044694945458895186
0,0.12904402937117268
0,0.050353381468959436
0,0.0754824169976078
0,0.05259703227644173
0,0.11284122788786805
0,0.05552399626839163
0,0.05899857275564297
0,0.10781588476060597
0,0.11077525210562297
1,0.6139201624437293
0,0.4786161724465903
0,0.04183827453275935
0,0.04254606603996509
1,0.17784783254345338
0,0.26401850896099205
1,0.312990706861873
1,0.04829607312577418
0,0.057572174761267
1,0.7463581545605363
1,0.7102832635117746
0,0.18901013400901998
0,0.34795273989727366
0,0.03921794423448983
0,0.6729016025323822
0,0.07947670365152303
0,0.04709288607100723
0,0.05522560541262973
0,0.3811093120786314
1,0.4977760396105968
0,0.257322565842139
0,0.5367571836259779
0,0.1554956269581086
1,0.6500209025565786
1,0.7942647118211192
0,0.06540140852468904
0,0.26263557433142953
0,0.05264929353503763
0,0.5826760140420749
1,0.21085163087930953
0,0.058627056683170274
0,0.07358564792450663
1,0.520403611940167
0,0.22383780794513844
0,0.0481286004900902
0,0.04278886626845848
0,0.5203007704729076
0,0.3284817715988228
0,0.08765808805205541
1,0.5961327000659279
0,0.04475705077297857
0,0.040241580180706234
0,0.07288652851470699
0,0.646352245888294
0,0.25400935318761986
1,0.6483160145705735
1,0.7161692545593276
0,0.347580566102401
0,0.047163632159653544
1,0.6773740654959685
0,0.09181110828152492
1,0.8727872612997111
0,0.11499353568776177
0,0.060845069323431075
0,0.044579751481272016
0,0.7532065393770724
1,0.7051191990791927
1,0.604889831358377
0,0.04480424590054512
0,0.04407930213375239
0,0.12046024994104838
0,0.0395621484119441
0,0.04612877101727549
1,0.7471523981029049
0,0.674724757527601
1,0.2859134236940387
0,0.07632445285261648
0,0.08101069674120392
0,0.07741713130345888
1,0.8672316914351215
0,0.05961582356362968
0,0.08206138031456188
0,0.09169084247477938
0,0.05498030402667097
0,0.039127272502596615
0,0.07565495891899394
0,0.31318583647522147
0,0.0485539784331897
1,0.4848775425955559
1,0.7717248758578669
1,0.8035876993173633
0,0.04411871812158811
0,0.495796678138384
0,0.0650258096571424
0,0.13663418837533525
0,0.19535023449760072
1,0.6349204785563036
0,0.06422094258900383
1,0.8309498067731498
0,0.10549984250741948
1,0.10606545488319115
0,0.03745307902777545
1,0.8276440751321543
1,0.4835715083648426
0,0.04614742659141597
0,0.0454089936762001
0,0.0416257356963471
0,0.04803468169549241
0,0.3695930323490285
1,0.7694189678488718
0,0.041897325546072624
1,0.5305317835943192
0,0.08206496386396302
1,0.6852867932251114
1,0.755651719560044
1,0.8720034013719381
0,0.04546734926504914
0,0.04628814445736104
1,0.26647191159579053
1,0.796195911633049
1,0.8950943422556236
0,0.051726696303978616
1,0.44459822978128755
0,0.06270656329686072
0,0.040540846936490356
0,0.7173932432975374
1,0.8271835591411086
0,0.31174403428790937
0,0.17768853725607658
1,0.045387233629152354
0,0.25744706610850676
0,0.10463236020290796
1,0.7438890533969034
0,0.09956827800903295
0,0.6454629751444886
1,0.22422231704102302
0,0.0443750572863215
0,0.054098654588438724
0,0.03823469213285625
0,0.21553892781297534
0,0.04185670383571159
1,0.7059709383274424
1,0.5466043703140209
1,0.8746608009314065
0,0.3770654514526017
0,0.13147964276836044
0,0.11524426175521717
0,0.07584731633946204
0,0.03972477022041113
0,0.4736852266857972
0,0.09859863661000592
1,0.2288607131957519
0,0.23261169963167053
1,0.22477817870042363
0,0.04307218885932834
0,0.4186703361791828
0,0.041996937355003504
0,0.05574435373123832
0,0.15272493636235737
1,0.3843035721534592
0,0.05042185267700377
1,0.4300854224591788
0,0.20244901662195988
1,0.045400710864723415
1,0.7016578817200999
0,0.23311312349771343
0,0.0742037964354722
0,0.06344996068528982
0,0.5488635676614424
0,0.12267205065727543
1,0.8466612918415027
0,0.05185619948616862
0,0.7345548982878559
1,0.7938294754251115
0,0.046079960380413364
0,0.057162658657539264
0,0.038612530794101645
0,0.14197847360332316
1,0.7209320924892815
0,0.4567669953528042
1,0.5160565549929698
1,0.6201092240625526
0,0.04014748211962509
0,0.061974889394165344
0,0.044747688371269974
0,0.047948501860255156
0,0.06569014446583035
1,0.3656794603645029
0,0.03943087817644248
0,0.16692553005372615
0,0.3659303023879548
0,0.04043555423394624
0,0.06858588684736934
0,0.07108919286589706
0,0.09013259188600076
0,0.046505785892036
0,0.31034439413423925
0,0.07374318904039172
0,0.04297267409554979
1,0.07622408122448876
0,0.03960311052501494
1,0.629754535373746
0,0.7376538737826318
0,0.18479246037513122
1,0.9011930073089051
0,0.045987291392256956
0,0.26336382650317286
1,0.8291717995730625
1,0.7790037310442278
0,0.17339340742571754
0,0.06966118155219614
1,0.43444006726345197
0,0.5220327065771231
1,0.36329723066099767
0,0.043625465945745345
0,0.5690275034280438
0,0.04386909825878483
0,0.08062921369191488
0,0.0783141352553651
0,0.04196728655834441
0,0.04493476837716506
1,0.514294368089876
0,0.050974322299917926
0,0.06539815831347302
0,0.11833016609079643
0,0.8306075974152096
0,0.11036933804819503
0,0.24585665039953672
0,0.08299916169065442
0,0.08248873634304826
0,0.052812371594622265
1,0.48718029082173614
1,0.17081843699347016
0,0.0422206651562437
0,0.06295617105277396
1,0.6055061138416442
0,0.03846276247448372
0,0.05979910565973702
0,0.4029204668621874
0,0.040082195619742786
1,0.8085153876890165
0,0.038627754100095966
0,0.0493807678642736
0,0.039982787528992335
0,0.12117720068960589
0,0.04230157601782263
1,0.7870629509464196
1,0.6753658914041872
0,0.044749768898000926
0,0.04695131326090081
0,0.29398810893734834
0,0.11898091029575265
0,0.0485750125815442
0,0.06158144013467426
0,0.053202401735351665
1,0.7233002475864341
0,0.04774786190868786
1,0.14866641549622142
1,0.7921264289892829
0,0.47657472780736937
0,0.22384653292985027
0,0.3129587806122942
0,0.25094543112921236
0,0.5978405309683253
0,0.1016110843015302
1,0.5389946690743584
0,0.11596033043679796
0,0.14324938540444737
0,0.06157438086387532
0,0.04437846665073204
0,0.06382423995807947
0,0.17900723479785438
0,0.05466051728499319
1,0.5591702247233195
1,0.7029261997178716
1,0.5687694837156672
1,0.14402405830323853
0,0.041701568184575495
0,0.5511281536089462
1,0.42655343070055857
1,0.22223447149612438
1,0.8427088628146868
0,0.03938127392538326
0,0.608596043742636
0,0.04566335638448519
0,0.24417368589579896
0,0.038693653908429146
0,0.1309624102784378
0,0.36564431355176513
0,0.13046301444732786
0,0.10227309075745858
0,0.04725400010586648
1,0.2579829945847039
0,0.07175361881893423
1,0.045789117817040606
0,0.10823743197551558
0,0.04325121173040642
0,0.10199916942880008
0,0.13304780416530634
0,0.05505365858370986
0,0.7887544129717952
1,0.042157351028252556
0,0.6197344774362226
0,0.08766777377493375
0,0.22052099954040594
0,0.04861490486045493
0,0.047608056558726096
1,0.8289472256625561
0,0.06404442583771015
0,0.04103302186106519
1,0.8496940773325032
0,0.054774250903977084
1,0.1426476662136987
1,0.8151759853224644
0,0.04375012342810613
0,0.6580706993197865
0,0.09978074828533615
0,0.38836298240231587
0,0.046019165658684635
0,0.04370206345103637
0,0.40782505098245997
1,0.8024485237875405
0,0.5668636440779666
0,0.05575747336933083
0,0.26183814506450886
0,0.7847948846705421
0,0.17522634328799985
1,0.2867805826815417
1,0.28953373844814684
0,0.5857705857601506
0,0.15065927149329222
0,0.2662024518183462
0,0.2552938808808485
0,0.053981418140417486
0,0.2301191820216534
1,0.8069504604729212
0,0.15243622046839989
0,0.04375935383677309
0,0.25784262504788186
0,0.19751837753409965
0,0.7182968321552983
0,0.04626184344945255
0,0.08600660436028087
0,0.08504140551322187
0,0.13287523438746693
1,0.4176285540108035
1,0.184104881577687
0,0.6596948419559472
1,0.3162288199563869
0,0.3668650045167771
0,0.07071093844585892
0,0.6132327016302048
0,0.812035035304759
1,0.5538819153239356
0,0.12700299632255535
1,0.15790965323285394
0,0.03812798359614014
0,0.11258918908409783
0,0.37267752103551516
0,0.03968447623287013
1,0.14156214135492734
0,0.10499643148643673
0,0.05367718318950247
0,0.040539311735804016
1,0.6556482392048019
0,0.062459019340226
0,0.7288014710837055
0,0.04553389979666927
0,0.04428400060954569
0,0.03947761160010903
0,0.4532677304181401
0,0.046334125599141275
0,0.03960106773394494
0,0.1595133598218587
0,0.2253317358935925
0,0.041980201414156836
0,0.46501809189493715
0,0.05646718643906415
0,0.6107433051033089
1,0.5552393678895146
0,0.30016940085618465
0,0.047270321388993515
0,0.05534846403953139
0,0.13414792779956644
0,0.18713684392974386
0,0.0949485599809561
0,0.0904196716484492
0,0.6597879984588982
0,0.07072625659484852
1,0.8614998974906662
0,0.057393386839098705
0,0.22396143226496645
0,0.08353141695188507
0,0.05869872813790124
0,0.2845685444161524
0,0.08071021561190561
0,0.3351596833286973
0,0.04541722504414829
0,0.039899932781399666
1,0.054970218757089656
0,0.08750892731597495
0,0.10318612322899413
0,0.03795858245154393
0,0.33846571742122844
0,0.5356135966852662
1,0.4402045066563819
0,0.8496189390066072
0,0.04705453213180454
0,0.3003515031652266
1,0.15780540583972807
1,0.08529964943273391
1,0.060836607151432055
0,0.06735891424782874
1,0.6254187836350822
0,0.2910824509519038
1,0.4903652975186598
0,0.3977313492192817
0,0.31018160656283167
0,0.17542789899354355
0,0.10440016453404548
0,0.05147333592473147
0,0.19713899882819355
1,0.638954873827294
0,0.04309055499899173
0,0.15362934424869315
0,0.040807521875594346
0,0.03786511419493674
0,0.07984438166048774
1,0.689262747214905
1,0.2819294152138063
1,0.8734132164001933
0,0.04181246849495808
0,0.09913301545580017
0,0.04355028241426067
1,0.3930586288408854
1,0.6514805304279814
0,0.230219167890299
1,0.6032171328473611
0,0.04650211189657127
0,0.17242134187610605
0,0.1878922179790586
0,0.26026926307679815
0,0.037735221392238984
1,0.8753398189998713
0,0.05349226649673647
0,0.044549825243085706
0,0.418113822416943
1,0.8910778508403701
0,0.6040434955494185
1,0.8117054984996316
0,0.039882980639647854
1,0.22274920647189717
1,0.8081574371497771
0,0.04425424409413894
0,0.0494470011165438
0,0.06636671549818007
1,0.05477277103472015
0,0.05622202173604735
0,0.03714437465799047
1,0.6267967341346283
1,0.8786055658302611
0,0.41917404635144195
0,0.06071389555008937
0,0.22583259031327854
0,0.04920735883929512
0,0.05034917058762199
1,0.8076951401287129
0,0.03820412055236528
0,0.12175218610771875
0,0.039759534679383854
0,0.3169924214477449
1,0.8907214251212467
1,0.1291340881272841
0,0.045769743831787855
1,0.2530646411172385
0,0.059624577611891556
0,0.06748070695415505
1,0.4161054494538477
1,0.5627756203311123
0,0.5263429152621889
0,0.04479763229318356
1,0.5798508174056163
0,0.10486202827861184
1,0.8910658011367281
1,0.2736041048011856
1,0.32278326506530824
1,0.7257077860774708
0,0.04022460041696411
1,0.5484416229075285
0,0.047873490019159956
0,0.05464834601303101
0,0.08086296332436085
1,0.7043929382244168
1,0.05238104391793784
0,0.29011243275291654
0,0.042613538936769564
0,0.0377011218141549
0,0.7270292961412483
1,0.625254723803054
0,0.062006721426513235
1,0.5436490963332931
1,0.04879567280347548
0,0.04010330994470765
0,0.040373645538648535
1,0.5505947064276107
0,0.05195208529393481
1,0.8859159887693808
0,0.7278835931200409
1,0.10735033696674873
0,0.03954489146694602
0,0.05607537538543885
1,0.6859703999058264
0,0.10946560591167524
0,0.173319105291604
0,0.08121914708520742
1,0.8351871961127886
1,0.7028289206558258
0,0.07218577071036457
0,0.7741063719134139
0,0.052966475847432866
0,0.03842007482938513
0,0.5201264819379431
0,0.04556909882004851
0,0.07512781670897552
0,0.08048618355136597
0,0.13095586626442177
0,0.0459394490668586
1,0.5933697091510911
0,0.044206872461240034
0,0.2830963752363549
0,0.45920711113214213
0,0.06393996446754294
0,0.2475016205463308
0,0.5961383914188284
1,0.0683276480307517
0,0.12042630827236421
0,0.04210990079725175
1,0.8026857344710707
0,0.04414020461864034
1,0.8260318344010634
1,0.3289414495842465
0,0.3065323406505238
1,0.09196350641427047
0,0.037635598458398964
1,0.5438574477607203
0,0.2840329338134879
0,0.34563977350853775
0,0.8598231817994346
1,0.7951939510712347
0,0.03813672141740522
0,0.04955273466558082
0,0.039721768205510016
0,0.0517530127420327
0,0.20027375126849167
1,0.8974228493648346
0,0.06678254313430679
1,0.49450189169753017
0,0.11716952297084271
0,0.2066792009399884
0,0.3048192944841324
0,0.08722840044544014
1,0.8813586194327988
1,0.07007342455607907
0,0.7112346777696116
1,0.41317881337561396
0,0.039483926362164294
0,0.3405276523095338
0,0.04951168570420426
0,0.06778722720101593
0,0.039514138176217496
0,0.29441401415046936
0,0.041221175363502435
1,0.5475374290529857
1,0.8239128728066523
0,0.08087128416813048
0,0.2362798254639345
0,0.07612891054162339
0,0.03977458104636182
0,0.043858211671676486
1,0.5705587716996019
0,0.04328163411011917
0,0.0398739909742384
0,0.18817897015933435
0,0.04337375364827963
0,0.10890609893555503
0,0.04362607697538233
0,0.054966908532762114
1,0.41643225560355673
1,0.6659641768289989
0,0.04081171283210543
0,0.876800534263725
0,0.16249249123655246
0,0.09794928867679671
0,0.045198538643409995
0,0.05039942532956357
1,0.33695674027670963
0,0.04062829476439735
0,0.08049648508068785
1,0.8834822763224477
0,0.04719729529848386
0,0.04328468721215293
0,0.04801163317586076
0,0.3685586886974593
0,0.06652166329703282
1,0.8890746350131087
0,0.16932626466994977
0,0.13510787995035073
0,0.4036762262936126
1,0.7282259608162063
0,0.05633009349292057
0,0.0685255494079448
1,0.7392124983523194
0,0.04502602424638249
1,0.1456397579697107
0,0.04239530163761583
0,0.07867857239926969
0,0.17813818485749375
0,0.6290377736429802
0,0.044159474697691874
0,0.07731803805632753
1,0.6664023073658438
0,0.32321799312734856
1,0.1396219028397284
0,0.20683791906999766
0,0.0375810487563995
1,0.1563825838414731
0,0.08979932974444674
0,0.03892535243231295
0,0.08804468921996235
0,0.07212460684165391
0,0.09146504148454705
0,0.34833713562337787
0,0.5599319384942695
1,0.24470752657030065
0,0.2943359629326683
0,0.061504359295215416
0,0.3399202639355195
0,0.18451014357329804
0,0.05357682896139652
0,0.22945915277434464
0,0.6994716650812817
1,0.7703299953183883
0,0.08206242801187191
0,0.6195756230061087
0,0.07685396042433172
1,0.5390713548891064
0,0.10799037896631389
0,0.7775881793337001
1,0.7999822814986067
1,0.548679702966785
0,0.04180782550658281
0,0.23070692657517905
0,0.17876244832882804
0,0.05144273393525097
0,0.7811604760377866
0,0.5347398727781901
0,0.04010871537360323
0,0.1759942514590489
0,0.050952969582714704
0,0.6789435860444428
0,0.2685421945399526
0,0.044463820654387
0,0.0849933411696744
0,0.11281215579695389
1,0.6075436356392638
0,0.14363225706840993
0,0.547566440748133
1,0.31346824800096434
0,0.03713938081087016
1,0.5915881440238179
0,0.06923364505684043
1,0.6504013836176851
0,0.04304682561588904
0,0.38857669356438856
0,0.3206171026004657
0,0.126392043198537
0,0.4725065554358601
1,0.6869793885219084
0,0.3394319704534638
1,0.3718899438879468
1,0.7598113781792096
1,0.04905989125605529
0,0.05500002107689612
0,0.04821492191197413
1,0.7793017168971239
0,0.03938747576018817
0,0.666553737233868
0,0.06441993175806754
1,0.5459567199820143
0,0.6339283745685917
0,0.3157837208538607
0,0.04813470356065594
0,0.4164529876388567
0,0.2567400633845098
0,0.04140742998501109
0,0.18804071232013272
1,0.8614103924188431
0,0.048399367512663306
1,0.8530744208170719
0,0.33607299978902316
1,0.233385846559428
0,0.039073913676420574
0,0.34086375246140593
0,0.04756334569467898
0,0.0890681728197019
0,0.22146419161465736
0,0.08222871024357317
0,0.05049067240410038
1,0.8847022838237185
0,0.045666124116812354
1,0.1655366498180046
0,0.03921630805184887
0,0.05063621637968798
1,0.6005398352575096
0,0.045732080264753845
1,0.6464340723123462
0,0.06690151633294247
1,0.3286083430189499
0,0.14025532264538443
0,0.18124119867437744
0,0.06450569851348904
0,0.03936216542250984
0,0.16314058868065257
0,0.046021424013772495
0,0.07442138412484404
0,0.03721970748915556
1,0.7864128070905658
1,0.22488537358523317
1,0.768363727032026
0,0.1905234512280516
0,0.18791318833192155
1,0.6945473813874741
0,0.09332406223113003
1,0.7908511369140322
0,0.05468851981800662
1,0.8813807696349059
0,0.03749862726277118
0,0.03760545245591656
1,0.2419596021904981
0,0.05375403516890144
1,0.4407723546449843
1,0.4655419824505745
0,0.08221734590710515
0,0.043012215151576653
1,0.8530024556264637
0,0.2794422348971394
1,0.24806850136053565
0,0.07648154888944607
0,0.04095852223959904
0,0.5444552668678031
0,0.04086127748939775
0,0.08651597334840988
0,0.20523273418834298
1,0.30429006723241675
0,0.04051745252335564
0,0.5424865563406207
0,0.043700173065167214
1,0.5707766781665641
0,0.12132809136759583
0,0.038957168198608685
1,0.7806160566549787
0,0.04589815310336889
0,0.04892475261037034
1,0.04665969817257082
0,0.31552388234870443
0,0.047522702397497334
0,0.04286997455827622
1,0.6414019719185851
0,0.06506414500999867
0,0.07765466759016698
0,0.20248977756631492
1,0.690692850538219
0,0.04949294121442225
0,0.03861185939708769
0,0.04727128881005878
1,0.3477912288036228
0,0.2577595288539891
0,0.053775977255474186
0,0.4924953371126314
0,0.05112230119789243
1,0.8254451705221739
1,0.6896229098220389
0,0.8140548242603544
0,0.20937806300689335
0,0.12812206122726505
0,0.047208443374576685
0,0.04679586245470682
0,0.09074300163708791
0,0.03894330865875967
0,0.20284678650308463
0,0.11956309222418711
1,0.716802525360984
0,0.06543418691975328
1,0.22358170425808713
0,0.22002360197568188
0,0.045366658832580786
0,0.061862893330846616
1,0.061542455928576247
0,0.22403634294110697
0,0.04902708743964013
0,0.21451978298257215
0,0.2622084691995546
0,0.04494202444692127
0,0.08848653926402504
1,0.39860575809041326
1,0.4318552296726581
1,0.7632285739694239
0,0.058049612781826576
0,0.04916792649571515
0,0.3303320026111789
1,0.7797658013207728
0,0.3109184880679513
1,0.07588608824636252
0,0.33344392685962143
0,0.05621329947257225
0,0.1559794997279389
0,0.06348447792062942
0,0.16307583500077347
0,0.656513407259318
1,0.8140327762808296
0,0.6620659130868054
1,0.3052701367300198
0,0.04527824606151753
0,0.4485437284497225
1,0.41019689925127234
1,0.8640497355553741
0,0.569520232811679
0,0.11607822282468068
0,0.05187020888160489
1,0.4068549484304522
1,0.7257912463802901
0,0.8239561952011423
0,0.04039498725663681
0,0.04228388848104196
0,0.06555048553827453
1,0.6132354080765472
0,0.04972395129669734
0,0.4005083012818531
1,0.7835321740950545
0,0.04784225697679905
0,0.041205178520208566
0,0.044672524717005044
1,0.14308927188558643
0,0.6534013100844814
0,0.049136114911992164
0,0.03966659244041619
0,0.0525379149964482
0,0.6607638625841904
0,0.07760793451930474
1,0.7696786790643312
1,0.8177751625745049
1,0.5473416171241058
0,0.37754803090017386
0,0.06285209588605085
1,0.2728934803650928
0,0.05478879833453357
0,0.0488706264284161
1,0.7513761969779524
0,0.049235962335396656
1,0.8960997029556971
1,0.41803846082324125
0,0.06556436379273715
0,0.7634407972494205
0,0.12091110882488888
0,0.06007377757244707
0,0.14217188115457174
0,0.27695230305189666
0,0.3626376803910736
0,0.04045164540256714
1,0.6020009488483541
0,0.043517574290452755
0,0.041039347835384814
0,0.19716751258683826
0,0.6051395497114945
1,0.8244605788513713
0,0.04102836985957509
0,0.038575639783867674
0,0.039722626774945126
1,0.45776164014851506
0,0.06119238564802194
0,0.15101911493858403
0,0.8248022813425858
0,0.04931620458894977
0,0.08256629154879867
0,0.04861797911603854
0,0.08971796500595475
0,0.570723262378458
0,0.04908897477128424
0,0.06296022471111719
0,0.4259781659727419
0,0.04957761625990272
0,0.056284571988676715
1,0.24695273808460091
0,0.20596875716516386
0,0.053877260740208384
1,0.8441154621682972
1,0.7972280864963589
0,0.06644180773111837
0,0.039819969293380365
0,0.04859817469286871
0,0.04764170705237688
0,0.050462599513796405
1,0.18707038526355563
1,0.043926324140119835
1,0.3257234994325852
0,0.22772984311652258
1,0.33950727478483383
0,0.03990497188112505
0,0.49470910541799296
0,0.03831551240593624
1,0.39284325044784557
0,0.44137059996211564
0,0.07747029093789254
0,0.046816518279557864
0,0.03726565666764813
1,0.7896879809643861
0,0.6667654720838059
0,0.049002476091601986
0,0.05823899849967071
0,0.5150270318923635
1,0.5593997392856112
0,0.04428432040646634
0,0.4010298550588992
0,0.04096812105148149
1,0.5880668324134477
1,0.19924361605859622
0,0.06381027216028551
0,0.3800151534977967
0,0.05111610913028623
0,0.818499878758566
0,0.04861543163860168
0,0.35253554562474615
1,0.1557846610155872
0,0.8053505468280178
0,0.0675563541951244
0,0.48069422731755473
1,0.21932694650623605
0,0.5159622906978734
1,0.3707152313379593
0,0.041261799072274945
0,0.29116214957965425
0,0.09851610971436144
0,0.3230497196382345
0,0.24000230419948004
0,0.05838656483409095
0,0.04782698569335505
1,0.7445168388757776
0,0.060448738871501484
0,0.038017996099946716
0,0.052050289482208016
0,0.05935733480174376
1,0.6828348490484207
1,0.560607195780367
0,0.039914046654120044
0,0.20250377707121436
1,0.26377777282148074
0,0.34857033568388013
1,0.5458337405590569
1,0.49289756207061575
0,0.048436891336996184
0,0.09270276475969713
0,0.06010644953553257
0,0.3329227573826512
0,0.047862116704078285
1,0.3972530317506108
0,0.2529919464283527
1,0.723510938726438
0,0.568193194494138
1,0.12832898209210167
0,0.35071179337685315
0,0.05132475357639823
1,0.5383659481295431
1,0.17237752304848963
1,0.6951711111566746
1,0.5803709482632872
1,0.6137506226839717
0,0.5352189715964139
0,0.05077249152575213
0,0.10154734159518862
0,0.045164672267205046
0,0.11122471230069285
0,0.03795106480003167
1,0.518078276765854
0,0.7979761333517044
0,0.08711581260461192
0,0.04380044817704396
0,0.052067225729389766
0,0.052791050031533414
1,0.5755439617686735
1,0.46393054615588886
0,0.05849045908284039
1,0.6756041401716905
0,0.12606189061033163
0,0.06328367469340897
0,0.05434257851224035
0,0.19487354740231952
0,0.8134190487375513
0,0.18252869607355882
0,0.06626819031022795
1,0.38530851225942153
0,0.05521547342362784
0,0.03966350262214837
0,0.039229237077874395
0,0.1271646161049221
0,0.8423876480219377
0,0.07112479560189991
1,0.2203901401005269
1,0.5800632671921743
0,0.14742069896459323
0,0.10831151192370068
0,0.13249461758166345
1,0.09576369679375227
0,0.11884804365646073
0,0.040919508266987904
1,0.8100262291138727
1,0.8452805221747489
0,0.05082889048602252
0,0.059317305518748406
0,0.052449667309749017
1,0.7000980288394344
0,0.04690506183697168
0,0.12079047213925687
0,0.0520459050298647
0,0.34932315613350656
0,0.09055646262849781
1,0.2370754964171406
0,0.06448102419544034
0,0.3825974139917865
0,0.03944742193006105
0,0.061329063354831875
0,0.039195390116487566
1,0.5909082361251939
1,0.08374269712061778
0,0.30236719805642015
0,0.46229353511766846
0,0.6953374611298239
1,0.42376557688541105
0,0.4327085404433374
0,0.10163505187557269
0,0.06212395610739682
1,0.6129161475298335
0,0.04333278850024323
0,0.05131031236952706
1,0.861168939091305
1,0.5221836615373012
1,0.38413731666444956
0,0.06889928881934841
0,0.048965155455949004
1,0.7404555942050013
0,0.2671497955353007
0,0.4116088264889028
0,0.10218106033696452
0,0.060395616556932985
0,0.1930660753140561
1,0.11783413133748336
1,0.13437349417608077
0,0.076785649883885
1,0.3011509201015566
0,0.03955326430981976
0,0.047531650413098314
0,0.038898712845090284
0,0.06750457154539814
1,0.6671406011688332
0,0.05537250743486544
0,0.5768808005193823
0,0.04707132777609858
1,0.3241784223354103
0,0.04549465416470194
0,0.3135762913982632
0,0.5054474032510182
1,0.7015602217318715
1,0.08837379968802249
0,0.04014579968750291
1,0.5263794051090646
0,0.29391748151653957
0,0.04616966436245118
0,0.058938227120153945
0,0.2186362364903036
1,0.8970941358617353
0,0.041728835473555374
0,0.1833067743666393
0,0.09456989162281643
1,0.8355304465712303
0,0.05167846528547849
1,0.37536815552130565
0,0.04602856404338274
0,0.04064223827525324
0,0.04003053052420348
0,0.0625268630560464
0,0.0433769244902209
0,0.13333549589641272
0,0.6401447360703743
1,0.14017879095122496
1,0.49924851383652247
0,0.26277208662451196
0,0.6052612157816455
0,0.13410471566063933
0,0.41068120078227427
0,0.1680369363696749
1,0.569005409724959
0,0.04587732020099728
0,0.04989568665880871
1,0.8516486555661703
1,0.25350486307206016
0,0.042830291463831396
0,0.1825914479469483
1,0.5964263880231345
0,0.08553845971291088
1,0.3902848271960558
0,0.050135269944444005
1,0.6715949628200955
0,0.05084074055183792
0,0.3275437742534519
0,0.7079099895544045
1,0.8551222189531363
0,0.12569975907396427
0,0.053341345755382255
0,0.3759913718361405
0,0.09176758204026275
1,0.33762740780463046
1,0.7207887384141324
0,0.2527561226441074
0,0.049416736878407586
1,0.797634892219106
0,0.04327439435815862
0,0.1290289775641843
0,0.03819265296765777
0,0.044150480084795725
1,0.22002333460289408
1,0.8969295591335702
0,0.3442139252247294
0,0.1543477025698524
0,0.045550654413850804
1,0.8532121349058094
0,0.09550327088118206
0,0.10757375599785551
0,0.0429764366995349
0,0.633961421121579
0,0.03729659980995865
0,0.06746938518237229
0,0.21956239548461784
0,0.10069593298304684
1,0.7176976098669605
0,0.05263648799052616
0,0.551867725685395
1,0.7038405230761011
0,0.05314240497228732
0,0.04079952891810087
0,0.054812861960118336
0,0.2844883677496154
1,0.4682208883305335
1,0.6250253616518641
0,0.04733836953461793
0,0.04558695591342352
0,0.041571416958150795
1,0.40654507084960545
1,0.1172307610976921
0,0.0677862626440467
0,0.18410425336831865
0,0.08273467386614564
1,0.6127893606155544
0,0.5084201002083643
0,0.041635605730058096
1,0.604658334030758
1,0.047795859785620974
1,0.31132125801074395
1,0.0921072230565628
0,0.05596985881487959
0,0.0484207163537216
0,0.18446011418849764
0,0.714477665223572
1,0.2674428140824771
0,0.0834001435217753
0,0.11964893488818093
0,0.053496824281108656
0,0.055195290637745094
0,0.0544216707691506
1,0.8260962812711847
1,0.8104733295867154
0,0.5105565408215963
0,0.04473195029166092
0,0.4864444776920178
0,0.04953823775288544
0,0.06634086428359796
0,0.041141340654162174
0,0.09708855369052509
0,0.041662439290675556
1,0.8097095997024675
0,0.18603317044805842
1,0.11913004564982449
0,0.054141639255471545
1,0.8493815358679481
0,0.04498846096493781
0,0.03944624822701704
0,0.14899218014093799
1,0.06748203776717102
0,0.17131299676828773
0,0.4540773585487254
1,0.5020374419948176
0,0.04513007643237225
0,0.07723115089678075
0,0.07293376793219124
0,0.045355238476961615
1,0.159032302735433
0,0.03778634447374143
0,0.0393769424581596
1,0.793463378657898
0,0.10861748734525423
0,0.0456762945816975
0,0.06826133081704104
0,0.32691063969274864
1,0.784855429271894
0,0.04305834242444647
0,0.03871308653870636
0,0.7361825054055127
1,0.8085410169106106
0,0.05998043710603207
0,0.04221204707268051
1,0.07995658977238271
1,0.44264452622641415
0,0.19175599648429523
0,0.04321911513289945
0,0.08839307743064867
0,0.16281825476482506
1,0.5552627516348011
0,0.04980751864573322
0,0.07428197115479797
0,0.05395055002345353
0,0.03980253060404784
0,0.079825669714215
1,0.5618353104453484
0,0.505265997618346
0,0.24109042088141436
1,0.22483639422035906
1,0.32594827351786404
0,0.10302348590934618
0,0.04333879228104796
0,0.057577366554688945
0,0.10547680211173951
0,0.0998066765702294
1,0.6893190831210786
1,0.8883953702361967
0,0.04652188614256746
0,0.08183482724507206
0,0.041588710405991824
0,0.04558725987312116
0,0.167813113653366
0,0.7052884560211297
0,0.12575509919311967
0,0.04906939480534196
0,0.5844618589605588
1,0.4050269688551882
0,0.6690971277464922
0,0.039665868845856364
0,0.04987959382818637
0,0.07520723467092423
0,0.5810159893959826
1,0.6975908617601198
0,0.04073463988621298
0,0.08446312987107304
0,0.042668024363805145
0,0.038358188268470816
1,0.8371797784629216
0,0.06683648309089607
0,0.047811054268939425
0,0.11127008949774415
0,0.08833776036853147
0,0.06931700989894604
1,0.2191198989453951
0,0.03907581572824745
1,0.7189291493603571
1,0.8695103686807397
0,0.049133660218560256
1,0.802745241067132
0,0.03747231806729198
0,0.040516588659748214
0,0.05236294108316075
1,0.7359281254967885
0,0.07770840712821844
0,0.057208504225087276
0,0.04058676229575222
0,0.4242839488489588
0,0.4606597738868029
0,0.04566173966718187
1,0.5340950132136834
0,0.05162684902564345
0,0.03824026520710861
1,0.8893785559672722
0,0.4382573434462917
0,0.042674267944652094
1,0.8606129582112996
1,0.6791443595610386
0,0.5083913351127719
0,0.06304180659048012
1,0.7821963075883546
0,0.046259542058048185
1,0.15606127164557612
0,0.06042977588807916
0,0.14584685649517803
1,0.1958994241401593
0,0.04794648077953546
1,0.8836809935219464
0,0.6743877622584011
0,0.058801087600160756
0,0.04244184263380176
0,0.05799215715168297
0,0.04450723561114109
0,0.4961851795927478
0,0.04089177311378471
1,0.6656760526056115
0,0.043768389461207084
1,0.37350011983552056
0,0.05645191958164465
1,0.6824472418588714
1,0.6851684748661347
0,0.09421588446718594
0,0.03908834141222262
0,0.05123102955701943
1,0.786224101435224
0,0.06810794207469348
1,0.10908687655393492
0,0.15576516130687204
0,0.04033069224752824
1,0.2636456587615578
0,0.26878325940741027
1,0.7298909772615902
0,0.09250498172026055
1,0.8650991532130204
1,0.3091317130577099
0,0.11399416541312914
0,0.7674608368723289
0,0.15473984307967725
1,0.5484790624234658
0,0.6230010237531457
0,0.11052974279758858
0,0.048292452697420996
1,0.7328048583160467
0,0.04822098424101273
0,0.18660937655023652
1,0.8718108547355323
0,0.2073419627728455
0,0.3699165913891521
0,0.1682953212431377
0,0.06302475019880083
0,0.06699045562741666
0,0.05579556598701165
0,0.04859513828503862
0,0.06290132279397886
0,0.16217645807715705
1,0.36837430635544954
1,0.7796063148657766
0,0.12363951032685842
0,0.04912233368090185
1,0.3816832175476854
0,0.05873985137726563
1,0.5215444186404097
1,0.8687920260370041
0,0.1746091613122947
1,0.5006786549274398
0,0.05735098751757566
0,0.03912418114684309
0,0.043345978761492224
1,0.8323732840592095
1,0.32122442407972396
0,0.056801411413085215
0,0.449309586209331
1,0.5505875864166233
1,0.516253142483857
1,0.5325576779039615
0,0.05789977308015031
0,0.15694089979564357
0,0.8189459955644982
0,0.6967328040875858
1,0.8466371271092243
0,0.12916424621845604
0,0.2752267577171177
0,0.0496436611893415
0,0.2254383677076281
1,0.31107076367189707
0,0.06233014949289137
0,0.06805419893083668
0,0.0505121912956822
0,0.09088382448583589
0,0.05370534442256476
0,0.04245676617512622
1,0.31146016456063885
0,0.594698547526814
0,0.05237789297401104
0,0.04649706854392644
0,0.06587318052263956
0,0.041302345972309265
0,0.2834147860194129
0,0.05441114729715486
0,0.8294907831543713
0,0.3087122674786178
1,0.37072427800433455
0,0.041138937425580814
0,0.050730753721260444
0,0.051747269335566407
0,0.04716482677672163
1,0.2786380955151858
0,0.07496734616254572
0,0.46397651086284547
0,0.06449867737521979
1,0.5368946550847876
1,0.2884951925710953
0,0.14431213870226464
0,0.05128755501236369
1,0.4415264133868786
0,0.05570411763473009
0,0.039754969385739115
0,0.5098971842440344
0,0.03953928869577322
0,0.5968857989979446
0,0.11580291715128128
0,0.04573954475343834
0,0.04049418295333805
0,0.09619788210424485
1,0.7715603550905895
0,0.04794136457011982
0,0.05883678851260384
0,0.28624193132430525
0,0.06617098878303837
1,0.582052467475463
0,0.07877656479060886
1,0.8451575916637346
0,0.050220475795671904
0,0.12018643350782887
1,0.47472583301340643
0,0.09994449654960418
0,0.3581980876785576
0,0.04395121002400858
0,0.04381283256263902
0,0.04651466897505786
1,0.8129451515944595
1,0.39355222453579713
0,0.06896961954309888
0,0.04408188724105822
0,0.1942247905977154
1,0.7531027003588635
0,0.5531473222291865
1,0.5009191667299916
0,0.043775823746271446
0,0.040069864258386545
0,0.046183600575793446
0,0.04297904310735033
0,0.04127523396974279
1,0.8188552474547609
0,0.048085014558996386
0,0.13172635139527072
0,0.04850044157747042
0,0.3729865559176216
0,0.22725309612412353
0,0.10303837747992996
0,0.24045583896005554
0,0.08492500605943222
1,0.872730106072632
1,0.13386126272860507
0,0.4697492739723006
0,0.13634448887503087
1,0.8905577197237454
1,0.3804881010032629
0,0.24093727914184843
1,0.41406789938763106
0,0.2760814897134367
0,0.04549586784182807
0,0.5203040496325213
0,0.09342841084521605
1,0.0763691246294845
0,0.06748593245004997
0,0.20615781929667537
0,0.31744805236965323
0,0.039135744506051846
1,0.05801158486408913
0,0.48852037431692535
1,0.7105920859697212
1,0.6062746445635283
0,0.05391671939173504
1,0.050690184475961686
1,0.414759449794582
0,0.042261685761208166
0,0.040760141100714506
0,0.07292742051306719
1,0.589288674030781
1,0.8313550867387907
0,0.07229270119870584
0,0.28423905782395126
0,0.19098743888910533
0,0.10019142499785383
0,0.09240622093879636
0,0.03936664223098379
1,0.7536912877320061
1,0.06153492134650791
0,0.06125256455194027
0,0.80682933143821
1,0.838171229170778
0,0.04142713458889224
0,0.0397116876702421
0,0.04486644997082405
0,0.23005165935942773
0,0.041963465328732144
1,0.05374309660448565
0,0.3329400365312426
0,0.046621159377366064
0,0.0808484995231272
1,0.6359506001988928
0,0.14089474402575264
0,0.041901954381827686
0,0.05377567754203978
0,0.3562779666251865
0,0.04251098407080929
0,0.04165312760994734
1,0.5623969758116895
0,0.0795342207151295
0,0.6862025845476404
1,0.8578334614125243
0,0.042711646457930824
1,0.5658380822296977
0,0.052827949520753835
0,0.05032570937034596
0,0.2782243008016996
0,0.07845930724406837
0,0.08450561166520727
0,0.11377742750823036
0,0.09238269102238258
1,0.22732619025608758
0,0.4312478461237772
0,0.046499501309039855
1,0.5091151894022139
0,0.05053716713418154
0,0.05344695271226094
1,0.11791438361127278
1,0.4155917772994847
1,0.8893302243206875
1,0.6807830774018493
0,0.3749493376383041
0,0.14110908159053331
0,0.18775849901903074
1,0.6617133713827748
0,0.18415301412724108
0,0.38971085319762516
0,0.06744268879103009
0,0.3872145047914928
0,0.2550785930368005
0,0.7444889883346159
0,0.05374945906209121
0,0.045419880525606
0,0.8212103644279488
0,0.3067292814825976
1,0.8250012581101552
1,0.5690387413735584
1,0.4828243537280794
0,0.16945984556311808
1,0.3768077060620639
0,0.04285843553172693
0,0.04167835822262878
0,0.056993918117507876
0,0.043604631292874306
0,0.08584968937647867
0,0.04741722544013314
0,0.06308933012931281
0,0.20578276363415976
1,0.3911661926117219
0,0.1621348279864646
0,0.11230031087859693
0,0.7634514664024308
1,0.6884980354443195
0,0.04626122661719386
0,0.04579905553108814
0,0.07175986735027366
1,0.060830200217970226
0,0.6975428204310854
0,0.05128930774182353
0,0.0693602112889361
0,0.07844942906280562
1,0.6319859705206282
0,0.46233077598837624
0,0.13826204701372227
0,0.21860460980878268
0,0.3132393622547443
0,0.11649437243280697
0,0.03908735175732234
1,0.5686784410891564
1,0.8362858774043369
0,0.0465478277722093
0,0.069540134507337
1,0.8230037434158646
1,0.10106750312956762
1,0.6365093390680681
0,0.7260505934759922
0,0.04365527020679108
1,0.3925386489624695
0,0.04494900108212508
0,0.04324519605283322
0,0.10601679442792424
1,0.6505710396580999
0,0.23580539311653487
1,0.9107357297329769
0,0.30077012478006115
0,0.4732968720843259
0,0.03941921728094149
0,0.04358062214197858
1,0.6806475490022811
0,0.12338127370313819
1,0.855437469813593
0,0.042016876234478306
1,0.29243287679471175
1,0.6401255245695397
1,0.7316561428030729
0,0.05144489313779122
0,0.253806055177158
1,0.604780897465927
1,0.26361596337608134
0,0.050416414897895945
1,0.8274409096705765
1,0.4554975021860832
0,0.08676789223607072
0,0.054567799225846994
0,0.04768011129360324
0,0.039750660064927064
0,0.051580508459741985
0,0.7230210486131992
0,0.7623587485111514
0,0.8459349875673225
0,0.04465715797186576
1,0.146159900039707
1,0.9041843712264561
0,0.41343503473030313
0,0.04644493236618411
1,0.436945903444357
0,0.0399676808856956
0,0.6784812050883168
0,0.04968932476768371
1,0.47629806061986807
0,0.05094580306320765
0,0.17111746218092208
0,0.060533330952613165
0,0.07276619184610528
1,0.09393082597402577
1,0.06226191471105932
0,0.043579346660599545
1,0.6238094379291291
1,0.19550770480073634
1,0.5864348046812977
0,0.1617743255618782
0,0.7247681103052425
1,0.8217935477140037
0,0.7825311253065571
0,0.35984626143671206
0,0.055620751480447386
1,0.8715613480191213
1,0.8170637527936999
0,0.03971818249932231
0,0.30785166119828355
0,0.30676359788028557
0,0.4962223323272585
1,0.7130449977176609
0,0.04337654405568916
0,0.7264969445133497
0,0.045488959216857354
0,0.14737909867916793
0,0.4315138533079421
0,0.8067861473311337
0,0.0444230807030608
1,0.32478459398415527
0,0.08104830753156703
0,0.5091667467286229
0,0.4554334966212223
0,0.10149989008051002
0,0.08997291104018387
0,0.03923179521562682
0,0.040945587383122616
1,0.19277534717904735
1,0.04392796270535669
1,0.0964793523493384
0,0.039878961413767795
0,0.1899390707437857
1,0.443863493463698
0,0.06871654711118076
0,0.055235169987824385
0,0.039527862786230064
1,0.203179419302294
0,0.044516703667013456
0,0.10427555081480734
0,0.061973911671447696
0,0.043525411490723295
0,0.4272581628978098
0,0.2069293683745516
0,0.12924418656801395
0,0.04491417643026592
0,0.07844886656068366
1,0.8397602671141795
0,0.14550378960022783
1,0.8589264819163914
0,0.7292700777559992
1,0.8701421511102132
1,0.719859780318143
0,0.04538944917001288
0,0.061821758895027105
0,0.06041509479591582
0,0.11028507404572549
0,0.04179844739960183
0,0.2520218765229991
1,0.05012590846396865
1,0.05861794725326832
0,0.05017784600992434
0,0.20799057151562664
0,0.060449467219272496
0,0.054943803540912155
0,0.038460322111362966
0,0.11320761471921223
0,0.0918918965823696
1,0.19159305088811598
0,0.05544016266281097
0,0.12817470100056924
0,0.06258118017222276
0,0.1807374143352739
1,0.7403258727164365
1,0.6176628300187623
0,0.043437872202704696
0,0.0510701783498514
0,0.0904267237318047
0,0.6191189810067821
0,0.1605428324998317
0,0.040469452931698215
0,0.07032725212508213
0,0.13389170290593871
1,0.44599460381033323
0,0.04388483415174569
0,0.044361512096365935
1,0.6031064806139709
1,0.15710690498549268
0,0.19209631294710452
1,0.6907904369110264
0,0.0392361850282013
0,0.24552715071893078
1,0.77481282420847
1,0.06789623437330598
0,0.17369868943839178
0,0.17779493960955872
0,0.07785121039584124
1,0.8192958110113567
0,0.06437479304747858
1,0.45550891061369375
0,0.18794415671410872
0,0.04407227311162772
0,0.5984413260358766
0,0.057920657253865075
0,0.3640499759648984
0,0.47339034145068215
0,0.03901980353631848
0,0.22662981789086262
0,0.13511662270126915
0,0.10206791729976857
1,0.654362489170526
0,0.040547885473382325
0,0.10733791643957676
1,0.4669606252708624
0,0.0407509200724574
0,0.5214190998100449
0,0.04567672592274757
0,0.295079647112703
0,0.19737174766524776
0,0.08341619270421384
0,0.0637918843327175
0,0.04511345585441063
0,0.05064417489925393
0,0.05360861937295021
0,0.0397090811980151
0,0.0431382374204277
0,0.3182676682157041
1,0.8174438370004878
1,0.6677926066999683
0,0.09312976173056683
0,0.06413745479304726
0,0.05350281684430997
1,0.706345158596115
1,0.1262456281630631
1,0.2607957873039202
1,0.2673376436910558
0,0.06164511431305672
0,0.1782461916905921
0,0.6071825399584799
0,0.05530744920690823
0,0.7533766934453495
0,0.05099175664774065
0,0.045275122826513164
0,0.04256041079523359
1,0.1286611339358803
0,0.3748750386001284
0,0.07037043339908669
0,0.3631173678258163
0,0.10958531706085098
0,0.043328392015402256
0,0.14543237043008797
0,0.043698658848537124
0,0.5694406990987257
1,0.8374869838751876
0,0.04583506788692397
0,0.8851758201905724
0,0.04675670854647587
1,0.41990372875229115
0,0.03907839465021842
1,0.07822486452034672
1,0.5067225930053239
0,0.4136167182050242
0,0.09077038615055141
0,0.07780435122889343
0,0.07632392545556467
0,0.043786239427898575
1,0.527508756614961
0,0.20050673224303003
1,0.7899986286690154
0,0.06032855739486779
0,0.04048379498240962
1,0.8594706510547792
0,0.36432055457094686
0,0.0844786948223423
0,0.4835608320967248
1,0.7213449464827306
0,0.04809411881498462
0,0.056268752888241604
1,0.07045578660004205
1,0.13793742423878824
0,0.371021624719526
0,0.04640441165660147
0,0.47351648871850444
0,0.09441959016472895
0,0.040651535734545496
0,0.31410392475429305
1,0.6410885429803342
0,0.20413224568466423
0,0.6644709830849748
0,0.04110412744125199
0,0.10146335301384114
0,0.08350915803496853
0,0.0549568206517897
0,0.2722816362690492
0,0.03806758651893341
0,0.7019803937383434
1,0.7418439778039917
1,0.157544209459909
0,0.18973635711920517
0,0.05986089572461343
0,0.5826011746351009
1,0.5250866691943693
1,0.26721080680754705
0,0.03871573063773301
1,0.5254123337029258
0,0.0564029152516999
0,0.4017031413211536
0,0.6215389173429465
0,0.03938967709080971
0,0.16149504174906393
1,0.5876424361289705
0,0.04254961943333697
0,0.05529984485692376
0,0.6314316757962506
1,0.8102228473031056
1,0.2959620040383854
0,0.06789292445824757
1,0.6752387976635668
0,0.19646425694094594
0,0.04582032213870958
1,0.5890353783950701
0,0.06308279190763791
1,0.05767394583378496
0,0.04477921829590102
0,0.07802223631880799
0,0.03930267787768474
0,0.05891839292117254
0,0.04891601986723364
0,0.2472962139876337
0,0.037519769724850424
0,0.04935601168837407
1,0.6207769055820507
0,0.04618152777957329
0,0.07295504066583418
0,0.05607562864868777
0,0.3381176782820547
1,0.6247562548545647
0,0.03972579193111855
1,0.5865432093725913
0,0.23992425384239383
0,0.04668844300146129
0,0.047870204399142774
0,0.048464250623269624
0,0.39753235316660124
0,0.17595047150130136
1,0.8819755193690806
0,0.06539880453175455
1,0.2614884312870389
1,0.20581106555544593
0,0.04905241536706944
0,0.07291389889047489
1,0.7382052601837907
1,0.13498780376177094
0,0.04081218001790193
0,0.08953763573922148
0,0.06266139829051463
1,0.18076873290943662
0,0.8794904732333789
1,0.0483242604474633
1,0.6316565347423557
0,0.04253247454618442
0,0.12656076236871405
0,0.09418305916495472
1,0.8867141752586748
0,0.05974791472657782
0,0.10340789942891969
0,0.06213076848822049
0,0.048951884895355534
0,0.0404297969166509
0,0.06831302785190727
0,0.07436250742056344
1,0.8673604488723293
0,0.11905612184174214
1,0.7884049953416875
1,0.6908820511812325
0,0.27686045622593497
0,0.043586092887361
1,0.5100065149710616
1,0.5359192934561426
0,0.04179077325652678
0,0.18083246469734257
1,0.2598859775712647
0,0.22179316758196793
0,0.04134598017673084
0,0.18885956924101635
0,0.04601944135508041
0,0.054733881051958824
0,0.1696601019831896
0,0.0705158510978493
0,0.039854554654126184
0,0.24436885174424816
0,0.04655319331160603
0,0.03900712156874285
0,0.055391791476257175
1,0.6976866159196173
0,0.04541481675877771
0,0.13244399221236097
1,0.8515559807096609
0,0.04743801673211281
0,0.15715966421424177
0,0.09372868839379103
0,0.04157018764883689
0,0.10787964738643871
1,0.12008718671155096
0,0.5529763663729174
0,0.11723063509637395
0,0.40474669618516323
0,0.039541951773076366
0,0.6838451663984217
0,0.046807402019160324
0,0.13037313229704667
0,0.03849348449959063
1,0.7288565426796951
0,0.03919881042174378
0,0.24241188800668478
1,0.48015368075631787
0,0.044745828575851944
1,0.8171734813292529
0,0.06222393184060674
0,0.13715576911958122
1,0.3680552306075081
0,0.04595920830993989
1,0.8855036607147645
0,0.45981602224509094
0,0.5928587958644929
0,0.05282650916001148
1,0.8224870248239656
0,0.09397178458813979
0,0.055032988944296216
0,0.06435282949198103
0,0.20451780435341024
1,0.45469493724278215
0,0.06391722466487378
0,0.7515310239228802
0,0.1324992761047575
0,0.046716625447875165
0,0.6246339938585751
0,0.15974268741435654
1,0.04388667530677794
0,0.057692924218127314
0,0.03837988995598906
0,0.04166843921297885
0,0.05395377284046939
0,0.3943934897910685
1,0.24331497434790775
0,0.21974394738256273
0,0.04383741804996799
0,0.05728332392176423
0,0.14962614835171495
0,0.194850151575269
0,0.04034770387310188
0,0.03980902264956497
0,0.0392729646331688
0,0.2074767709061025
0,0.1185198805426043
1,0.6254794896566908
0,0.15893191425088501
0,0.14066451856561574
0,0.04673398293486908
0,0.041297844348317264
0,0.1955155510965941
1,0.7585473916791046
0,0.042723976987636525
0,0.16008208126370052
0,0.6783560983656404
0,0.05034324113562629
0,0.0426861217026844
0,0.03890317875744233
0,0.5017176679896892
0,0.06255421347410865
0,0.07258938426455076
1,0.6781444728731515
0,0.0686362787821085
0,0.325634709876869
0,0.048499404870200505
0,0.08132948356833718
0,0.10294069051947406
0,0.5450278198349323
0,0.12699511325907215
0,0.06649672488987933
0,0.037407600497893746
0,0.7995348906044863
0,0.28182633669013213
0,0.3191701764420647
0,0.17605771651603253
0,0.5586434612719119
0,0.06692790420729099
0,0.05183824373662777
0,0.3416088942445193
0,0.03895041749079208
0,0.20479866630352592
0,0.038963634694207064
0,0.5666897573228595
0,0.3273009347317251
0,0.049912839098172644
0,0.5771421081286415
0,0.08953629294525252
1,0.9085984253573576
0,0.06601596516320507
0,0.17952739127556835
0,0.6303777282598914
0,0.08058676084645679
0,0.04295883076911084
0,0.46242480668010544
0,0.26645606822620005
0,0.19766862799974227
0,0.040960048567282005
0,0.19547029408958969
0,0.09771113847309977
1,0.6142166565792677
0,0.1421064310483264
0,0.06074419904484323
0,0.17412949114779164
0,0.5404410816170301
0,0.05736599044906545
0,0.03916224479268438
0,0.18789095301136968
0,0.07089571774659394
0,0.052519937131420946
0,0.03698891164351872
0,0.05260036058796173
0,0.04560404959844273
0,0.42849395504143495
0,0.10409275401310329
0,0.4364469995183672
0,0.08866892404004605
0,0.043140157541229636
0,0.7508313375152613
0,0.6275546969755899
0,0.18413805289830265
0,0.0479574595803117
1,0.5970718281374939
0,0.2939375251113427
0,0.03917319948487641
0,0.04188016048768468
0,0.09097141592319388
0,0.04018330204765333
0,0.07523264194013674
0,0.22980674492806466
0,0.04250531122559592
1,0.683928447300095
0,0.07631252083226325
0,0.06192804579928429
0,0.04758673617337691
0,0.653071158214093
1,0.375130623762927
1,0.14764887928986234
1,0.5913534513021199
0,0.044616624475002836
0,0.042500894903560876
0,0.051702360570849884
0,0.4330441664769863
1,0.819755898553402
0,0.03757184081753195
0,0.06330679405839662
0,0.11791811119405303
0,0.04962963782885402
0,0.04445454738616409
1,0.4856582926825868
0,0.05270126979514908
0,0.04859122161346925
1,0.1818009847688993
0,0.5474442881496516
1,0.10239479421941294
1,0.1744527641548556
0,0.08690190021857015
1,0.2157630285194437
0,0.04748107115038674
0,0.04643040721442675
1,0.5235730557883305
0,0.04406652406596935
0,0.06413592664529648
1,0.37372570467219074
0,0.09086146364981187
0,0.05724377425888286
0,0.23628056926377447
0,0.4673825127254029
0,0.041145832101738784
1,0.8199131655464584
0,0.08058054837872825
0,0.09611005652409162
0,0.040403859083933985
1,0.12603067876178828
0,0.30839284961321295
0,0.055836422146427325
0,0.23968532752864005
0,0.08561674430569514
0,0.04342150526622213
1,0.734968909954244
0,0.04803501052578979
1,0.8743737245854347
0,0.059913760131559524
0,0.33440687004843583
0,0.15196956321550362
0,0.05596238549411957
0,0.038145884561827825
1,0.8885208496918738
0,0.03802063957534492
1,0.8269484120634067
0,0.03856252104779998
1,0.8276485674405339
0,0.06051625693133672
0,0.09305135963629067
0,0.42227564533036616
1,0.7281909394174132
0,0.039683049146275406
1,0.31727794144622623
1,0.118720030962419
0,0.04410254654019466
1,0.6189147305128514
1,0.555329704426449
0,0.12829452947463654
1,0.2500119447351416
1,0.8053458735011116
0,0.038359642872809165
0,0.062453915883849825
1,0.08347336229543183
0,0.05184220106890034
0,0.7924493739701586
0,0.05534478563346832
1,0.5781660797352538
0,0.0581455505441843
1,0.7860764107944748
0,0.4855626144367413
0,0.04025962612386311
1,0.6942984729881095
0,0.37025577540807086
0,0.054361413317270145
0,0.05147437303807903
0,0.05987703856693439
1,0.3104651491909698
0,0.4657374076517376
0,0.03945385919465979
0,0.8530985343407361
0,0.5823893641575936
1,0.7658096841052195
0,0.041935573649324924
0,0.1868913644995051
1,0.1407126767107904
0,0.05035696982795051
0,0.06746624235498037
0,0.060632229415451024
0,0.08818560042375087
0,0.05258778063781014
0,0.054693192454104936
0,0.10438600286017452
0,0.04354194138202431
1,0.6228995300417114
0,0.13531836897686236
0,0.14289433077609606
0,0.07264005763205224
1,0.07634586706737666
0,0.041857833151793394
0,0.20428943719575313
0,0.04349824121616513
0,0.11012988828391765
0,0.4442616344662636
0,0.041879408965599274
0,0.26959451663274864
0,0.12051470041757299
0,0.039366169537101814
1,0.8451850365141447
0,0.17630533829361658
0,0.19355540833784254
0,0.08658916637876866
0,0.07067142341043411
1,0.76635556805587
1,0.5055085744748663
0,0.6546231140386674
1,0.488674523264469
0,0.049234167844547226
1,0.3767099791045104
1,0.4429929389041806
0,0.22179042448755298
1,0.34036332137434633
1,0.27293511328727266
0,0.07669240596484361
0,0.06601853802057724
0,0.18707557337546374
0,0.14788329601757258
0,0.04440998546421051
0,0.7817663645283235
1,0.8679660248908532
1,0.8882474782854012
0,0.14231430353618432
0,0.7727282090952173
0,0.05928761624545139
0,0.3026367080563908
0,0.04009526599026459
0,0.0510813308818651
0,0.044056335686549805
0,0.1951718653553854
0,0.04292682495780509
0,0.0411691828563989
0,0.6337108159517456
0,0.04268399122982416
0,0.6923990022380653
0,0.04400203996838474
0,0.0414418148873725
1,0.7161909663352702
1,0.450549429023331
0,0.07884715171522964
1,0.8951090932956259
0,0.03733711670431271
1,0.5250689753539476
0,0.23395311472993796
1,0.6122235085133776
1,0.4462906560082222
0,0.04361394829528902
1,0.6573378621767986
0,0.05933318885555438
0,0.04157034016177978
0,0.04307725045154419
0,0.4560867872288384
1,0.7241972705247202
0,0.03988826664662089
1,0.6789296813968789
0,0.2389039377885433
0,0.03893380904565438
0,0.06063665216688498
0,0.1766160083723578
1,0.15715784235775504
0,0.08099403148695217
0,0.04521993880492092
1,0.7831680018600402
0,0.05377461862013846
1,0.4009971165308416
0,0.03814227480576972
0,0.05895164298059393
1,0.1983567994574566
0,0.21607591600338388
0,0.139892881249798
0,0.339837835263911
0,0.07102494487639745
1,0.08654334156938587
0,0.059017591024131344
0,0.05459536670777046
0,0.07611114930106988
0,0.7014200669319968
0,0.04683313715877576
0,0.05304459387355669
0,0.3349739726621899
0,0.27468284962362227
0,0.08734782279880393
0,0.6890743559499742
1,0.3945398111014031
0,0.1163671265552127
0,0.040995570790286366
0,0.5721948492368102
0,0.04718182417152455
0,0.4105835852183382
0,0.06099487896286391
1,0.8632485131208935
0,0.05541596049962092
0,0.14227215499099033
0,0.07249786851945182
0,0.07445304171447437
0,0.06277882939807357
0,0.0385104209893249
1,0.7381552622878023
1,0.856908635376039
0,0.040310274527256114
0,0.06382262830507189
0,0.0635693258616543
0,0.16755452439723176
0,0.04809673322281624
1,0.9072569137431808
1,0.20373419010930333
0,0.11459620611075579
0,0.05211451739259855
0,0.04594268886557803
0,0.17190801831842442
0,0.13151513629672806
1,0.12482181769666292
1,0.49706983086129036
0,0.07896930230304773
0,0.30426176841817826
0,0.03941725695882538
0,0.18397455462577328
1,0.0814546332278002
0,0.04430545376760356
0,0.0887927789669803
0,0.17972026409374495
1,0.7921457011949153
0,0.051761626573881156
0,0.08238439296882977
0,0.35983847348025005
1,0.21770848501100754
0,0.19277136276482004
0,0.06868125288878867
1,0.45612191743620056
0,0.07101170917279591
1,0.8106324419471128
0,0.03917065033567434
0,0.04310250174184029
0,0.7854417009456741
0,0.05690901877473992
0,0.07962977416431877
0,0.03867440419600907
0,0.0689602521999184
0,0.06331693945873802
1,0.7097716375907224
0,0.05998744537552913
1,0.4214249873126108
0,0.11038638824545424
1,0.7408904947337972
1,0.4075127705258304
0,0.10973102811761942
0,0.6360088144384866
0,0.03893170379044817
0,0.06132043927231721
0,0.8504374853966867
0,0.04482686776979364
0,0.24999026407990196
1,0.612105422129537
0,0.040727058980161844
0,0.097482967216064
0,0.24734945133551592
0,0.25252720521590566
1,0.4276945699492554
0,0.2582380485783577
0,0.05796032114239654
1,0.07507049959626376
0,0.06553681899856822
0,0.09092450559227462
1,0.8422310417502693
1,0.1341814228892683
0,0.3112926610368576
0,0.06536630619001434
0,0.6540489123808563
0,0.16256143442081886
0,0.08992107705171706
0,0.059163891441134826
0,0.04825487409921118
0,0.1460881536708719
0,0.6641337157151357
0,0.07755784504745297
0,0.053217782514807105
0,0.5577749854179017
0,0.038599994578296944
1,0.3142586581671894
1,0.47358696130766625
0,0.2399755944649272
0,0.0441588374095339
0,0.07772799687468393
0,0.049737405935788806
0,0.06999599385018294
0,0.03957000511347999
0,0.042535439511246935
1,0.7081404870806821
0,0.049620299760689345
0,0.07126561819418957
1,0.7179449206077794
0,0.04117502834358105
0,0.040721913647760344
0,0.09745814972500073
0,0.03796614828475936
1,0.6851858455954889
0,0.07466891539808525
0,0.19147060330855203
0,0.08299545383897218
1,0.8365364731388253
0,0.05555198817814984
1,0.15125822255929522
0,0.658101639474826
1,0.7884533829922414
0,0.6772669250335043
1,0.8456173520695232
1,0.17319467553000267
0,0.491841237719712
0,0.1015600475671389
0,0.35042594549502176
1,0.8846612637270052
0,0.03931659370837194
1,0.4307488687164419
0,0.03843040836159235
1,0.5828796222663396
0,0.1618657314604791
1,0.06621465551048954
0,0.048150256729364974
0,0.27170941590548786
0,0.03984537574448952
0,0.09200175958964561
0,0.04589786257656691
0,0.06336072123246062
0,0.058083846644741165
0,0.4847627274894849
0,0.04733624816313795
0,0.5049532565382113
1,0.51993258884951
0,0.2767564306303798
1,0.26315788344783164
1,0.5981567187970427
0,0.0407011972683729
0,0.058511540441485904
1,0.6677473066128523
1,0.8080896249695945
0,0.100142354783075
0,0.05356057057428049
1,0.5698408595303216
0,0.5240649584915676
1,0.5863431394790741
0,0.04591921535745004
1,0.4778562078447467
1,0.11531030412878152
0,0.037579253888852665
0,0.6040990271578486
1,0.7114182531758457
0,0.048745832662538166
1,0.07380029185175933
0,0.05043105908125746
0,0.27139415715258547
0,0.05503275282531333
1,0.6804829516251124
0,0.045544091970875056
0,0.10032222554398997
1,0.13999270616058587
0,0.25489440597155827
0,0.041030177823850225
0,0.1288690038231756
0,0.7677091684798748
1,0.18857990671028615
0,0.7753025948097368
0,0.037288590374613365
0,0.04199522501895338
0,0.1325712582502711
0,0.07806306965793472
1,0.7163119106412568
1,0.844592783869239
0,0.16299522345175127
0,0.6872465306913493
0,0.0384261929782699
0,0.045942592460580904
1,0.389753381051774
0,0.17249101030142389
0,0.055325572374674815
1,0.6229436773537746
0,0.0790169851034564
0,0.09693964531163796
1,0.4035279867493148
0,0.5891798069761265
0,0.27746130675856684
0,0.04152133244208577
0,0.05965225460415635
0,0.07659020901044088
1,0.776223740107988
0,0.14951844115987928
0,0.15375954402998085
0,0.04081705468769903
0,0.05502878705987472
1,0.6475202549333806
0,0.13188690917363818
1,0.4044156200553263
0,0.28117838047833793
1,0.3815102289110402
0,0.8333145472751519
0,0.042891660869131654
0,0.498439512110192
0,0.13875359347077637
0,0.06330849637075786
0,0.11369950798434503
1,0.21283442413743683
0,0.049057247323764756
1,0.6245715133201455
0,0.05244884263486265
0,0.04324947695983127
0,0.04896781137227987
1,0.40147034409557586
0,0.044078955739226246
0,0.04791842696455732
1,0.668082148127511
0,0.06393041797647923
0,0.0452768263387135
1,0.32545472951879945
1,0.8286595182305458
0,0.07104044999261011
0,0.04564547086764622
0,0.049692447761558706
1,0.6665020192851708
0,0.07520877483931045
1,0.5707396083056343
0,0.05792563848231961
0,0.04399460326305786
0,0.04142272691918823
0,0.09488928850853118
0,0.04341039296804021
0,0.7914510797684338
0,0.29528685861534254
0,0.10868480858086131
1,0.8265922433415275
0,0.37183933427466836
1,0.7047973258015862
0,0.7710325518891581
0,0.06706814130572859
0,0.8461416046925556
0,0.30488048771742426
1,0.8284015694685383
0,0.06786037075953787
0,0.10961752345648443
0,0.10452595189571805
0,0.05662188185682667
0,0.06327489445559144
1,0.04367505679041456
0,0.05857509305030505
0,0.04008471218532751
0,0.059469155757204614
0,0.8575921339659675
1,0.8747563046212407
0,0.19206269834565676
0,0.039249909538787826
0,0.05218225704919959
0,0.05809152613916411
1,0.8148157753578338
0,0.04329919752797855
1,0.5801033846090495
0,0.4955555360462284
1,0.7945313733522232
1,0.539528906801573
1,0.787463444578195
0,0.05630993906464259
1,0.770540413919505
1,0.4026330537992338
0,0.04895878764435503
0,0.5355671552112666
0,0.08949687725648518
0,0.04674400900193184
0,0.0419889520958888
0,0.04329404160958112
0,0.06796669611450962
0,0.06346291104488234
0,0.07989363408675813
0,0.04413933288993022
1,0.15335595671015806
0,0.07773418729723201
0,0.050087266166495475
0,0.0386241303544816
0,0.04576666200815841
1,0.8398186023681656
0,0.03898614537491208
0,0.03777984163548022
0,0.16575795055083847
0,0.06819506958411742
0,0.04627087676441748
1,0.8912558607359643
0,0.05069785612028746
0,0.061871009870707344
0,0.7228957317644094
0,0.10879874282607774
1,0.1430564791003925
0,0.04538414571773998
0,0.04941557698510924
0,0.08355140212179892
0,0.038460085493304756
0,0.07905007632607743
0,0.048936878202684685
1,0.7582431647501869
0,0.14415195485482774
1,0.377134540541
0,0.19631881925039293
0,0.18092324950410021
1,0.724403728366379
0,0.13298213814859197
0,0.0387308306682564
1,0.3232109793713861
0,0.5871473009309413
0,0.22025260642388453
0,0.5933102785398171
0,0.13994126713268856
0,0.046079179939861305
0,0.03780634970387263
0,0.09347809576135713
0,0.24808500778648068
1,0.37400772283730704
1,0.8827684323897348
0,0.2165346683292858
1,0.6297365018531258
0,0.6524318734061537
1,0.7461328796758744
1,0.741749842008955
0,0.0725302720060138
0,0.34033841890821154
0,0.039402320057873745
0,0.06777600310303528
0,0.06162349311980852
0,0.09032195694691812
1,0.04254035904572533
0,0.18123184369689435
0,0.63230717485471
0,0.04045153373116587
0,0.3627132953235005
0,0.044489972554009216
0,0.05955403662708779
1,0.7698430681486759
1,0.5282829565177526
0,0.07653811638786584
0,0.4368794473433966
0,0.04088895593845889
0,0.04481439457643525
0,0.039099511608510946
0,0.04807045007156415
0,0.07249831244610824
1,0.720933328162669
0,0.06071072096185228
0,0.30224466356529195
0,0.03924883460566785
1,0.3838700056993034
0,0.7307682034889555
0,0.08492772455010027
0,0.06743377600125819
0,0.049114936441942425
0,0.12171895812810081
0,0.21953544108155615
0,0.12517746111541814
0,0.04286955378476224
0,0.14632161918650177
1,0.29715721194354605
0,0.13060826777829954
1,0.668244150384396
0,0.04614785347092316
0,0.15669355443768052
0,0.10953763476991676
1,0.13692756816032758
1,0.6247637579761675
1,0.6110107076443819
0,0.28573303334378236
0,0.05278303671807599
1,0.36800069412343506
1,0.8297261655535632
0,0.2060895875684216
1,0.8530134947581243
0,0.1235551172399055
1,0.04849576148109052
0,0.07692426873941746
0,0.11659193048856718
0,0.1318618397045775
0,0.1999713193945928
0,0.20612024160553952
0,0.7961489556366057
1,0.6761143741906073
0,0.24405283897119273
1,0.29468661568417165
0,0.041049387811718255
0,0.245698416945888
0,0.044874007588749994
1,0.6242576279994712
0,0.28713682330702744
0,0.17750769635847669
0,0.22160068243904063
0,0.11539658165621665
0,0.24103922406881723
0,0.05069002145953084
1,0.04965754762117336
1,0.4297282830722211
0,0.04591199513354039
0,0.7382724097809735
0,0.10546327878309593
0,0.1419806836844747
0,0.09691778168943643
0,0.04896947509873282
0,0.05448520944469209
0,0.03829864037559471
0,0.056789433327626315
1,0.8639931934276436
0,0.15289667787858383
0,0.2780332898803466
0,0.03732069752554932
0,0.05229807879398283
1,0.27799752421960766
0,0.046731105453336946
1,0.47942429285026095
0,0.046458842801829284
0,0.24033734344442992
1,0.20968669184715313
0,0.26910696601567363
0,0.052334401389702294
0,0.06509102561153478
0,0.14609996096651814
0,0.06275591661405037
1,0.5211942479018391
0,0.05039142238725225
0,0.760979089488622
0,0.04594692259050286
0,0.03891759714248764
0,0.0542717274199313
0,0.08123077081688862
1,0.4607168272302787
0,0.04032110099567167
0,0.04594062680952911
1,0.6566590647716692
0,0.04080431162315248
0,0.38691473959030953
1,0.33572899037308535
0,0.7806791225647476
1,0.9107796277189767
0,0.05748776355514533
0,0.04744530699986223
1,0.10851978911658375
0,0.053516189967874064
0,0.051405683675386296
0,0.07591038013915812
0,0.04781057090773974
0,0.5816778632693969
0,0.038665246402664326
1,0.45638970038456317
1,0.8318668621255044
1,0.7613291522786093
0,0.039613414696088284
0,0.042343865200669954
0,0.09821265946365422
0,0.04452512973048727
0,0.3698365155512171
0,0.05506567235543306
1,0.7706491034299207
0,0.07184009665803807
0,0.040645533195526294
0,0.0614148650764991
0,0.1590594375233512
1,0.1119639720299297
0,0.042007337761366004
0,0.20234045523818844
0,0.04891534445986804
0,0.04349884732423315
1,0.7766821009015232
1,0.8587044154428072
1,0.6626155447932865
1,0.6294033667737061
0,0.04247671945750394
1,0.22674944687044618
0,0.05401999469680069
0,0.04813859083412408
0,0.18846893865292327
1,0.46146381351244714
1,0.7278648502078159
0,0.047238995078901475
0,0.049078222552039565
1,0.4462649988348404
1,0.42162650185541667
0,0.04172306398379578
1,0.23969434917171853
0,0.08429125897130481
0,0.2016549338756576
0,0.16452514871307222
0,0.15223425926455247
1,0.6948160760410481
1,0.11025012174418126
0,0.11201578249771127
1,0.14676286215363563
1,0.5982985297160192
0,0.039571283067688985
0,0.12776613930637407
0,0.5816552375071035
0,0.03932383582623746
0,0.27804845015412094
0,0.27997342960792304
1,0.7721639551112494
0,0.08576940203504768
0,0.04000016800752621
1,0.15050037856612888
0,0.26547243180135954
0,0.07197144338347451
0,0.047746860849340114
1,0.5370890252716052
0,0.21968014565237817
0,0.09132443850023542
0,0.7813942806740012
1,0.5893945145989106
1,0.29236796631439843
1,0.1577569393622481
0,0.03751096574357713
0,0.045827135662753635
0,0.17067153332804297
0,0.049261329983155716
1,0.17412315640428613
1,0.549333490726519
0,0.06446132567977099
0,0.10202145792548054
0,0.07782164802805933
0,0.044800891597627825
0,0.8331172734718214
0,0.04939177087103806
1,0.8916928422176653
0,0.296928010961002
1,0.9093092709795454
0,0.729136390340456
0,0.05768229424928975
0,0.048666443788084865
0,0.14469280532059775
0,0.5935521973650517
0,0.15475397754562897
1,0.5863951692117794
0,0.07414265655014458
0,0.049336541665543805
0,0.039568068275504804
0,0.0422606422748497
1,0.1476673262946876
1,0.09728570992342045
1,0.44398718076562516
0,0.041319372819462644
0,0.11744324495168997
0,0.5216138543712022
0,0.6854746074011854
0,0.039739352919799714
0,0.7447157875193811
0,0.03740468972001515
1,0.44077870295708826
0,0.04801409417924803
1,0.6797545684954415
0,0.21915818418608488
0,0.04788816414962844
1,0.21477067279096693
0,0.2615492464585932
1,0.21289628907241528
1,0.12584702787228133
1,0.7219818723546886
1,0.8102998355972665
0,0.11673885655862641
0,0.47405149166857463
0,0.20108475494032318
0,0.12194777736372236
0,0.055904146340931854
0,0.7826354394244117
0,0.7797062951747128
0,0.046561192541116875
0,0.042538202634776444
0,0.07268005113008554
0,0.04291707784805485
1,0.05702326825607137
0,0.04994015468213123
1,0.47930463148351266
1,0.3110924019436963
1,0.0684200590866443
0,0.03975231880754874
0,0.19331164024449002
0,0.10272443350691887
0,0.0537108425675963
1,0.6353334506736048
0,0.04102086743026247
0,0.1842005090534255
0,0.19750437527637713
1,0.21078835389348005
0,0.23606241796427554
0,0.04008760145049739
0,0.05081675043041022
0,0.03933269490479231
0,0.5063671075863628
0,0.08962062411925914
0,0.07291789588506549
0,0.04764729359494794
0,0.03817762297603802
1,0.7348089619226497
1,0.7358466569989435
0,0.06913615234936485
0,0.03968605244132619
1,0.4816208283703713
1,0.5619679754028561
0,0.06429290266358771
0,0.05261097900979209
1,0.7785422166429282
0,0.16151885549277087
1,0.7923187513322415
1,0.8813271226696828
0,0.0752299783545451
0,0.2543279869386843
0,0.0707187095166837
0,0.22471128921299593
1,0.7208683011094441
0,0.0564064149832881
1,0.8917052756879903
1,0.423663321862852
0,0.17262092424839082
0,0.4401735496408501
0,0.09860258857770617
0,0.14143061051972058
0,0.10875043973957024
1,0.7408929943758663
0,0.04662641723826981
0,0.03921525299698922
0,0.04423519930257665
0,0.07298689884568896
0,0.04462190109142167
0,0.5717324597507057
1,0.48248066979588805
0,0.04283112495348075
0,0.17622354105649635
0,0.12770484175726599
1,0.22843158528169066
0,0.8576556379533741
1,0.7551989609805674
0,0.25881645443248713
0,0.04619069657522023
0,0.05172653031811952
0,0.044617595384996996
0,0.04111139834381152
0,0.8880455657801686
1,0.4613346240212233
0,0.08933036837796092
0,0.29748258983066334
0,0.2307599638592108
0,0.06412207479240901
0,0.04131615378885467
1,0.18834750035948847
0,0.060038197536643356
0,0.4836757074327837
0,0.044948328608826665
1,0.2997448785002173
0,0.2972320452754609
0,0.04561583222317813
0,0.06349091108688969
0,0.06043698364916707
0,0.04461138241637821
0,0.07349525390750794
0,0.2885935917994239
1,0.27073484036043954
1,0.7780157924270041
1,0.7148662143647436
0,0.2769618283627666
1,0.041812455377855426
0,0.15901534405645734
0,0.39276629498622284
0,0.623590821173406
0,0.5023006349574478
0,0.038926782003554185
0,0.0950865051804322
0,0.04097119050844016
0,0.3302028357679577
0,0.34797966022410226
0,0.39069159902879363
0,0.043223569449829205
0,0.4006706545373301
0,0.0641992249941294
0,0.07196096684510238
0,0.0435404587630843
0,0.6248195962928305
0,0.06271757846297413
0,0.06093450244796905
0,0.03910779639301436
0,0.427385842998355
1,0.7987427834095746
0,0.04944223248428009
0,0.0429619746455647
0,0.06842146853190659
0,0.09284934563436247
0,0.04698307850652028
1,0.2790773086508161
0,0.09203960474192478
0,0.05317840093762685
0,0.20744997136664134
1,0.8063507261604204
1,0.32478090050513847
0,0.11265222234769333
0,0.04057702543244692
0,0.03846740439469936
1,0.41639513808859635
1,0.08327711164507048
0,0.3689925132477515
0,0.04888714919214759
1,0.41441896822455465
0,0.07889119964901423
0,0.049296759129729126
0,0.039018654588840566
0,0.09831262957625148
1,0.8489849519242384
0,0.04139151395293316
0,0.16065113678385654
0,0.31053983362659593
0,0.2178030548058044
0,0.6526311778380669
1,0.7806204097045945
0,0.1648390578053695
0,0.0392806809074847
1,0.3121974320132268
1,0.841240093202223
0,0.062032753220414454
0,0.042953752203760104
0,0.6123756279100115
0,0.07736266708012011
1,0.5896287571544231
1,0.5413355639757781
0,0.20525674073435898
0,0.6336525531245665
0,0.06304350550729942
0,0.05324124798181942
0,0.047763527163448664
0,0.19635978943858814
0,0.4787986480887606
0,0.041229078698567116
0,0.0382295651912932
1,0.6704454480147578
1,0.8603471032292648
0,0.28414216737205816
1,0.363767944298161
1,0.6601428127424923
0,0.16491748745712667
1,0.9011989653572354
0,0.7849140856734781
0,0.04294951753636892
0,0.09304833559015775
0,0.0393079769203132
0,0.1336135618203862
0,0.2806810695689686
0,0.296611684788362
0,0.15445035787818945
0,0.16063058639703343
0,0.07771158207343801
0,0.09402081687286384
0,0.548474751190358
0,0.5689741402184421
0,0.6674784043300305
1,0.2736364531949332
0,0.4171227842092322
0,0.05733139993905737
0,0.05125765787359337
0,0.07996485115576211
0,0.14235710088521705
0,0.12264922460736913
0,0.041561846143630475
1,0.2426867683731571
0,0.06105284278203511
0,0.15420446729541717
1,0.5802414403472558
0,0.4673115341691475
0,0.06571933886842722
1,0.39821709460495436
1,0.2538082326539788
0,0.5119805342847649
0,0.04591878992199284
0,0.19398970564083187
0,0.45661165743004467
0,0.17089379748784925
1,0.8906838153888448
0,0.0944890739601418
0,0.03788996774333918
0,0.0886040954362634
0,0.04724773039808794
1,0.1222055780322956
0,0.046843722357469815
0,0.08621326011758798
1,0.4434198908216705
1,0.7723251390452749
0,0.04571711666087105
0,0.08060672537850161
0,0.12544230816906318
0,0.06840709971331609
0,0.08645496322149242
0,0.054529481517322974
1,0.2844647069952026
0,0.05504853554617018
0,0.05361470615305738
0,0.05341612092503227
1,0.1033461030767951
0,0.6195167925375702
1,0.3646387784856842
1,0.7198561223315032
0,0.05172985063315269
0,0.2346383670225778
0,0.07946248818791599
1,0.6832901778894392
0,0.061583220903099166
0,0.4706146119148845
0,0.04092445075135801
0,0.6050983629829657
1,0.6708522212245218
0,0.08085180621859288
0,0.05365356648922638
0,0.16926152801733202
0,0.05696561779021382
0,0.1038850782342706
0,0.03995374489852489
1,0.13292158225034614
0,0.11839856276586495
0,0.04201522543508468
0,0.07896931810746655
0,0.043739149367682334
0,0.044384835644702095
0,0.15728710362642265
0,0.04953799179581912
0,0.5137898718459404
0,0.04839588291705001
0,0.5442185006198992
0,0.5207971478185426
0,0.26119559733254016
1,0.10222729232441205
1,0.14020647697135227
1,0.8269716312254707
0,0.0771991524721805
0,0.04643744931602549
0,0.3405799898760926
0,0.14864411348536266
0,0.2793571375175932
0,0.3381606746276416
0,0.25130425408530715
0,0.5533764316316764
0,0.04460748795206809
1,0.3152913659370583
1,0.8556549081980603
0,0.241314421378925
0,0.03988716490957561
0,0.04681736268979032
0,0.2564384092801155
0,0.060949054204807854
0,0.7456257957123438
1,0.5124636654686431
1,0.4318225180297579
1,0.5344554384625143
1,0.6756174823384652
0,0.0977456228572893
1,0.3024235015612108
0,0.04505187366451841
0,0.1277991183565421
0,0.06053353431120593
0,0.09340653238334681
1,0.6753079693351586
1,0.8390319198750188
0,0.044887401934096995
1,0.8981825569354133
0,0.05465451775997942
1,0.8624423394399592
0,0.1813952532580491
1,0.4000269509102968
0,0.22569807756097213
1,0.8579576776391705
0,0.08085139716262629
0,0.15086056057207822
0,0.039416894926418804
0,0.04554254190273576
1,0.24527329422647903
1,0.5004705100332448
0,0.041883942384609074
0,0.061084139042089015
0,0.044530419288986066
0,0.061993727239093535
1,0.5847598286391674
0,0.6151842892425805
1,0.49529878385535536
1,0.6058942873670605
0,0.05425797817603079
0,0.6710747064103869
0,0.1261564374794258
0,0.15682630819156063
1,0.21380129182960841
1,0.22266127656733076
0,0.10346133086983089
0,0.07699883895966639
0,0.044878447422713665
0,0.040727860347592106
1,0.2699310184907333
0,0.044876037207510024
0,0.12021566688041645
1,0.22216710232208717
0,0.04737218036452865
0,0.15932551820970073
0,0.051351618029677415
0,0.058893748544584186
0,0.577786976867377
1,0.6236797203943668
0,0.18765255086039806
1,0.3001133748381724
0,0.05317366308603447
0,0.03871789017134268
0,0.060723467558660434
0,0.27656249645356196
0,0.04017910897619603
0,0.8645372206763191
1,0.564131929002439
1,0.21961334707429397
0,0.085804380409329
0,0.11820383198203242
0,0.060046414122807354
0,0.14217505831857982
1,0.7873341016243818
0,0.08412241872481728
0,0.05253848441455753
0,0.05718385474281294
0,0.1019403382562578
0,0.061869284203400585
0,0.04275098349290244
1,0.7968539952054854
1,0.6864258447923027
0,0.04451306913535765
0,0.043415938250173654
1,0.09572366284497287
0,0.04325124284468314
1,0.49815081464025124
0,0.41369013902734575
0,0.5781769445287677
1,0.7578567443239139
0,0.44383295895505903
1,0.47344393603910234
0,0.042421859621533775
1,0.07472064478410771
0,0.052269827369732
1,0.4429555352302362
0,0.06316000531446259
0,0.041992816160970864
0,0.04376649996331886
1,0.6887280774942068
0,0.32463523970962593
0,0.0569896320385302
0,0.3675441202375118
1,0.29424902399254094
0,0.20604999776082117
1,0.08109082440083513
1,0.1980165211799215
0,0.04779125730374535
1,0.7259860505988337
0,0.038988672834826155
0,0.04243830821325993
0,0.10543803649066995
0,0.04020945566663681
0,0.04382624717100491
0,0.2366971209525273
1,0.13177698629564844
0,0.10927390557428324
0,0.04773754836517566
0,0.04031679332593208
0,0.049276553817311095
0,0.0927350086958414
0,0.04008967601161693
0,0.09330918893123394
1,0.8528716580887818
0,0.03885057404181203
0,0.04651887742651377
1,0.7580234589289667
0,0.13289546538212965
0,0.14313403651953419
0,0.26984309255708255
0,0.18487271466386562
0,0.8321598584149418
1,0.8726122150853152
0,0.042410742451061134
0,0.2215398892167577
0,0.32955694725220186
0,0.49940738049934386
0,0.09743923106170135
0,0.8631751187565393
1,0.6116231154131838
1,0.5578188141510667
0,0.1497427289513703
1,0.905034462046735
0,0.27907522348201175
1,0.1350041656909614
0,0.04259262234910152
0,0.2790463247847146
0,0.3089435420115051
1,0.11762266256238663
1,0.07279467986690771
1,0.13552626797739076
1,0.7647340659567149
1,0.7761499463344541
0,0.05465989978996941
0,0.3179490920820687
0,0.4764737175181782
0,0.04680051937069381
0,0.11424305963490061
1,0.8954073760239976
0,0.05384083744180584
0,0.17148218204692964
1,0.6308488292127079
0,0.06272764667966264
0,0.058891117775211416
0,0.1321364527913119
0,0.04126483375215581
0,0.05698415575711189
0,0.0780979096800845
1,0.5839625811695226
0,0.23451098632387957
0,0.09621844195498128
0,0.164850070824812
0,0.2061814063924632
0,0.13231181389381663
0,0.5236140338992655
1,0.6291248475763846
0,0.1013478836717406
1,0.6102845943809447
0,0.03846800758966854
0,0.046988484952044815
0,0.04050573581804768
0,0.24910380865704912
0,0.06004681342041382
0,0.11211502212495074
1,0.7224120210405095
0,0.12952805151132749
0,0.046981863081791767
1,0.7632319404713526
1,0.16785657606435217
1,0.7956041610688098
1,0.21843242183382675
0,0.05158489860421474
0,0.037787711989384846
0,0.7724138403788752
0,0.27588119307768827
0,0.04051228238374111
0,0.08839925381149322
0,0.15269073526138704
0,0.04400955066975862
0,0.1488836700423505
0,0.36435064440380205
1,0.8872055439727282
0,0.06209749820702941
0,0.3947581784199352
0,0.09180198145877584
1,0.8884938552762702
0,0.25464136479076993
0,0.04010850766036491
0,0.041373282098430254
1,0.22811262965368856
0,0.05826037483072048
0,0.3996016171265519
1,0.8732352233515404
0,0.043467589999122765
1,0.6696551708991642
0,0.0753548711873462
0,0.1852223599264639
1,0.8790620939392604
0,0.04535507594459559
0,0.03991989010029249
0,0.2508581661488975
1,0.824326108292043
0,0.1197888909179625
1,0.3811342867441524
1,0.6490343468735399
0,0.0404428366260634
0,0.06487010528505507
0,0.047001203369198157
1,0.12749499922001495
0,0.060439411001234636
1,0.8393586412176323
0,0.8180370769181455
0,0.13106707664006262
0,0.06160466252291744
1,0.4339097330663983
1,0.5837214543775833
0,0.04759972224433257
0,0.05801191973586775
0,0.04768006956507711
1,0.7951658870431664
0,0.040979016509431664
0,0.040756309584682494
0,0.07115067282926708
0,0.038834298585225815
1,0.86762703856661
1,0.8231756709320792
0,0.0512263918211635
1,0.7507498483996173
1,0.09594716599515471
1,0.5826668625265659
0,0.15817141429117554
0,0.20447634681157334
0,0.08465286747311195
0,0.03985480914546669
0,0.11906113522105549
0,0.18718918539593604
0,0.30574995177669306
1,0.24654175709330592
0,0.08371100159500892
0,0.04885318383130468
0,0.1284251069105603
1,0.2730498248372413
0,0.5820204513545798
0,0.045081017032692634
0,0.1208557957422294
1,0.8641128263286503
0,0.11746109377230628
0,0.05804404829982387
0,0.35846106729205757
1,0.7309691443903222
1,0.25329490804155347
1,0.2902863267568625
0,0.18817562539048546
0,0.05412875600638012
1,0.5841692770448981
0,0.0560439666362453
0,0.19938328733375443
0,0.07151062748467991
1,0.39374077815652453
1,0.412251882615206
0,0.2580027048968982
0,0.33111410141106495
0,0.04588656872924368
1,0.8225280337683762
0,0.09079252426676629
1,0.15798471139819142
0,0.05592064590172549
0,0.06343772524233261
0,0.0459164994437952
0,0.04024581664656685
1,0.7127984153619279
0,0.14448345894984727
1,0.5804758514716831
0,0.07296871463579915
0,0.04710004767829082
0,0.2193439791114444
0,0.15094084888362813
0,0.0732189709111009
0,0.2865887302301982
0,0.755107675777449
1,0.6088197308217408
1,0.8475531942990121
1,0.0481015574666747
1,0.13671831669869888
0,0.09499045020154173
1,0.3036890061558208
1,0.09208514233033206
0,0.13388909563938592
0,0.05656164034493034
0,0.05827027633178548
0,0.168988921840469
0,0.315893396070885
1,0.35800062538408545
0,0.052512864311164864
0,0.0753150870804591
0,0.1456271639178325
1,0.33660351769903707
0,0.05619962416518641
0,0.046103574971300444
1,0.4668617051528415
0,0.054017110798020435
1,0.8284540498473875
0,0.15663626434808767
0,0.2252654840845171
1,0.8648051940873291
0,0.045989752361171386
0,0.780984165019854
0,0.7319943674671863
0,0.12516657988477795
0,0.03810819665568704
0,0.13677634246882933
0,0.038678566742180134
0,0.726904055495889
0,0.04332979935999692
1,0.6632568174940467
0,0.05091789185623658
0,0.35018549177650804
1,0.5118398780895301
0,0.07899313199282675
1,0.28148955993739205
0,0.12333524736281469
0,0.4445417483879356
0,0.046478606863097204
0,0.14644962159791713
1,0.8885152118472621
0,0.5524706212432189
1,0.7521625119109545
1,0.42680916256515306
0,0.0401144371727461
0,0.16413127932014168
0,0.16537584962586613
0,0.11348340574140366
0,0.12111088467019503
0,0.10076515415873104
0,0.7691651468939343
0,0.2846365196445368
1,0.855440229223867
1,0.2335012053512433
1,0.6704260995738851
1,0.5754615261873322
0,0.03835828250498099
0,0.04578086139607442
0,0.0660009607140926
0,0.06978331907021826
0,0.1343027696060508
0,0.05205794143295132
0,0.23029815509498175
0,0.18909886902902193
0,0.8710370409970148
1,0.33165027826123267
0,0.08160039299612937
1,0.7493685455510244
0,0.0701190586595595
0,0.4939358914200109
0,0.17897182065407227
1,0.36264505500292876
1,0.7909042896207282
0,0.20702271603395597
1,0.870965614977614
0,0.18519232704852534
0,0.04065280189221281
1,0.474095804958264
0,0.03764926896778288
1,0.8560771165706288
1,0.49227521018090076
1,0.21177348073866287
1,0.5682384427388428
1,0.20357789819489205
1,0.7576887950573149
1,0.07472712089923837
1,0.8157331662718122
0,0.2833454028367551
0,0.03996812731234196
1,0.22967761487059069
1,0.8447017148698369
1,0.32829288366141285
0,0.04282728689460393
0,0.4531365936922794
0,0.05993580208111447
0,0.33722498845143445
1,0.5556869005044396
1,0.37654090251170863
0,0.05567705464028927
1,0.1073875337039593
0,0.3648143329740186
0,0.04209828116026868
0,0.061273825332430254
0,0.09051131510769542
0,0.043991755374430064
0,0.040978324100121706
1,0.11826154405791924
0,0.27950480187695925
0,0.1580309883300612
0,0.049912105035654596
0,0.04175859278674504
1,0.7534259812976677
1,0.24609563392692474
0,0.1245696389893033
1,0.2088439869892515
0,0.06672174128206591
0,0.05230696094641626
0,0.6743210507131342
1,0.7905077974538245
0,0.04557476261781008
0,0.05408192777645308
0,0.3059338224021231
0,0.04169961232155509
0,0.04552318118215115
0,0.5793326799050547
0,0.18640055658500693
1,0.5214800061369727
0,0.1897766490829024
1,0.4515258220155921
0,0.1318302969096512
0,0.0433866301334643
1,0.400512111873731
0,0.36085477172702096
1,0.4461448754316593
0,0.31302842389926744
0,0.07270594180128617
0,0.05147998880575987
1,0.5564984122569072
0,0.05647733884314339
0,0.043493434960399036
0,0.08338605272069614
0,0.19203531437382834
0,0.33340574666430084
0,0.1736682397888907
0,0.04859698312267314
0,0.05483303741701941
1,0.7696007615730663
0,0.039762716344168794
0,0.05215780702418674
0,0.15982271284239719
0,0.049729554635121395
0,0.06012205011329256
1,0.684560971175607
0,0.37001813576610015
0,0.2328392300993483
0,0.05832496958634394
0,0.1665790387433427
1,0.844236801124792
0,0.31421069342345875
0,0.04349405740192187
1,0.7478544521789512
0,0.19298936708622827
0,0.04970085308729811
0,0.037980169582577064
0,0.0576157848308154
0,0.14139494864038593
0,0.08457560811554664
0,0.041507995664947256
0,0.3635363548955903
0,0.0400233279441108
0,0.04485899737306141
1,0.19807507869776972
0,0.08584223701576037
0,0.2505144159418297
1,0.4655180133107647
0,0.05361983473353286
1,0.28195075827141225
1,0.8204692854279914
0,0.039605143844569785
0,0.05005255126135719
0,0.05141087262306661
0,0.34319239440220106
0,0.3118953334858511
1,0.21998622616913277
0,0.04110236637698696
0,0.040489484038959946
1,0.4140555139045595
0,0.05084853781768026
1,0.1320530670252697
1,0.47195517833865164
1,0.7817868058589862
0,0.19608192572088676
0,0.48326848943650225
0,0.0489527506398445
0,0.044960920032602755
1,0.48023068330863317
0,0.03764956244990191
1,0.465068414157053
0,0.1424618547097944
0,0.04419973788757792
0,0.09913499494948359
0,0.2265112927910594
1,0.15897261088340714
0,0.3556704069538811
0,0.044353630661790405
0,0.047259333672332066
1,0.8619297578859295
0,0.3112125762146897
0,0.05180494770893121
1,0.22290519975357856
0,0.3905114561029139
0,0.05194779014306699
0,0.04634087571582405
1,0.29177656245128847
0,0.27212629520257214
0,0.04550504360336595
0,0.04702565901210999
0,0.22700946699646488
1,0.6455359087976034
0,0.4319035762461279
0,0.040797642660785435
0,0.1191686560928788
0,0.1893543651203303
0,0.042323489246230174
0,0.20764940583109517
0,0.27712975654555555
0,0.16979348678489337
0,0.046678168851073246
0,0.5875463477557339
1,0.8322894504169935
0,0.06558262078264646
0,0.18920540647543052
0,0.044837165372653656
0,0.1562200328252208
1,0.719155598261166
0,0.6497995570010509
1,0.41761672687577567
1,0.8369702764125069
0,0.15693922530564003
0,0.2615662761718934
0,0.10271374124024715
0,0.26389419754893056
1,0.440064798393656
1,0.7025384076447553
0,0.3398957639744849
0,0.1747849600339777
0,0.14964901826281765
0,0.049676173731714464
0,0.12121232641365538
0,0.5611617936444327
0,0.23557965619711632
0,0.05519240387519384
0,0.6022736601956452
0,0.03831770113635042
0,0.03992797836762721
1,0.0758347427906588
0,0.6578481437084919
0,0.08541815004810373
1,0.5096520340151859
0,0.09818431247104614
0,0.09058863507900239
0,0.046181582036934565
1,0.05675773935060342
0,0.04471605575121449
0,0.04803566709221694
0,0.4252485705486551
0,0.7013491398089894
1,0.3055855346999441
1,0.3043621848839367
0,0.03870213686267424
0,0.26101289369492037
0,0.11356139146789347
0,0.4120637655282307
0,0.05443557968082262
0,0.6987633547184873
1,0.8413808058041238
0,0.05002159323280108
1,0.7217252469301649
0,0.04427521996910542
0,0.04140303233213466
0,0.1727597097523463
1,0.4632112528080958
0,0.4288859331873238
0,0.15724559957837977
0,0.06427246803830045
1,0.8450854053172212
1,0.7170144833585782
0,0.7164626105295155
0,0.039750581334145205
0,0.037963057561356275
0,0.042598912465342614
0,0.250844930891031
0,0.09104799147515953
0,0.04639738006293832
1,0.7459157751215036
0,0.037408823532109337
0,0.2942920295848307
0,0.04466045706002017
0,0.04801624824864207
1,0.6273319744338065
0,0.0620393851595245
0,0.21198365936632238
0,0.03898068361131423
0,0.048377233723609595
0,0.046883595643919106
1,0.3232157105444707
0,0.05723323446747828
0,0.09066126700148511
0,0.07572280615727635
1,0.4532495989569986
0,0.5300020106614325
1,0.5755768090449026
1,0.11168919485665106
1,0.501794665248179
1,0.8501457149584372
0,0.3471004973708924
1,0.17270041986673418
0,0.20514241945498496
0,0.04686310257968799
0,0.04049480450947939
0,0.10689998187343802
1,0.3614106552008295
0,0.07047744443353082
1,0.8111187632499369
0,0.05402183964766945
0,0.49908975178507026
1,0.6212679605855898
0,0.046405686998095774
0,0.040749414197807095
0,0.03965006587840107
0,0.05521959465479531
0,0.11695423704446616
0,0.09045018413441785
0,0.5093835398126035
1,0.5541880901743764
0,0.05399373795089711
1,0.04777595944334738
1,0.8437764869123136
1,0.09922828539192165
0,0.05432456218310221
0,0.306395372727871
0,0.5115329246275551
0,0.6741465107192784
1,0.8065738414541332
0,0.1001746883398493
0,0.047163446164235415
0,0.13968840660581672
0,0.06671250858579506
0,0.07660028297364273
0,0.057643218901220164
0,0.20682919058499688
0,0.03990100768124322
0,0.040728748250502544
0,0.043644122554062595
0,0.042558003857540876
0,0.10331493262136827
1,0.7522107020256452
0,0.18325723874108923
0,0.04957338355943133
0,0.04681767854445188
1,0.315302949410932
0,0.08303254693296541
0,0.45867208880379734
0,0.08542997725151015
0,0.5982340345188474
1,0.6165853570408896
0,0.04588802930160292
0,0.26202107279862785
1,0.8702300202387838
0,0.046096383151697465
0,0.29997467069958483
0,0.04110567729218672
1,0.7148345474983456
1,0.37459261756255136
0,0.6056334661067393
0,0.10250915072203282
1,0.7134713982779822
1,0.4738511695425985
1,0.4612199743715286
1,0.5095947634276798
0,0.19856505254483947
0,0.09120959642562805
0,0.5562080337112665
0,0.06384699232542287
1,0.048927470127708914
0,0.0720296869406085
0,0.4873813739268183
1,0.678472028377405
0,0.5854245367870528
0,0.5867349666401689
0,0.054245587155877774
0,0.07175050144601712
0,0.045681453635226105
0,0.5946347331000473
0,0.06779236157988322
1,0.7193000340118624
0,0.041872030640238554
0,0.6238743465779176
0,0.5469363684518364
0,0.04123076344202547
0,0.04312735932453307
1,0.4254296591042659
0,0.2255142717383363
0,0.6132386290384532
1,0.7413670281120512
0,0.042538113093930914
0,0.11490348539278515
1,0.8596372095554673
1,0.4900716779773274
0,0.07068488452097142
0,0.039132460624376156
1,0.32880839582706256
0,0.053209991471757465
0,0.1806690712179944
0,0.21071902363203765
1,0.21114404002059858
1,0.15531301428972902
1,0.2572435279378702
0,0.40342830434065835
0,0.06809290966653572
0,0.049050177029355414
0,0.05252540949585552
0,0.19953954750281636
0,0.19702575878772238
0,0.8405561715273608
0,0.04865873115319323
0,0.14572281479572866
1,0.8383677754039346
0,0.1191251533386984
1,0.889558442106821
1,0.7754275408159955
1,0.5455215989825896
1,0.6114224854728522
0,0.22712328869971535
0,0.3198002383928024
0,0.125961725465428
1,0.6508210778192074
1,0.6419711916078704
0,0.21304726890083667
0,0.03881318761246796
1,0.25648277674466813
0,0.25336180527074176
0,0.27066561594513616
1,0.7589002116176823
0,0.04461829702943139
1,0.7050313743856376
1,0.5034892777107299
1,0.28878711092900133
0,0.049790802368415724
0,0.12200498226049686
0,0.27991870496610305
0,0.06833224242386567
1,0.6783805172004838
1,0.7189844841058328
0,0.04447726908288578
0,0.057213880801627835
1,0.7794742448462476
0,0.22343281950972804
0,0.06370070699674704
1,0.7982452762111697
0,0.08650592995290683
0,0.04281218389884205
0,0.053683734700215986
0,0.04018991600778862
0,0.23068091906072882
0,0.1509673083074021
0,0.20932488544812283
0,0.10399980570433111
0,0.14282393271841576
0,0.21341369572851562
0,0.20073790544320055
0,0.2672890501665839
1,0.5551951362940046
0,0.5267400823716383
1,0.6627381168909243
0,0.15967621817744412
1,0.11993995628032036
0,0.09805247047842361
0,0.1545925906037024
0,0.085693237457324
0,0.05068962697567028
0,0.09129744525973793
0,0.03827024452918726
1,0.8866607960316604
1,0.8250509371662261
1,0.19991821884357017
0,0.14985944159191025
0,0.08113969384700306
0,0.34915478702427566
0,0.03934890298465749
0,0.3006886762609416
0,0.10081944618105676
0,0.09512651415704375
1,0.8124120439532807
0,0.047850310722588496
0,0.05235721179952252
1,0.6862729460426505
0,0.05234458688677732
0,0.07537527288002561
0,0.4546400939685075
1,0.6242279453146863
1,0.5168723869102666
0,0.05584771898061568
0,0.051224944567634545
0,0.1640349006146226
0,0.7347805493412678
1,0.5470938028873705
0,0.053068994389818866
0,0.36032092867181487
0,0.04034498945603772
0,0.1102391784975636
0,0.431393208492533
1,0.39210030876018614
0,0.04295107232480875
0,0.3517175290265074
0,0.04294190865387682
0,0.1998187449834162
0,0.05407112302962104
0,0.08681210557479076
0,0.06599237993960341
0,0.04209701293690874
1,0.21045573276115712
0,0.03780672283489286
0,0.3628747490848258
0,0.14678820633907572
0,0.16731101765294526
1,0.3794522201990496
0,0.09314221819833655
0,0.8189640593975093
0,0.15018497589017218
0,0.7939502344666295
0,0.2313363167056044
0,0.044493518873760456
0,0.0449461996261023
0,0.31261153890811133
0,0.12285328359872402
1,0.4714038345875218
0,0.11023293459985617
0,0.04197027235787563
0,0.07056903067919278
0,0.03954864081698536
1,0.6631534792299386
0,0.10574451460360962
0,0.7892213853610573
1,0.7121487697963719
1,0.5465401517728031
0,0.09171133523063685
0,0.1751077432372076
1,0.6931659495187277
0,0.04236456927527111
0,0.34739271729365956
1,0.12384445851986252
0,0.09919171210888789
0,0.04097966589982348
0,0.37326365947999207
0,0.21696687258389977
0,0.05998905717303013
0,0.49431649888881324
0,0.06881323547167308
1,0.8600320976181884
0,0.15183355726638975
0,0.07835893223869786
0,0.18292969641061302
0,0.04874004126649339
0,0.04535830114679532
1,0.09576240573068619
0,0.061972108260933495
1,0.24355736007093295
0,0.04016183220758059
0,0.3805706086120067
0,0.12831703039787612
1,0.7181209705625717
0,0.28046550858380553
1,0.44886794764840954
0,0.8601457674565421
1,0.7371051066268163
0,0.16149305118369772
1,0.13555714887010742
1,0.6197265221860059
0,0.05833490068085507
0,0.03925775910232915
0,0.4306311678789004
0,0.26445435565469855
0,0.18255581623224865
0,0.4010201756693851
0,0.11350992237925345
0,0.6876214163624813
0,0.762777501109175
0,0.042981382725804027
0,0.03835289264278096
1,0.12648024311929085
0,0.5469095733179
1,0.07519202099104665
0,0.04564753886880025
0,0.04139557164478374
0,0.038601107974407176
1,0.07425895300257575
1,0.3746691841000892
0,0.5132042209200472
1,0.5102915324362121
0,0.04518305201824254
0,0.2837043842212931
0,0.0701056682785314
0,0.7204356124579789
0,0.04288592227514695
0,0.04184365784887388
0,0.07910734673803282
0,0.05056681673111745
0,0.34828424810838854
0,0.4107442241395601
1,0.3177019934308562
0,0.03925221262143977
0,0.11928760103257945
0,0.06715810647581667
0,0.037479943373258294
0,0.03822738992567464
1,0.6695680237735304
0,0.29682716191988967
0,0.7104242881783339
0,0.15299606360872392
0,0.06542678443842408
0,0.05107371734171837
1,0.8144638945110864
0,0.06418752360521206
0,0.8013024146616429
1,0.2805318246393261
0,0.0383300176369547
0,0.040641789075960146
0,0.10700194722384619
1,0.33558167561995034
0,0.5677811380759064
1,0.777090500816532
0,0.04082718911140641
0,0.7161298514010387
0,0.09095695751669064
0,0.04978940843235789
1,0.7895226486090374
1,0.06733634830884919
0,0.5837582597129536
1,0.7232080934325881
1,0.7364524277959803
1,0.9063882987905627
0,0.04618399963114532
1,0.7706838026482364
0,0.18268173319741807
0,0.760417109099894
0,0.0728164076872331
0,0.06471341414431028
0,0.053287834239546666
0,0.11216194626651665
0,0.2119588591069187
1,0.5947727356225633
0,0.04503618082236172
1,0.7985076349549337
1,0.5275128943486453
1,0.12230983157726709
1,0.8117568697890604
0,0.17817853137068815
0,0.046038650951321834
0,0.04851569114318267
0,0.042429451133430725
0,0.1203249712925115
0,0.050554645190750015
0,0.08839103440905165
0,0.11594630219790002
1,0.44419728994195606
1,0.2582415492880128
0,0.04176389386010712
0,0.04851251415337691
0,0.047846148072646956
0,0.10096865742261124
0,0.05433307955382501
1,0.1691453575183226
0,0.06222619778319327
0,0.17075203175023135
0,0.09283117690701279
0,0.09923860825940733
0,0.4225289154010866
0,0.10350413376646637
0,0.18569774913299686
0,0.08395326203935013
0,0.05579459021652731
1,0.8410219592219536
0,0.6258098192536778
1,0.7170415213231773
0,0.04334937053291182
0,0.042953756260018926
1,0.8227003833849682
0,0.3089953220344196
0,0.1339583202617915
0,0.4000208984606868
0,0.03955180186479718
0,0.050989293870827894
0,0.04598104992255152
0,0.07647561129933408
0,0.052688895246297725
0,0.07484922410175926
0,0.05310432089709892
1,0.2809897644301806
0,0.08585577516278176
0,0.04268916668064836
0,0.0707828239769522
0,0.05816835606960603
0,0.2577153710888977
1,0.7337501615374582
0,0.06033130737277326
0,0.06445159774503442
0,0.04678611797110903
0,0.05166864136949374
1,0.7018920088247113
1,0.19576072360007415
0,0.07222293421256314
0,0.22489042938600826
1,0.6530550721642315
0,0.043035874351652584
1,0.8771985363423049
0,0.046528111026416456
1,0.8110055991653355
1,0.22898664811001648
0,0.04647653985922695
0,0.10738983063195526
0,0.2508312686196406
0,0.04876535582745938
0,0.03711966470493386
0,0.04519765994922538
0,0.735481925097964
0,0.04032598235811975
0,0.3387692540081037
0,0.5932177846311371
1,0.8492228237275153
0,0.058424915678007415
0,0.1256271257280321
1,0.39453030080999785
0,0.13413758282326818
0,0.06850658220475457
0,0.2623682107479098
1,0.3826791391147477
0,0.048631376985904556
0,0.10932078128305633
0,0.04087305328276991
0,0.03905052283712798
0,0.7144337454746245
1,0.3004835026253406
1,0.8376835445357288
0,0.050276851379166376
0,0.17605243431387502
1,0.45237014102716344
1,0.2046401042662276
0,0.06211873370537472
0,0.16059333042821447
1,0.8831351349071135
1,0.7468209389000139
0,0.043487397102138496
0,0.03972159517204551
0,0.04355145702029054
0,0.04354451895242654
0,0.03940936697160912
0,0.5305404755571935
0,0.11109562352459189
0,0.34294686309690686
0,0.7789492758233116
0,0.12665949882856323
0,0.05516265769380609
1,0.668849897933742
0,0.2951352612785913
0,0.12060071814614179
1,0.6006735433326644
1,0.2831642404093918
1,0.6625797614785022
0,0.12907854963887197
0,0.0698996487797008
0,0.10317007883489761
1,0.14835000582263647
1,0.42852476492340424
0,0.04119411527999827
0,0.04062976475207019
1,0.8746165814728816
0,0.043257642901150965
1,0.5100245593696873
0,0.0815569032470813
0,0.5996828444621144
0,0.42819491504974166
0,0.03734567467653134
0,0.3581815008193566
0,0.7066732714150793
0,0.06081436570611693
0,0.20685121433825945
1,0.1075952796316681
0,0.10451570831234688
1,0.6603920361783678
1,0.49904844520515684
1,0.548106023012718
0,0.0666503103752148
1,0.7063553500293202
0,0.046292862027016136
0,0.03895150125350032
0,0.19276637124278023
0,0.03999593210922402
0,0.19466225272616125
1,0.7374270244837169
1,0.39902750311460733
0,0.03931486963946172
0,0.30393864427824546
0,0.1592862346646101
0,0.6338187877955921
0,0.05599442716420944
0,0.564165053894558
0,0.147623837221919
0,0.0824345293151221
0,0.045623872587802976
0,0.03912566543115909
0,0.3178372573701661
0,0.4046084975318596
1,0.8162476780055233
0,0.08706971905376587
1,0.63664951858594
1,0.5425129890482692
0,0.14251824461325466
0,0.6926360612545194
0,0.2643145000311088
0,0.042371677500575695
0,0.05001847287902192
0,0.2530991062656028
0,0.48011716020633194
1,0.8774968176810177
0,0.07689441194845119
0,0.057650080795528115
0,0.037403081661408925
1,0.639826237349366
1,0.806602896132394
1,0.34304869056907034
0,0.7083019188657843
1,0.5726897502914517
0,0.03935697985406688
0,0.05486850829022756
1,0.8669466453752603
1,0.16141489647412222
1,0.7490460824786003
1,0.6658918254746035
0,0.051061135406484055
0,0.04013999676068589
0,0.05376998777866432
1,0.07295825083718709
0,0.11460755876568146
0,0.056758789163104485
1,0.05224862244106836
0,0.6311839110847743
1,0.7281152921256753
0,0.14860706564345114
0,0.06812449226687549
0,0.05007913717241465
0,0.0525928170481167
0,0.4469314993368673
0,0.07048457570659071
0,0.043890339521002714
1,0.6115124236675932
0,0.4546286814273051
0,0.6904701230097838
1,0.8829761982538136
0,0.057615494609744244
0,0.05348464825060621
0,0.05092967706162898
1,0.7595502721873818
0,0.10924470373151349
1,0.6094040239059935
0,0.10489781004463312
0,0.23348549670467061
1,0.8939738132943149
0,0.042008138396581414
0,0.06033080113398024
0,0.04496543618460409
1,0.11804303123422973
1,0.8648730058825954
0,0.059533387662035864
0,0.11138652274720534
0,0.055960281110190115
0,0.18024513948060636
0,0.05646747323105367
0,0.04386664905497973
1,0.21379799648727943
1,0.5827088534205419
1,0.6503958908074893
0,0.03960282298660819
1,0.7764358127548555
0,0.06486618062517578
0,0.44853047195974866
0,0.106152733473071
0,0.04007228104863102
0,0.24370247935422185
1,0.5602974668479004
0,0.09521458322981496
0,0.7301376233278869
0,0.18154193635163074
0,0.04331617943674515
1,0.24684794155045223
0,0.3399319405353612
1,0.38165018899762443
0,0.038993607541631246
0,0.07952262586397454
0,0.0503100512695081
0,0.2971306232369554
0,0.05321882237365506
0,0.16789596869293338
1,0.8608577416024036
0,0.04484536639425648
1,0.8181396882186478
0,0.039384903988589556
0,0.4656097803931205
0,0.03855063032461496
0,0.2604762423500976
0,0.03733162397959094
0,0.12253235762745716
1,0.6953301445822556
0,0.05045535950721765
0,0.053441315717907195
0,0.04505744140306631
1,0.4493949528456421
1,0.28040737800096005
0,0.06954487454629073
0,0.09008326787032764
1,0.6288259611228408
1,0.2718225494966732
1,0.07659155856891343
1,0.3692956355116567
0,0.1071634089647979
1,0.872877784080408
0,0.06414594705334628
0,0.04228994805974127
1,0.7499609540910409
0,0.050416110334593325
1,0.8786344464842639
1,0.47748679687415285
1,0.5021919345640269
0,0.037737738134820405
1,0.1471120467002393
0,0.044217256050612296
0,0.0973189976779809
0,0.6700167428506224
0,0.07580067583812948
0,0.20206003981530984
0,0.06574550545699581
0,0.06616541729634004
1,0.5847679781307795
0,0.0434714823435848
1,0.058267970880904005
0,0.4059753318653096
0,0.6759171643063372
0,0.04051839635131348
1,0.7984455490456324
0,0.045360020963601116
0,0.041484165004160765
0,0.20596300806522266
0,0.05192016373976674
0,0.32748783191133973
0,0.672627747153335
0,0.12310526593593486
0,0.10488687156997814
0,0.16281296726730465
0,0.05313502750663156
0,0.36507562063223636
0,0.04198978523533557
1,0.39320617282378034
0,0.038065753358731136
0,0.04885658680365363
0,0.29260754627822727
0,0.10638345510701551
0,0.04456259108796384
1,0.4139904704128112
1,0.6738826886967165
1,0.5328685541924122
0,0.25788247976641127
0,0.31191622411472625
0,0.059965494206063466
0,0.04528377869540106
0,0.351706529079927
0,0.19634898499403786
0,0.06390995391029335
0,0.07136393164642015
0,0.20494758760371765
0,0.18189870357987414
1,0.7562665285208164
0,0.04058552950442604
0,0.3183372724015108
1,0.13153442823350922
0,0.05253129175372386
1,0.7633106652452383
0,0.03919504198220415
0,0.0513357873954608
0,0.2426714435624389
1,0.4342308835892312
0,0.667564309960371
0,0.04374673233150905
0,0.5060307289850225
0,0.12520122896375221
0,0.0402182162955463
0,0.61491065478958
1,0.15840375501926016
0,0.64978736874553
0,0.5047517693362481
1,0.5349577560197536
0,0.07368145518473472
0,0.04607744049684349
0,0.5130851451774265
0,0.04581332233780089
1,0.8173604275581348
1,0.8837743612968582
0,0.05904628991530937
0,0.04722539012200465
0,0.05551699626265607
1,0.7483604860938926
0,0.3296950928220199
1,0.7214116473980803
0,0.03750970731633803
0,0.6368887387583081
1,0.8096141836668796
0,0.09878327362567134
1,0.15762707031279174
1,0.4579421093051897
0,0.04469507585247184
0,0.05106801909035732
0,0.11997107567878412
0,0.0607097658985849
1,0.6045519434417128
1,0.5622266310255944
1,0.6378037336614519
0,0.09448760272863742
1,0.2528193668566744
0,0.08143635597585298
0,0.08250822773787084
1,0.6528095272576696
1,0.8024723379116777
0,0.1345859274140225
1,0.08498244666533365
0,0.04968602980744169
1,0.7480277345775649
0,0.03929509877052935
0,0.07733369414105622
0,0.649114994311201
1,0.1347039281499127
0,0.05518884965332691
0,0.08905368444999029
0,0.04415923023379338
0,0.040167918550729896
0,0.06207362737176334
1,0.08454129397687513
0,0.4363470474343492
0,0.03981707239971635
0,0.09348267307810777
1,0.3366788516244553
0,0.05246166430046889
1,0.8905240417959855
0,0.0396255206480811
1,0.674430915929197
0,0.15334968518125316
1,0.1487519101769913
0,0.46591662724523636
0,0.0457030421817704
0,0.08654470854473992
0,0.28436557984023436
0,0.07465841325465916
1,0.3110767123502734
1,0.5605680540400617
0,0.3013254434792948
0,0.041761671775350215
0,0.04507674812059346
0,0.1002687804885979
1,0.5615021080134108
0,0.07193508722067055
0,0.04493075978478626
0,0.13595947733530414
0,0.320261492291564
0,0.059360906519473636
0,0.06442934028568066
0,0.045428808792042065
0,0.04203192318257754
0,0.05621506735550325
0,0.04086573891168513
0,0.04748576671326678
1,0.8306124458963863
0,0.06047569536352787
0,0.04198226349684565
0,0.07457843899225484
0,0.556921998704898
0,0.06549224615608
0,0.14294215656355294
0,0.03993584281502659
1,0.38170937333785426
0,0.06399500875341307
1,0.4912686373243535
0,0.19220963222022353
1,0.7478217143041549
1,0.42752803254699645
1,0.33676596445245677
1,0.6747951800670675
1,0.6062943731309246
0,0.04212412047808671
0,0.7443533326098534
0,0.1191831845091182
0,0.048273580434701216
0,0.04279839546701421
0,0.1312171338773536
0,0.05963567990136993
0,0.498244017687772
0,0.06748203414134296
0,0.2105474636727668
0,0.23812232077215648
1,0.5330074664271286
1,0.20034717522197962
0,0.041671064809698524
0,0.10324998247958961
0,0.039033318535394115
0,0.042427792128632576
0,0.2153468540472563
0,0.24009048483487694
0,0.13908104893139894
0,0.051726795267275485
0,0.04702889089660899
0,0.17251687734412333
0,0.11868976447247326
0,0.6065760451758127
0,0.04018136783533255
1,0.8986721082970196
0,0.4092155486734989
0,0.23774085658992977
1,0.7993304340678631
0,0.07555943712305263
0,0.3420960106536892
1,0.30204202615419584
1,0.3103268033655177
0,0.14135959989114674
1,0.5381212110772555
0,0.16208736672009388
0,0.6804421225792826
0,0.03979667314111626
0,0.16812039611874208
0,0.06819065359591708
0,0.03983208665776341
0,0.3045079640137007
0,0.05702939320031339
0,0.07557097272445594
1,0.6332635955503089
0,0.07209072756792932
0,0.23422536562882532
0,0.05768352784961018
1,0.7793444302746733
0,0.040742402742868764
0,0.04956949413643303
0,0.1215846843014205
1,0.16585708548464845
0,0.04600956558897289
0,0.2906336978586412
0,0.2138087929254464
0,0.05113242888819088
0,0.1179258409899666
0,0.09957814340467017
0,0.038997562264391404
1,0.24699302282726596
0,0.7121483498096238
0,0.30263841841853756
0,0.06113700576282926
1,0.6731971432014344
0,0.055131517344450216
1,0.6163816991046134
0,0.0384244752482533
0,0.06556420761253472
0,0.04047801192084158
0,0.0463911155670831
1,0.8551556721544297
0,0.043236737364432676
0,0.2670890822284964
0,0.059852484758589425
0,0.10279842195431471
0,0.14541122400586612
1,0.2820524492716158
0,0.10786753659140841
0,0.05603285814895778
0,0.058752693229925206
1,0.2242070475461076
1,0.3823680067972736
0,0.058461540165960224
1,0.5542928752536337
0,0.4225296286910371
0,0.0476532268946166
0,0.13003104133823898
1,0.8536439200764968
0,0.8177011774376948
1,0.7922899539477782
0,0.049746901249823575
0,0.07646715774310103
0,0.044241933695876694
0,0.06871273490379318
1,0.6065276491761259
0,0.21812593995323357
1,0.30020877780200433
0,0.04374181626036375
0,0.041903564023355024
0,0.04500899341997629
0,0.0478874742252579
0,0.03780127364961752
1,0.8497700702319362
0,0.06036253499496685
0,0.0998718508013257
0,0.03873441406343804
0,0.06940879589685038
1,0.7020445620953766
0,0.06643547687237866
1,0.096266877536404
0,0.12272653432332233
1,0.6731537630281771
0,0.7917440484146613
0,0.157887364876653
0,0.11564662620413085
1,0.828650371966702
0,0.04224503094171315
0,0.340478072710272
0,0.12274563933288637
1,0.8190169737734007
0,0.6089082954027751
0,0.04752619473210646
1,0.8289935733493825
0,0.07797277052156955
0,0.36370747816711335
0,0.04979139360744302
0,0.04494454524756256
0,0.04059363298242091
0,0.19120365037603482
0,0.06656745756862063
0,0.1095247468304506
0,0.05612187615109618
0,0.4165913280587697
0,0.12202507024842559
0,0.12183796157750416
0,0.18265308762295254
0,0.5331901307062908
0,0.047957765661073265
0,0.7692127141569448
0,0.07260260439156403
1,0.4350376911158381
0,0.07190546200023604
1,0.5793816099455954
0,0.46175350765013146
0,0.46494530086650904
1,0.06172600033143447
1,0.8536749895219813
0,0.04076301522292945
0,0.19546033370540522
1,0.62884534782835
0,0.3038479966036299
0,0.0409201408484819
0,0.041504438652313645
1,0.7845420255491488
1,0.32827357125342055
0,0.3678781272558543
0,0.1648633386309139
0,0.04380058810707155
0,0.14180465200323952
0,0.041320904132556215
0,0.16706974465157165
0,0.03738862280508535
0,0.1179122362695608
0,0.05056971753616549
0,0.057673581346897394
1,0.6074382817237485
0,0.09145864903550549
0,0.037966391428061984
1,0.8258150860892268
0,0.049413820309158384
0,0.03783953704188038
0,0.050867144451999385
1,0.7412723340687779
0,0.7446484884418467
0,0.09274012134139446
0,0.10958846881258943
0,0.061537411767880294
0,0.04311937183002477
0,0.11533132701657903
1,0.7990665327870676
0,0.09211622160377346
0,0.04648260659437895
0,0.11201598361192507
0,0.05502929983897079
0,0.05780773357669004
0,0.06644691596375177
0,0.03918829479735804
0,0.4605256625603077
1,0.5106269530787734
0,0.2357473888901539
0,0.053452222258256556
0,0.055485496490605114
0,0.04243577018478437
0,0.07579300325765238
1,0.06728944857933782
0,0.040300091503726494
1,0.7682617917991315
0,0.35231067102626734
1,0.8359498772485832
1,0.04740587528345832
0,0.05697728525655302
0,0.3086710152223294
0,0.16630517827292837
0,0.07882014586999786
0,0.05639005286521652
1,0.7970364916862999
1,0.0916252600130398
1,0.5114013393727181
0,0.043143018307327655
1,0.654240419806057
0,0.4236044360888563
0,0.07044614048763873
1,0.44639541476241185
0,0.0522898227119536
0,0.039521278329993394
0,0.039861986778341636
1,0.1879946972854258
0,0.05525865908689263
0,0.0651158601668351
1,0.11549405140703305
0,0.13796978571433385
0,0.04633157949207704
1,0.5418756694901471
0,0.23194412037675605
0,0.24764115597433778
0,0.05787536791927282
0,0.21569128220669082
0,0.3866525256082668
1,0.8156462670692829
0,0.6956542987808342
0,0.11413436608718219
0,0.04935622969904343
0,0.16796543737517564
0,0.04295806525166595
1,0.8530375306799283
0,0.04243340830935361
0,0.3627999314352784
0,0.03978021541368049
1,0.26184712461996573
0,0.051958944766331054
0,0.042987335501289886
0,0.0406931306878775
1,0.46483421342779674
0,0.04703405897903468
0,0.06742339376003673
1,0.28867382962200655
0,0.08089742537608463
0,0.07514708006754343
0,0.19574134782992142
0,0.04157964192253698
0,0.07230259324484804
0,0.03979670049272051
1,0.6219769967444216
0,0.04530300683506619
0,0.04297075364455842
0,0.09863279792704584
1,0.7701266595336344
0,0.05361557499295398
0,0.5106482715322435
1,0.7668302210706808
0,0.1771651122808333
1,0.8950699616294256
0,0.07928316527229742
0,0.03884764931474731
0,0.6254522781362195
0,0.05112275619048755
0,0.3329013642064828
0,0.04511706409713672
1,0.15259222410227732
0,0.041601212642502626
0,0.06628810913738377
1,0.8793812580886006
0,0.30657381891092056
1,0.24595789188623662
0,0.09079041790215285
0,0.05066919266996116
0,0.04214505609109276
0,0.08883329001288721
0,0.045290767822632555
0,0.1485958019484708
0,0.6222396057746347
0,0.053882465804000176
0,0.6243715949329213
0,0.09539628549804326
0,0.2735301709248361
0,0.47133454280710463
0,0.049307268124749344
0,0.12048537496176132
0,0.06680434771272885
0,0.09658287372629439
0,0.4883277574417916
0,0.24067970864157917
0,0.3076351131232202
0,0.4518344023523395
0,0.17560931591262907
1,0.8670653172425755
0,0.043898859582469404
0,0.8492412395509726
0,0.1701167802240211
0,0.11337035835460342
0,0.04783493077348782
0,0.5435721638045861
0,0.05818006285440019
0,0.0451960799766377
0,0.0935241054925657
1,0.6383735357489188
0,0.15572773662848297
1,0.8366057052852544
0,0.06749414903751164
1,0.7656809188834426
0,0.10443347328911078
0,0.1364650511263223
0,0.05253682334359234
0,0.4490457498636544
0,0.04646349804478373
1,0.7265217969340174
0,0.07903982798578785
0,0.20357008693564574
1,0.15366556779047943
0,0.05336821017291522
1,0.5562721999247878
0,0.07437790367928723
0,0.04196001742800681
1,0.8751535187899039
1,0.8338548290232367
0,0.04434611324629132
1,0.4261370986463796
1,0.6443475158864229
0,0.18158727261078128
0,0.03763516151754897
0,0.08348876336098393
1,0.24406520209653265
0,0.03739180934613541
0,0.2264205112590697
0,0.21949688105825343
1,0.8853164951579221
0,0.08531950715700286
0,0.0783834704893965
0,0.1329222081631485
0,0.29908113573781286
1,0.5288742178538162
1,0.10638812690729847
0,0.12352499713229045
0,0.04169096834471835
1,0.3520636919513793
0,0.22876719501965792
1,0.7950073024736017
0,0.3209825631443743
0,0.05941799562960496
0,0.06343691988947722
0,0.06581314403008147
0,0.26469490857788247
0,0.03909019919195957
0,0.36163845698198954
0,0.07908481961430502
0,0.7312795355155287
1,0.7932867652335329
0,0.04567626637339729
1,0.8574460367808696
1,0.7138326268292842
0,0.071780578031334
0,0.3941741477634119
0,0.05291106835745877
0,0.05793025942496717
1,0.791937484110427
0,0.13284178296685895
0,0.2351101393779117
1,0.7747355383615376
0,0.038713554631299704
0,0.24784695018104674
0,0.0945848132350843
0,0.4416020301253337
0,0.04068427511663522
0,0.04830472581055593
0,0.03932705571761766
0,0.05639208625115175
0,0.40174595241706185
0,0.3757896060314956
1,0.35649944633846853
0,0.6757547347250955
0,0.0467479938972218
0,0.19767858598023055
0,0.5144950147226804
0,0.09569190256046288
0,0.08411288542224538
0,0.039829900697604975
0,0.7382539849266181
0,0.04474901020569472
0,0.04254546501306651
0,0.047076610449600105
1,0.7203519297988533
1,0.7683317171114135
0,0.08998940102959413
0,0.12387131336022787
0,0.06174159343337064
0,0.8660189610842964
0,0.3341951398582686
1,0.6723863955681659
1,0.6304559406424292
0,0.044169068451305596
0,0.04377307119324904
0,0.8024233913885676
0,0.05651458741828742
1,0.49094063649892966
0,0.136461052944834
1,0.8142271455141132
0,0.04728713299969502
0,0.6032962747691073
0,0.5568115607685125
0,0.04358335794838793
1,0.8579283535976044
1,0.2542694172916957
0,0.04641100594391788
0,0.0427554246372289
1,0.5593196820410857
0,0.06281924391731777
0,0.10458705723071159
1,0.3561903041049255
0,0.04442003202675213
0,0.05713764964470544
0,0.05796311479164196
0,0.33794723241654323
0,0.04904268091772
0,0.041138810692446265
0,0.0693391918675297
0,0.14533861333846487
0,0.0412560745075473
1,0.22836318383104862
0,0.17214704301677888
0,0.540158169399022
0,0.25447791452765023
1,0.5827426414192953
1,0.6563977651709918
0,0.04510357456448434
0,0.043388767770525485
0,0.30114886404436686
0,0.16426196595057288
0,0.6274291372826195
0,0.04557531915029301
0,0.038882457631976106
0,0.41604003293291875
0,0.807143034949405
0,0.6045650096968259
0,0.06852494930341094
1,0.712734024608755
1,0.4733742711180669
0,0.06528143691048666
0,0.06423972111819422
0,0.12270528820601645
0,0.2724660754811384
0,0.16757244715973507
1,0.8661160697913335
1,0.6021956854232443
0,0.11601327037142387
0,0.04279505001477578
1,0.8564595877984623
1,0.3521972520402296
0,0.17190907543577166
0,0.49288158741424787
0,0.07180275591430817
0,0.04610698642759839
0,0.5971663722384897
1,0.6550688532129126
1,0.5614619103099715
0,0.04376772098503095
1,0.521683119366443
0,0.04640344897927503
0,0.040285127335452565
1,0.8008375870108497
0,0.0562017339755737
0,0.03984504013660981
0,0.05502750120090559
0,0.04190185768194604
0,0.5366164761132725
0,0.5530085922348156
1,0.5928085709590384
0,0.3823614269057787
1,0.7809983354624171
0,0.576398655590801
0,0.05849009374951653
0,0.052441024750063576
0,0.08940432667965204
0,0.6408778858517515
0,0.07972369890015064
0,0.06485643561742378
0,0.0480588193589496
0,0.03906955080674914
1,0.8857848567514495
1,0.10351825715989063
0,0.04313417366442244
0,0.6302750704747054
1,0.4781788480864075
0,0.40883852342624016
0,0.6616488894140238
0,0.21242058152974724
0,0.7782506257266653
0,0.16582924503087168
0,0.06261031787485341
0,0.04719711641289171
0,0.04570782496227415
0,0.21240910495077664
1,0.7970020075151194
0,0.4506298143429825
0,0.05871107407869828
0,0.23120294368398275
1,0.44272561101730856
1,0.7396427204076557
1,0.8320752924216315
0,0.5059921277076765
0,0.19006598629083396
1,0.5096488350365603
0,0.03999799752864601
0,0.0399847098402085
0,0.24963615275140533
0,0.04607974029892427
1,0.07434483421994871
0,0.05776023576486003
0,0.261268007715187
0,0.06339035489451714
0,0.04090117205151987
1,0.7044529204448069
0,0.15756119046924724
0,0.045227182369141854
0,0.03774635945206741
0,0.03941983711869846
0,0.044176761769200656
1,0.6116029402787685
0,0.2901841281421244
1,0.8100275071557919
0,0.052323731309691104
0,0.06484596687122479
0,0.08583781165077782
0,0.10807546837666067
0,0.03932174497594335
1,0.553721977447445
1,0.16636572374927439
0,0.03782380036401437
1,0.3633717680981776
1,0.6535732419979815
0,0.04541093191337428
1,0.9045173936283813
0,0.07521243478354363
1,0.5941902891550923
1,0.7520118372960477
0,0.05248821508936964
0,0.4261408190529423
0,0.04810009947031395
0,0.7602700807633224
0,0.04902454527862762
0,0.04294019886069766
0,0.04644189851445936
0,0.04802037611973583
1,0.7904743942535053
0,0.047282562262699904
0,0.0578545322266422
0,0.22113745728763415
1,0.8576699933522496
0,0.544565566195103
0,0.13775202119219931
0,0.046232006955282165
0,0.1187729938569518
1,0.19493817747313633
0,0.48257945092932536
0,0.8020410936219398
1,0.32508940159206084
0,0.12291385294334198
0,0.6102941942568587
0,0.0853989532943002
1,0.8476281188841386
0,0.7614596318050039
1,0.22568382735012876
0,0.20418035384603475
0,0.04382008907512473
0,0.15897481132118652
0,0.32897752828907284
0,0.19060321409063644
0,0.04743376670906711
0,0.5134696325652421
0,0.2192090309167285
0,0.1105441868708021
0,0.04514838341230786
0,0.07242414880515693
0,0.038961929949878085
0,0.11884119948863806
0,0.054817618053328396
0,0.04764204461016027
1,0.08780754850353452
1,0.04850462473743616
0,0.04413101806382467
0,0.07100250969611967
0,0.2008796758941153
0,0.852653852250668
0,0.20326724387140135
0,0.14780460774415471
0,0.8554475475179553
0,0.10080939920710894
1,0.19005739385795142
0,0.03942170076832564
1,0.7964514017820082
0,0.6857750271194388
0,0.12370602355828578
0,0.07559471567562606
0,0.057231520350908775
1,0.7810636521808477
0,0.5074564916795484
0,0.04811685915212622
1,0.7539072056145099
1,0.32820580308331976
0,0.07058621131399823
0,0.0965724142663975
0,0.686553928839765
0,0.6432557154442585
1,0.32444247885995253
0,0.047317425354771056
1,0.22330175246031622
0,0.03750964966436921
0,0.047374677727147194
0,0.09924833942255641
0,0.05107662361456983
0,0.04987101167005568
0,0.06571879842122101
0,0.06599305876700916
0,0.2262708406808811
1,0.04850802918518099
0,0.31685392630556225
0,0.8353210283335271
0,0.34149751966728104
0,0.05175445220317421
0,0.4928927668306155
0,0.04063019978820227
0,0.16845961209370672
1,0.6169131784363749
0,0.0622117676537562
1,0.3666651950233947
0,0.0420450721586
1,0.8117960770496689
0,0.03924669434902893
0,0.08908697449271387
1,0.1992779114490361
1,0.8627421040251442
1,0.6501797050198902
0,0.26742738326081067
0,0.4334394780398543
1,0.48728332609880076
0,0.3209293379837255
0,0.06597612954385901
1,0.8101221944789455
0,0.05954691844888908
1,0.11830858334535645
0,0.06275151425962158
0,0.07466697880316853
0,0.03868653564187145
0,0.04347328157861547
0,0.09968684770040166
0,0.18443007302138675
0,0.047270278070659956
1,0.8870205562056414
0,0.0526754003497135
0,0.29890483474695895
0,0.49718630802858266
0,0.20674836272253888
0,0.07425115562403274
0,0.06517229089339364
0,0.7790439392526818
1,0.12162050657071763
0,0.35441353890785415
1,0.12889444185275867
1,0.34521998315351926
0,0.7093711433346573
0,0.32146152092041363
1,0.18214528358672474
0,0.42778447803543485
0,0.038275323379876644
0,0.03958474972929177
0,0.5859741354021851
0,0.341977394368409
1,0.6747303452118137
0,0.04667909123174508
0,0.03980930396992965
0,0.04531672828516881
0,0.20317434539291912
0,0.3894140696256674
0,0.5995133108195032
0,0.062249328921557455
1,0.8395409133483511
1,0.8007498367800789
1,0.7821642793273703
1,0.7605429919261648
0,0.04329686357831936
1,0.09912696908382078
1,0.8599399907332744
0,0.07709319796264917
1,0.7448369271931735
0,0.09863894719154592
0,0.039056513906698016
0,0.2621010933443953
1,0.8781898667965162
0,0.40741551977992196
0,0.03880757373133639
0,0.052109829263726745
0,0.5893769874789907
0,0.03930755591880938
0,0.4068347704935029
1,0.3826939067071489
0,0.4738543549343148
0,0.2016227162956303
0,0.05984643336901398
0,0.04042868499455979
0,0.26823155906419643
1,0.7208636793558544
0,0.040611169328194884
1,0.32736653680760797
0,0.06515553182664949
0,0.07282655286882937
1,0.7305636605633341
0,0.06628792055460184
0,0.0669895038472914
0,0.19714087366344815
1,0.24404608577771655
1,0.8429320912711367
0,0.15244735905859763
1,0.7350646444671085
0,0.24471427565846582
0,0.3744610037964278
1,0.786217012957804
0,0.2415247254474258
0,0.05964989122855713
0,0.0716803106798446
0,0.04723467486890582
0,0.07355719911690287
0,0.6618533499049459
0,0.08298562899754174
1,0.5383159190580475
0,0.8079390111209214
0,0.052215607639390114
0,0.41222161094260573
0,0.11553299777445564
0,0.04788255530149877
0,0.27362843739070614
1,0.7336609972780368
0,0.15243240992976062
1,0.2882295282621871
0,0.04270834961078685
0,0.24225679351804905
0,0.0421563713401045
0,0.15579935128076594
0,0.693453452786926
0,0.039638398332016885
1,0.8069754893123932
0,0.20417829003357577
0,0.07812243049584774
0,0.16264146280549796
0,0.04096185849422213
0,0.0408161262043117
1,0.6003979833245736
0,0.03982964462011203
0,0.2697736697058982
0,0.3207782040359764
0,0.10112071555272957
0,0.09746325657597803
0,0.039816879375196845
0,0.3085081432104945
0,0.13191714239728125
0,0.06391387040608132
0,0.06902217482358383
0,0.0449092433501985
0,0.09850980769703203
0,0.1105840286811718
0,0.03945812690149765
0,0.2118560760069932
0,0.040920591373749114
0,0.09465609093361055
0,0.042160935213648686
1,0.17096050459355405
1,0.36263871510979856
1,0.05750077241029907
0,0.3427017677180151
0,0.20645453560661903
0,0.10327714871830249
0,0.341387535464876
1,0.06811353015255565
0,0.47683415886409447
0,0.4498966890712909
0,0.050980884598031594
1,0.2908758798923407
1,0.5221414510512314
0,0.045531095447933614
1,0.26329079387326015
0,0.43711112514425754
0,0.12939873068093222
0,0.04249671285334875
0,0.09792458546452501
0,0.06381862654078133
0,0.09112596118717387
0,0.038194262368436635
0,0.2123748223114121
0,0.048522943927531224
0,0.1385019171268659
0,0.4171127241894521
1,0.8790276710691206
1,0.7767370298535201
1,0.6061511137411248
1,0.253192254331788
0,0.16990544038722438
0,0.7138872050677357
0,0.30352573209441347
0,0.4599923335125347
0,0.054400367061767284
0,0.0540311756812043
0,0.04482157459751038
1,0.6068616745088177
0,0.18802970002104508
0,0.10706231691783408
0,0.048263478209869905
1,0.43791159265137225
0,0.06599223987143941
1,0.8150735297732061
1,0.8836772137871941
1,0.6396467332864467
0,0.17498417952040843
1,0.7686824154617254
0,0.1037333250806003
0,0.3786026812186326
1,0.525584290077419
1,0.7331992278683956
0,0.04096877537801413
1,0.1089640442709427
0,0.20325555065963008
0,0.10876626464652742
0,0.08430793470053381
1,0.22529638387486514
0,0.15303067003593024
0,0.09163491213179652
0,0.34529820582930887
0,0.04883938512651517
0,0.2015645464968914
1,0.5343233213985734
0,0.03970005745358789
0,0.04243199938738097
1,0.5812658749805832
0,0.5652215846994899
0,0.041847981230555685
0,0.12653658055270578
0,0.19411703906585204
0,0.6080359815155748
0,0.04241743584681194
1,0.41764858465595117
0,0.26215936102188575
1,0.4031359221194322
1,0.6750822824470447
0,0.5434534609397232
0,0.14882098443666525
0,0.046613921888030735
0,0.2686175312607881
0,0.04056739733775516
1,0.48463124356755727
1,0.7984772140746744
0,0.057797065264499056
1,0.4463817908499577
0,0.06440707752030508
0,0.06934628949627596
0,0.5947968523762366
1,0.866402963295187
0,0.04205784095489983
0,0.04213961764846446
0,0.05126040557325057
0,0.04428890449158176
1,0.48968732046064
0,0.2771734318478035
0,0.45919483401057437
0,0.09253816493833952
0,0.051820926750467976
0,0.42400289469922553
1,0.6536716562662426
1,0.5739223036769258
0,0.06438133405805087
0,0.03778225130766772
0,0.0638906579334758
0,0.5751838067655665
1,0.3399752588301983
0,0.041714636858989795
0,0.1308215344690644
0,0.045499712570893955
1,0.8650551106684591
0,0.0438720201902459
1,0.5429247562485197
0,0.6745177578161629
0,0.04090676586856666
0,0.04241991127368213
0,0.040849607247635686
0,0.06292171397713778
0,0.03867243952854029
0,0.13876249050091521
1,0.654665875161253
1,0.20158753810925512
0,0.11852203722136441
1,0.8592347824433896
0,0.12160211238523437
0,0.25093890041328065
1,0.5945450798708085
1,0.8351080572607603
0,0.03897203085485645
0,0.13250750578934514
0,0.2662209488030863
0,0.17391424545571915
0,0.5002932229918705
0,0.46204817914753427
0,0.05673284187670848
0,0.04155700175010081
0,0.0786519423939609
0,0.04292313827058803
0,0.055668256526286715
0,0.04196982698433993
0,0.19440344825288286
1,0.07839757147338396
0,0.03988575007709553
1,0.14206120911022738
1,0.3596017649438416
0,0.46840658139628355
0,0.05560915303247547
0,0.0511286094156887
0,0.15144213063449788
0,0.07175562359022908
0,0.14206679544389572
0,0.638661302555813
0,0.05547304355206934
0,0.07578157625830875
1,0.440157111530417
0,0.038075437490822296
1,0.24600887106566788
0,0.6695349675051566
0,0.08401467914268905
0,0.05328118636392301
0,0.044993475275614286
0,0.042098968393534913
1,0.2726748456056275
1,0.7204668465292526
0,0.04339101017064152
1,0.7100759380935692
0,0.038782049900798886
0,0.2059459392711943
0,0.07889525515546678
0,0.14033543156889094
0,0.04772571579104406
1,0.3803681147554558
0,0.041582827914692914
0,0.04758984339402805
0,0.03686448628151581
0,0.038884575636527044
0,0.03938595564811246
0,0.10293642625632718
0,0.04758460693950443
1,0.1497689589556572
1,0.8968549224583164
0,0.07211250236751568
1,0.8777360162153334
0,0.04472980517993825
0,0.040075393653767034
0,0.3463868083469787
1,0.36748835265695373
0,0.16395090762299963
0,0.053888339914659536
1,0.6131310529964267
1,0.7140967975432183
0,0.29315231452340834
0,0.15621853577300704
1,0.7807178470329317
1,0.45325119092107125
0,0.04820780326156515
0,0.06551669363764664
0,0.6270512636786175
0,0.040612339898353764
1,0.6846296154421528
0,0.055700527694298965
0,0.044319549770504243
0,0.04430655731186281
0,0.09184735517067441
1,0.501912605863568
1,0.21786309666328935
0,0.6499376321338755
0,0.04619940458110081
1,0.8975998208543845
0,0.05967011034859185
0,0.3687307367287845
0,0.33607677669594255
1,0.4474773842803975
0,0.4312269013528887
0,0.44847354243736737
0,0.05143623639029778
1,0.48672862315390253
0,0.10084687577886438
0,0.05084163696152532
0,0.04263590821898908
0,0.06103955217827293
1,0.8782526068315811
0,0.29114813851043053
0,0.05413702920377673
0,0.1521776713925098
0,0.054814820765120356
1,0.2096569968939875
1,0.36320779354315724
1,0.8992503732927608
0,0.08335734644704744
0,0.04305681972881905
0,0.13375766389508023
1,0.9077786723903291
1,0.6713939716096008
0,0.04085131548305655
0,0.16050987464141186
0,0.11999515368444699
0,0.047595626557328075
0,0.04261204428205899
0,0.13589937191348425
0,0.04186417895928503
0,0.06704516877323534
0,0.5477495900442861
1,0.06110396198717179
0,0.06833080735039529
0,0.05708927461544355
0,0.060947438154736286
0,0.47000526537232884
0,0.2755167370730671
1,0.8227230203428145
0,0.05445985317287922
1,0.12258873217123675
0,0.06998829945749667
0,0.40250060176204794
1,0.8954737299305467
1,0.0895565037306663
1,0.26706956487023026
0,0.04914514668025892
0,0.03772634533658899
1,0.6968955424568529
0,0.6767917425081084
0,0.040756049636728825
1,0.731590839286832
0,0.0488877732207361
0,0.28143722725181086
1,0.8154260160538206
0,0.0755881205483884
0,0.625461730164319
0,0.19719057458980732
1,0.7234396880184493
0,0.8274175182072597
0,0.2670359499135567
0,0.045388358961949996
1,0.09134874433928226
1,0.28610675065247904
0,0.6387602638638019
1,0.539004641270974
0,0.04489111024059594
0,0.09890936712164278
0,0.31021477472406633
0,0.21690029084529355
0,0.25928684208380254
0,0.8475228861824413
0,0.041630215926719595
0,0.0807304366567356
1,0.1740010489427707
1,0.6978615784202468
0,0.2027557758906889
1,0.8488855882432503
0,0.04026146825480015
0,0.04245510962766362
0,0.045572506154770105
0,0.05167827544568446
0,0.6071808764490789
0,0.03921664544200851
1,0.4257012803865175
0,0.8315341679858582
0,0.0484561344173163
0,0.037643636902284235
1,0.15110158141669922
0,0.6242000744272629
0,0.049760373080912836
1,0.5510284564332235
0,0.08720705301120193
1,0.07206675467265508
0,0.058009029995804665
0,0.03781727468215434
1,0.055396873112347
1,0.09153550555799554
1,0.41693971397884855
0,0.06060686629318726
0,0.04371165209095201
1,0.36846747944523023
0,0.165487513297914
1,0.572662114117435
0,0.08139071244859551
0,0.2037582548208767
0,0.03829869618018076
0,0.27867016650360876
0,0.07081025844129285
0,0.12232540100830029
0,0.0570705000826636
0,0.7415567858884486
0,0.05803425471066685
0,0.0446587676498514
1,0.20852152128403437
1,0.8903658260803042
0,0.04097461434348601
0,0.07365280446271136
0,0.3591496049073725
0,0.04773121301314294
0,0.23062397850780078
0,0.19081218637231342
0,0.06286654639417837
0,0.47640568795363697
0,0.04151682020591462
0,0.0532574310639714
0,0.11905908026970916
0,0.3361792792019722
1,0.07922251242106912
0,0.23744542507600022
0,0.10044813935394298
0,0.045208347664017566
0,0.48910323173687736
0,0.055814036788381205
0,0.06263162623805427
0,0.04218742611988918
0,0.04213636177509984
1,0.5870820031375884
0,0.11011007280922414
1,0.7062258166585799
0,0.13647959459570688
0,0.04334465271468293
0,0.0400165702666298
0,0.3696644831655337
1,0.8418512321268303
0,0.07608621110372576
0,0.37029305845959054
0,0.7165206128821144
0,0.0415130461269463
0,0.22025756037201047
0,0.5115426066483661
0,0.060128368300093
0,0.06826373787404157
0,0.04509417434486236
0,0.16222266894254853
0,0.08516121067046654
1,0.4011421392625864
0,0.7528698615833901
0,0.04721908506620377
0,0.06046945480393044
1,0.6778594818839596
1,0.7159628540358083
1,0.7374229037971536
1,0.7708951980070684
0,0.11374393295951178
0,0.04348194116555928
0,0.12767842753371486
0,0.04540116506263113
1,0.4599905343854992
0,0.37179953042039493
0,0.049355917857043206
1,0.7216528849714969
0,0.044718689668482796
0,0.2727297335315687
0,0.04413455505294738
0,0.1276800641277855
1,0.16584316845621813
0,0.040076491801052036
0,0.05114521751186891
0,0.19574613876688599
0,0.039784664271957045
0,0.040701114029161684
0,0.04735013735945774
0,0.07897213542922707
0,0.058572841687528944
1,0.7449484763491313
0,0.043184049253993724
0,0.0504841068123495
1,0.3148406758642209
0,0.039648989099406416
0,0.6769575922605198
0,0.30815579401357057
0,0.0386412744496219
1,0.8778549656751278
0,0.04719537082789155
0,0.6640811286898064
0,0.04218526499461702
0,0.4590487632385929
1,0.10250034242877253
0,0.04206470133889274
0,0.6712639326207093
0,0.08929069206813964
1,0.7423195128891428
0,0.04801602213293165
0,0.05237606210122163
1,0.26015208417286834
1,0.6444068256591846
0,0.04095986381972893
0,0.69331060810817
0,0.11138000676071375
1,0.7352249513798582
0,0.30318587431980826
0,0.07916720054669418
1,0.42331642811311937
1,0.7515158303527251
1,0.73921328455855
1,0.23429005866568461
0,0.07619869935625923
0,0.13129520813970413
0,0.05043297092781929
0,0.044110262616506114
0,0.13416340440851762
0,0.04203626457424419
0,0.06603638960891128
0,0.3231214770343168
0,0.053034509917079704
0,0.09747861364880253
0,0.04008943173904397
0,0.535011038110346
0,0.05203508365699137
0,0.043753287295396855
0,0.03986292236430035
0,0.06539860113347797
1,0.8458604543664437
0,0.040993900511929394
0,0.757160710344259
1,0.18653762177636468
0,0.04085854504855592
0,0.46647258328223795
0,0.06519548200216273
1,0.08711207850215917
1,0.6609488219332925
0,0.045628657860861545
1,0.3132788214580461
0,0.042600520325623406
0,0.041531860454792235
0,0.051219472139078154
0,0.04858237440269483
0,0.07125519557649618
0,0.704045753716075
0,0.06622351357856174
0,0.10540173900654225
1,0.8277512247218404
1,0.8972695799522099
0,0.09915921160978365
1,0.05726201450762859
0,0.2149590055066238
0,0.13363274752089674
0,0.10591497215088341
0,0.1087180069045845
1,0.7987993199633233
1,0.042160461192497695
1,0.4136706279528203
0,0.059887823932478546
0,0.1080756354521554
0,0.09128984243279549
0,0.042280616500601456
1,0.15989463697064088
0,0.10589656653857192
0,0.044381781089978575
1,0.616562863703837
1,0.038745514705604625
0,0.03895536172724836
0,0.08689300756713055
0,0.07085983363259148
0,0.09105872994893686
0,0.252509299302476
0,0.27070592813678834
0,0.05166161142951469
0,0.5810749218237893
1,0.5087610364746885
1,0.4602918919555808
1,0.2656229345925998
0,0.18467792793510482
1,0.7748686831694531
0,0.06992960916341645
0,0.1220276605223662
0,0.04172163067563596
0,0.04649236335971726
0,0.2895451280003714
0,0.048439369808919136
0,0.22530206039952072
0,0.05072770168890471
0,0.6706573699373991
0,0.053881151075062084
1,0.23678213910639215
0,0.2583241556952343
0,0.5287552035625585
1,0.7861886895290265
0,0.04054206665433698
0,0.07946428143686743
0,0.039810744652352494
0,0.492086095560294
0,0.20721387642834443
0,0.05274810678280691
0,0.04688906186873522
0,0.03946668779087579
0,0.1287950875419677
1,0.9062107958714947
0,0.04078602611470086
0,0.08463792357452238
0,0.03818714659309217
0,0.04547430912407279
1,0.48042123844291906
0,0.04005208214203662
0,0.04227152982252907
0,0.04121146059442988
1,0.1483200904398983
0,0.06584991682355386
0,0.39408702418102015
0,0.04813083865422755
0,0.047148461082026256
0,0.03873144267253639
0,0.23369131859854503
0,0.09973326980812783
0,0.04655243311323
0,0.5278057192293321
1,0.7438416487563179
0,0.04412587761107321
1,0.14782782167157552
0,0.05542035410514203
0,0.059296461436125665
1,0.7344243831999244
0,0.17716942894323934
0,0.04027250570740039
0,0.0391632419939241
0,0.040123267321266906
0,0.04888894506444625
1,0.3257023629055918
1,0.21465059741113332
0,0.04738387113224457
0,0.34230470579866257
1,0.5745864141582758
0,0.2860661847077831
1,0.22833195414408392
0,0.11213667308366748
0,0.15228177170086524
1,0.8291711005635043
0,0.05769049340336918
0,0.046220870855864654
0,0.43897609267176363
0,0.08847348674667163
0,0.07525743262762241
0,0.05491369296474013
0,0.4982111386366338
0,0.06147576301990825
0,0.3514277126868004
0,0.43364141294892267
1,0.7423658131878812
0,0.6028861820987298
0,0.05389775242622794
0,0.07282899943737182
0,0.06452938383682427
1,0.7717526242102906
0,0.1639418688872739
1,0.09950154361605279
1,0.8336664593984071
0,0.06555700230230614
0,0.12977640757473752
0,0.057938739811479636
0,0.04694906898680813
0,0.04106039066408189
1,0.715962085783773
0,0.3263012900093504
0,0.6913281778039826
0,0.37502126140737274
1,0.5142224365252804
1,0.19201970984120348
1,0.7828887403202291
0,0.2987251142234956
0,0.7455801956322294
1,0.728615045485776
0,0.15158895582226414
0,0.044536841381249255
0,0.043859118758376614
0,0.04119475855276677
0,0.04249402396022385
0,0.06199509246653166
1,0.05555608882640743
0,0.11907741391758399
0,0.06998501715042967
0,0.07333926646819612
0,0.05302553521615643
0,0.08192862832732498
1,0.7556122047542221
0,0.0507750141658964
0,0.24093169324871114
1,0.6643929307279369
1,0.36185262292516934
1,0.1984860233488287
0,0.1415960127391151
0,0.5038188072663652
0,0.14132003189634124
0,0.044505412028460596
0,0.0387694777567573
0,0.28387931502344604
0,0.049493433210066724
0,0.17745419124763148
0,0.040741697735688996
0,0.04974460051798287
0,0.17213903007125717
1,0.10921581675486752
0,0.27144046840946295
0,0.04276621263723151
0,0.09172833177466874
0,0.05621330053779957
1,0.23844390999821066
0,0.8039143670913615
0,0.04260561472775147
0,0.04689678368627048
0,0.3626575945479278
1,0.7457377762597713
0,0.31352592387988154
1,0.7164389854134008
0,0.04192562684607506
0,0.41193651178454893
1,0.495860100032884
0,0.6527306447051503
0,0.10653020881661443
1,0.5242569799937374
1,0.7555638459989303
0,0.05344923484889726
1,0.41478663585527903
0,0.12933360911667685
0,0.4875584939110043
0,0.04975514403466922
0,0.043960793115273594
1,0.5548979759293603
0,0.03996950674614966
1,0.628130017804894
1,0.396631873706295
0,0.1044091887172991
0,0.12007945304953073
0,0.05599047607966326
1,0.09018664600141853
0,0.8495928312336033
0,0.04176299274735911
0,0.044926741412695995
0,0.03888359809515116
0,0.16145716732716658
0,0.8934610216487366
0,0.29157637420151566
0,0.38722196486424837
0,0.15117320282762403
0,0.04574304634165854
0,0.1031340268472683
1,0.36078037215275993
0,0.10354395245035311
0,0.09451924079066226
1,0.8731696146831898
0,0.04489905434440757
0,0.14676515653612923
0,0.046695174252198636
0,0.20281925001818632
0,0.09990908509864006
0,0.1592799637189818
0,0.05061489620795049
0,0.04616173225050215
0,0.38316290234933587
0,0.8387828837737878
0,0.4055157496351663
0,0.045708946002450054
0,0.1030018431584377
0,0.08878265898140877
0,0.04423326714704275
1,0.08697079576586968
1,0.6500022340773206
0,0.04705498872337959
1,0.1463936917529739
0,0.04748994536192801
0,0.06665103203372802
0,0.039948325332376265
0,0.043401918583794365
0,0.042315965449078674
0,0.14722610013128073
0,0.04180603002601883
1,0.14290589140595675
1,0.7446828090921249
0,0.053238007850884124
0,0.06661041684499815
0,0.22582165006688043
0,0.06953110637895495
1,0.050204093581025684
0,0.5154058163663897
1,0.5519044560068853
0,0.04011564338650301
0,0.0913295735497941
0,0.8828737470760532
0,0.05399888700829249
1,0.7922298390409301
1,0.20317901596467325
0,0.06537902471746287
1,0.8348765295786909
1,0.6408763217153758
0,0.0493220626861769
0,0.1885844706349275
1,0.1897697726048596
0,0.03948593583909918
0,0.6071121064029598
0,0.08385381535007687
0,0.04168104218891164
0,0.4334870153027968
0,0.2217612312968766
0,0.03897374175949117
1,0.7125438921530967
0,0.05632229949696711
0,0.04411615803480366
1,0.20009621064618047
0,0.0496076953183347
0,0.041108852090042315
1,0.8419488059425652
0,0.43068201470505735
1,0.21361141532911523
0,0.5436253050633176
0,0.3011267617695111
0,0.04056148710814509
1,0.6507898111832571
0,0.06261416548806911
1,0.7190156446186778
0,0.5981642803820316
1,0.9123741677343832
0,0.13170400687542638
0,0.16724093323088626
0,0.16778762470713013
1,0.23086166303980968
1,0.2432103764570944
1,0.17454812910142925
0,0.05532193873880313
0,0.050644208157912846
0,0.04267908646085232
1,0.7152178709355177
0,0.4108012093273357
0,0.04029655086278277
0,0.0658954010682528
0,0.5106971548217708
0,0.1544565219335897
1,0.11100737958443985
0,0.3560113753536744
0,0.2825858976803153
0,0.19330009670361223
0,0.05299353859772241
0,0.14154774874942974
0,0.2786865034145409
0,0.19758411994448086
0,0.08345143172798083
0,0.08235607501467797
1,0.5743733783385375
1,0.3971007947268998
0,0.3422021440411282
1,0.8387895749814055
0,0.04576371778384333
0,0.44276624445681856
0,0.15387081770664107
0,0.6963176903086272
0,0.046093893150044224
0,0.10572075905820794
0,0.16785159106935588
0,0.10659684640464057
0,0.41983666681192267
0,0.2647672369132918
0,0.05444688355831762
0,0.043312877065453836
1,0.6458214168058912
0,0.4482774109114689
1,0.7166422731240123
0,0.0660271073400866
0,0.6311220998539722
0,0.0467100465969639
1,0.2714975367103155
0,0.23745057095898311
1,0.16492401984404728
1,0.10374100914578961
1,0.8383687553544694
0,0.8386978107350838
0,0.06884942902471532
0,0.06197093153257736
1,0.30969734879046573
0,0.24600646000569987
0,0.19330461721766445
0,0.20400820867591146
0,0.6202703260010901
0,0.271974525447446
1,0.8370524101364436
0,0.19107913984943417
1,0.9022729939999699
1,0.7102831641115146
1,0.7384798749739551
0,0.10464311359115612
0,0.04442018936891598
0,0.05820699053579088
0,0.04309858478704816
0,0.04756704508355024
0,0.2251139855514007
0,0.06643707564286791
0,0.04502105879892016
0,0.04502961743487463
0,0.8590995918425287
0,0.08232948969880916
0,0.14188896064954512
0,0.18243586565686468
0,0.040884661049194915
0,0.0575843537382967
0,0.06377712156947317
1,0.4630625948644883
1,0.43020656056652046
0,0.043927324724175244
0,0.03986766103518286
1,0.5355124955767093
1,0.6747680245287841
1,0.6950547763449066
0,0.11036270787731783
1,0.6782341688687624
0,0.05300604288396891
1,0.5312677133345509
1,0.8406735682451332
0,0.3084583214108632
0,0.10394127608646245
0,0.04565411232864803
1,0.5172506260020966
0,0.05917487468958614
0,0.10988422017699856
0,0.04284950195979779
1,0.49297001244114175
1,0.2901592143230129
0,0.040592354599113395
0,0.04903248284789593
1,0.7711001317360748
1,0.43699619147530916
1,0.4211385040960874
1,0.43138211712779734
0,0.047110394854464464
0,0.5853725427157072
1,0.06383306451548876
0,0.056655617126305034
0,0.06226684740746994
0,0.07805726957031996
0,0.4785025746109246
0,0.05514529953251662
1,0.249553411320659
0,0.15900962408838806
0,0.08048890861020343
0,0.039066470604317456
0,0.33592181248135783
0,0.03968451814709007
0,0.686416258660388
0,0.09793104350559857
0,0.102335255883628
0,0.18013344997160585
0,0.5810255926770794
0,0.1085983049291382
1,0.5401239489762967
1,0.852078356591099
0,0.30688266013804755
0,0.06421915641615311
1,0.0846707484228479
0,0.052249556319782425
0,0.056966958442852635
1,0.8330148421110438
0,0.05319384976236807
0,0.04406502189577722
0,0.042404966413939156
0,0.043094692664323996
0,0.04823881985858743
0,0.794410302152607
1,0.1495380930038564
0,0.04909369623907369
0,0.1657610992369138
0,0.04498791983809493
0,0.04021058212218963
1,0.7994448837194843
0,0.13519814032104707
1,0.7856601984357255
1,0.7836002357185763
0,0.059280213556931506
1,0.6217551499332276
1,0.770395763170186
0,0.42672259446300304
0,0.25815758170468767
1,0.5585221992017372
0,0.04757763943341937
0,0.12235731284225039
0,0.0487786340621045
1,0.3162688151549434
0,0.05625230416377629
0,0.04563418971318543
0,0.07045695949110328
1,0.8986719262395091
1,0.483876881140355
0,0.05156597123112931
0,0.5755634376414834
0,0.40574003807534975
1,0.1971213785185634
1,0.7467858875401719
0,0.7427134825440447
0,0.04981846900894023
0,0.268796107262399
0,0.04416501815381171
1,0.666297683462468
0,0.05005765299021826
0,0.07670520097410687
0,0.2068154965536797
1,0.8117268192708903
1,0.4575980717819922
0,0.07573506855309049
0,0.045721511485128846
1,0.11045666263762917
0,0.20354758525880523
0,0.03858500977239591
0,0.06981587614003064
0,0.06476416493291501
0,0.05034136415079696
0,0.30102845581255216
0,0.06860107293086519
0,0.05562362124477649
0,0.04252263667087662
0,0.49385553870474824
0,0.35731161398241135
0,0.5594345154584975
0,0.0620656561768583
0,0.32342204038256867
0,0.11192930273235564
0,0.5654643553581717
1,0.6959160111807701
1,0.8188545138746391
1,0.5138751986961898
1,0.11887681689785774
0,0.037532165577865775
0,0.14900691371328506
1,0.3158479221493146
0,0.04650277524962849
0,0.2570751634429103
0,0.50915946346882
1,0.8450904446430478
1,0.23731542442069875
0,0.041069364069655064
0,0.10624144812017759
0,0.03920873074097704
1,0.2420478281696121
0,0.7482711066927779
0,0.5155453629921792
0,0.5894224485374466
0,0.18455153945558112
0,0.04413228692394397
1,0.48903945055792036
0,0.0885470250000012
0,0.0587285762815454
0,0.30682081171336556
0,0.058329112382858525
0,0.08061637645069346
0,0.06972303558147545
0,0.14265057803343215
0,0.11306711652853105
1,0.744058040091358
1,0.3344760859014457
0,0.049405862329693746
0,0.04257830651781087
0,0.06964178600015487
1,0.49281367819053057
0,0.09081389783495089
1,0.09382414288611055
0,0.5488231142810905
0,0.06462711532431499
0,0.042202720925463545
0,0.055740158995452004
0,0.32454358683963064
0,0.22973605563349267
0,0.44603972555142185
0,0.04362990775788486
1,0.8068150990326988
0,0.3102199510686151
0,0.19681164946258753
1,0.09377924240972532
0,0.04139443986030463
0,0.689635009597467
0,0.04723697608894678
0,0.17235999437205166
0,0.05070839411952967
0,0.04187670290405631
0,0.04558848402434732
0,0.04026262851490621
1,0.04431722479665273
0,0.10704039698564745
0,0.15859515996426046
1,0.5463672975146651
1,0.4945682667817813
0,0.15640370312501356
0,0.2058296708806867
0,0.169992913606177
0,0.18011949220003545
0,0.0846341372308689
0,0.04982298916378728
0,0.09345184472887326
0,0.6615567914594689
0,0.04677571500097591
0,0.042171013766215085
0,0.04706244489825381
0,0.7419018887265522
1,0.21928128963958202
0,0.19036110006099252
1,0.27773211584868274
1,0.7891230704299601
1,0.41035778537311746
0,0.05316117368685905
1,0.8033906655270578
0,0.058013697014635414
1,0.22402441364143294
0,0.39718869018018255
1,0.4961983342255166
0,0.07069330801931238
0,0.0740829623579846
1,0.5401569804074675
0,0.33347613618929717
0,0.04511220575206317
1,0.7752724212202645
0,0.04250125571919727
0,0.12121855374273928
0,0.1618623943449632
0,0.052596422239274444
1,0.17445676517577435
0,0.16780912646949261
0,0.05444839500506409
1,0.17415494976685364
0,0.3200454075522032
0,0.05761302281558942
1,0.05365269018983198
0,0.8048487043560321
0,0.59657064494631
0,0.064944514089416
1,0.8097996000271449
0,0.054498526673476946
0,0.044452495694278234
1,0.7949483621394563
1,0.1316148662333249
0,0.09227509942623613
0,0.2276840407963414
0,0.043373882607188316
0,0.1313497908498904
0,0.038717543989917336
1,0.04102236465899419
1,0.3994623083481525
0,0.14248815395622522
0,0.0400844151324699
0,0.05780321486117024
0,0.8051797357545473
1,0.59816896585604
1,0.4089892529699021
0,0.04363921936427184
0,0.03828833765869043
0,0.0848850857041855
0,0.0470014337356516
0,0.6380307947996587
0,0.8710533324322474
0,0.09259041326179847
1,0.8290439919731324
0,0.055968930015364904
0,0.18829060706965295
1,0.27580411953443235
0,0.12480129125453945
0,0.15936682358903762
0,0.058300337840683794
0,0.05207163408219171
0,0.04719062284661715
0,0.22069074986407317
1,0.8362901811749668
0,0.0615875218404745
0,0.05628442849083867
1,0.052920467936882064
0,0.04097927882358225
1,0.6813472303697589
1,0.7568166317102117
0,0.3745875025242616
0,0.05810030742995538
1,0.44820609509198067
0,0.4873355734643783
0,0.04445189328456213
0,0.04135955492906479
0,0.0870804956985879
1,0.8630790161537124
0,0.040612409595201696
0,0.09087973139910821
0,0.04962372997825851
0,0.08044607169425648
1,0.6628138515858751
0,0.046042603021531396
0,0.09628138762298685
0,0.19036809890818784
1,0.8015508000527618
0,0.07738303788038776
0,0.04041043276486541
1,0.7723859636943688
1,0.3484878870637419
0,0.051730236976533936
1,0.8682185576082727
0,0.1001973299478793
1,0.7244690617784906
0,0.0803448783817577
0,0.07160765581979038
0,0.09458698367315788
0,0.1052107651559231
1,0.7162851738614178
0,0.6861106226873452
1,0.048344259340275156
0,0.04609470641548191
0,0.05212594264439686
1,0.6378833673868243
0,0.04193005876684606
0,0.07656410070458941
1,0.7052498004807056
0,0.32574234064598107
0,0.19688765430544108
0,0.5892481459657858
1,0.6291280389173035
1,0.2334815586187716
0,0.03732932718205296
0,0.05244305326257964
1,0.37832980275369565
0,0.049308200438947826
0,0.06707691179079124
1,0.5073243617282385
0,0.04957498218980953
0,0.2577967824867647
1,0.38912506503787403
1,0.8098461769632059
0,0.06092477004170948
0,0.05506449814647499
0,0.16148029819474302
0,0.04107028574596366
0,0.10691151278015007
1,0.48300906501326213
1,0.13411761637558495
1,0.3071709645936216
1,0.7911052403044401
0,0.04812543640884651
0,0.04040025723676667
0,0.041813707111448044
0,0.24907133931557698
1,0.06820077455407449
0,0.05228678775414341
0,0.043762775046196675
0,0.05556733825838007
0,0.06111812062577007
0,0.047830073836468846
1,0.21843875396135998
0,0.04024353497344702
0,0.2941819773761486
0,0.04450442859106733
0,0.05747956800422544
0,0.06667786873993896
0,0.06805426185472742
0,0.127337014675573
0,0.05559161955918937
1,0.2607852720904372
1,0.5296367218037997
0,0.04272610037640432
0,0.0579504424190055
0,0.049148080575900456
0,0.060643305451500734
0,0.037029465431307924
1,0.19679014991538757
0,0.04296989091501238
0,0.03979319437803484
0,0.6250575414135475
0,0.45636724866090933
0,0.24789850411837275
1,0.8526350652388847
0,0.3197650917925331
1,0.7655521663816525
0,0.599395113810047
1,0.09233272780464617
1,0.3973845121101374
0,0.056454864086733794
1,0.09675689425859473
0,0.09955169975528805
0,0.08699977780542363
0,0.06114874846641956
1,0.15044862266382422
0,0.04224948620845804
1,0.8683917135146936
0,0.049333752088220224
0,0.04031346963101695
1,0.7886853404851044
0,0.10797713414642156
0,0.0765884852998457
0,0.045809397046241325
1,0.06505535284797148
0,0.10333159578959729
0,0.039485536598367586
0,0.0379186653879701
1,0.11139539944855117
1,0.5777585099298905
1,0.8902778768489712
0,0.04982775705099849
1,0.3787857181039637
1,0.4892541893087952
0,0.1831543024820973
1,0.0484711630306435
1,0.15108331042868717
1,0.5662445462161713
0,0.043793884222088984
0,0.08540850691654917
1,0.9004785389517471
0,0.03884653922842906
0,0.059132664995938826
1,0.8325706337517668
0,0.43414596244363807
0,0.586359837089454
0,0.7707568477585639
0,0.4360625731152405
0,0.0979459330011501
0,0.040599139316058866
1,0.04409902267626159
0,0.0510151760220537
0,0.04609872863682838
0,0.04553499429886016
0,0.04654290516936918
0,0.037761159004440804
1,0.6803323572811024
0,0.04250922619685562
0,0.04640955922402131
1,0.4313964918695179
0,0.04233511739914594
1,0.5279004348843104
0,0.06555079995328301
0,0.042305914224236275
0,0.053332684490868705
1,0.8456889354344647
0,0.06903478325136031
0,0.05260258541523963
0,0.059004575318786154
0,0.406815273806728
0,0.5560407137789413
0,0.050167599625839075
1,0.6351175384982091
1,0.776178323841898
0,0.06533975793394865
0,0.04690438960292163
0,0.05379140187536719
0,0.22933883872448968
0,0.3797775981745353
0,0.12211266211568271
1,0.44167079426111294
1,0.5159177861137751
0,0.16091234663030612
1,0.22079665526198622
1,0.05468950577469022
1,0.1080829504155751
0,0.754105237551723
1,0.7928737242600176
0,0.12612094492576345
0,0.7815774366134447
1,0.20084242189185322
1,0.8949398890651591
1,0.05825703805860974
0,0.6832403715194996
1,0.7186453598126147
0,0.03996523792643268
1,0.7892549837499382
0,0.07373105568605923
0,0.06333817889366686
0,0.040436213598895175
0,0.041454379464980574
0,0.04337798615074292
1,0.26190467619412205
1,0.7776851749349516
0,0.05914959980070888
0,0.17327085085488592
0,0.061443614173464334
0,0.04357227971765879
0,0.040470007743826995
0,0.04471726811116058
1,0.7658000886695553
0,0.06001587228105383
0,0.05846444464744379
0,0.07723878439796898
1,0.1550672818332228
0,0.07149323033718305
0,0.06124053614796101
1,0.67300754054283
0,0.865536386708721
1,0.7624848398220406
0,0.09484600883372685
0,0.18001823988137036
0,0.04609865683943991
0,0.05248253703686991
1,0.645849390379213
0,0.04813958852789716
0,0.660129326953819
0,0.04669368476311338
0,0.6747111025901487
0,0.5586877731338151
0,0.5376588019692876
1,0.10465314979226759
0,0.14195528808168792
0,0.08481663709549214
1,0.3510358596155912
1,0.2051932374171763
0,0.2090372892233019
1,0.8855751088181586
0,0.6577330841257478
0,0.03894703191698156
0,0.10551429842349128
0,0.04755502226218955
0,0.08718882058007146
0,0.08286009534124614
0,0.2221276388540382
0,0.15995262017186698
0,0.041562721214794325
0,0.041987119500211396
0,0.041787268197785374
0,0.04496780730859041
1,0.8128898857038991
0,0.24961908236343291
1,0.8583184745252856
0,0.5352564019108743
0,0.06537434470717508
0,0.04867733597357551
1,0.8249695207960621
0,0.13802832500521156
0,0.06630383569093458
0,0.04670477651154179
1,0.6549989375084658
0,0.044673043075740944
0,0.5572826131065635
0,0.2656066358999023
1,0.8986866911978422
1,0.09607778709731836
0,0.04698342705408762
1,0.5969721672880504
1,0.7136824468032331
0,0.14540759230328226
1,0.48511132508677857
0,0.6909185657304989
0,0.0445111882423794
1,0.7887060368775073
0,0.699512986417481
0,0.17185960997393976
0,0.040268634457867866
0,0.18062142441177234
1,0.14608076560728114
1,0.7555189792069916
1,0.6517872977902446
0,0.49991402698913023
1,0.8126664800039858
0,0.04096469223138799
1,0.2384954049707961
0,0.06647339825911644
1,0.8797387355991735
0,0.07229066495388302
0,0.22936083565828588
0,0.04823001381731038
0,0.1560296408172749
0,0.38094875877360496
0,0.04145759601116635
0,0.05432783628671411
0,0.08428113775296378
1,0.3319195217645786
0,0.06788060001918347
0,0.11646157834820066
0,0.058097760332857566
1,0.6860952371588859
1,0.8584751795768508
1,0.5857570862078617
0,0.037636752877651454
0,0.042540965951955445
0,0.06862119249159968
0,0.10744842820926948
1,0.8695387636826256
0,0.0373238991787109
0,0.039908973877881455
1,0.6931374604664773
0,0.24068824431116595
0,0.08290211972413652
0,0.07208021392562868
1,0.7571795207614477
0,0.5875246786003715
0,0.13021678745749615
0,0.1457143605817993
0,0.3455898166493174
0,0.24949571898778106
1,0.7706770614401451
0,0.041594327602597826
0,0.15353652679611512
0,0.3390696393070229
1,0.48922265738975257
0,0.043282408895321825
0,0.04156757831768373
1,0.06934168919845428
0,0.04553328210592706
0,0.04407458374884227
0,0.10302018275460977
0,0.06784229472603116
0,0.04047293793629178
1,0.5404846458494112
1,0.16457170005935973
0,0.1787657710420493
1,0.19816441905627694
0,0.6768848718237153
0,0.7757701857511876
0,0.05269902210978639
0,0.11080205617791715
0,0.09372535389659882
0,0.06342488538497543
0,0.09282912014988413
0,0.5544439714017568
0,0.04377648183561199
0,0.39662913822344964
1,0.6937977121049815
0,0.055085492826764164
1,0.7612073021023547
0,0.14128572413275886
1,0.7555457204463243
1,0.85918739479716
1,0.4256618277850116
0,0.16773410403625122
0,0.3684942136707736
1,0.2102710485624208
0,0.18205895013125656
0,0.04969864246296948
0,0.34105014778167475
0,0.03840031915027265
1,0.5374382439318987
1,0.3030985634657696
0,0.047315234732464205
1,0.8779818584113986
1,0.6048664526231257
0,0.7205829349128785
0,0.08490270085641362
0,0.33800628364348606
0,0.047032070558284816
0,0.23143384276892134
0,0.044882995333829744
0,0.12349284125040978
0,0.06265183971953776
1,0.27501381215009957
0,0.631826784475786
0,0.04113193600533428
0,0.039557552334395056
0,0.044927251075216904
1,0.037311967027224516
0,0.23806891989494966
0,0.07079766107426966
1,0.5952284087946599
0,0.1960679065176558
0,0.05498667188152856
0,0.2930728274803299
0,0.04274907689351535
1,0.7855208658774788
0,0.042815862962229057
1,0.810732480447717
0,0.10143997249145188
0,0.05580767811308071
0,0.06816161900275833
0,0.045712193764768747
1,0.24613931569397426
1,0.1951213728479203
0,0.6496284157123936
0,0.06209110428070312
1,0.8436151293243559
0,0.04545243069518872
0,0.1434328831555977
0,0.0469353891529617
0,0.05328087168259948
0,0.048005553528979304
0,0.04408335585925255
0,0.19847703777515516
1,0.7925405602611353
0,0.4539878643792157
1,0.8011952395526278
0,0.04614649674576324
1,0.4273871707605588
0,0.09741443537700459
1,0.794835621864993
0,0.858188002778024
0,0.6878250754100098
0,0.10986164944124296
0,0.07534199397125602
1,0.10471061398843019
0,0.044101780059826234
0,0.051316751440821866
0,0.13597472296654958
1,0.6361447249008173
0,0.058815304170780375
0,0.03973239106735119
0,0.5339385052213761
0,0.0385345118699345
0,0.043277107285302346
0,0.05046500355732274
1,0.188953551592626
1,0.9052041615260515
1,0.12634550135304073
1,0.8161363715160205
0,0.22949576816968825
1,0.8368156749808051
0,0.3515396535358492
0,0.05052872114236896
0,0.20379546737625978
0,0.2872700327462162
1,0.23290627024142038
0,0.36794400632697316
0,0.09788309239892062
1,0.2847161673117614
1,0.8114333680505037
0,0.08182876318965904
0,0.17120531454396043
0,0.7977758778226868
1,0.3998271389251636
0,0.04618434022375495
0,0.03885914682288347
1,0.8578871781249298
0,0.06786878889338417
0,0.28479119546234927
0,0.049581784831076246
1,0.7763793356941757
0,0.04451951547482606
1,0.04653304773384468
0,0.04383990402509183
0,0.6686277599372172
1,0.8297930279544231
0,0.04731609840870976
0,0.07361053058923576
1,0.5265245803642628
1,0.8358501641969709
1,0.10828090870816603
1,0.6991656479273335
1,0.8649744387256599
0,0.1597498711015249
0,0.12957446840255465
0,0.13458485005018925
0,0.04241557493726624
0,0.2267120674615474
1,0.11400405307685706
0,0.04676045571642278
0,0.05591577150757857
0,0.40270694650245986
0,0.5766413140444347
0,0.17101058814161893
0,0.047594619284384826
0,0.3932161337246729
0,0.07980409454481723
0,0.04379784091367283
0,0.0443984180244744
0,0.6431514857125211
0,0.1911112782952748
1,0.7415290360525889
0,0.040643501045222276
0,0.5693816355461384
0,0.039384108564205066
0,0.03750325280973469
0,0.052536214219021354
1,0.8554684683399221
0,0.23043174081353526
0,0.040503391304955366
0,0.04197324210809205
0,0.7163656163512043
0,0.04631517585887334
0,0.19425067264513166
0,0.5908475146329949
0,0.06845688383517474
0,0.041671529805958535
1,0.7364192776600061
0,0.05163550572074381
0,0.09138432361691792
0,0.04038844518250854
0,0.04159777690852946
1,0.8348746598087329
1,0.3598911612958921
1,0.6149367690023018
0,0.6215318713609299
1,0.8327610974569006
0,0.09514980803741556
0,0.05420032856936353
0,0.056737815174475584
0,0.05508825275132637
0,0.10644065406513538
0,0.07165749452527925
0,0.06552381492028911
0,0.07463325055650841
0,0.045836371671048114
0,0.30254978994744064
0,0.2257938496361314
0,0.13680163857001246
1,0.08330289264701661
0,0.048323375636346456
0,0.038802061868006964
0,0.16262246457615376
0,0.11622147233488682
0,0.6185867113928726
0,0.04336210266411981
0,0.8212038965339374
0,0.060579115172460896
0,0.4000015649962792
0,0.05907318805420375
0,0.717201212043309
0,0.08567899265425094
0,0.14778768767136366
0,0.03916510954638022
0,0.29293147195777447
0,0.5758956888342767
0,0.3769396935429993
0,0.1679633292765941
0,0.04491951240000267
1,0.775461207372966
1,0.5697988642992561
0,0.038239135306192856
0,0.049777745792351565
0,0.03806488133513412
0,0.10310708480117428
1,0.7327802573972676
1,0.040592888037830836
1,0.6755436930107667
0,0.6505371575629048
0,0.040172022819872096
0,0.058955859400784044
1,0.28812922933608326
0,0.04148499544794722
0,0.7560330257825666
1,0.6107926383655664
0,0.26174264193788466
0,0.051856951136544545
0,0.11265478681833185
0,0.05087448489175226
1,0.6950343685032885
0,0.0478638545083788
0,0.5582697716602151
0,0.04039546270862322
1,0.2401117988835842
0,0.04179207578029694
0,0.09465577877280024
0,0.04177897192879888
1,0.8801928814915608
0,0.1972798822933654
1,0.5866345563834755
0,0.05658728454148403
0,0.05357294587074798
0,0.06609079424559272
0,0.13350849157269623
1,0.8646931498771749
0,0.42788976136078694
0,0.35753075647045607
0,0.08485210917560951
0,0.06671361352074859
0,0.039718649719532144
0,0.048445672715849535
1,0.8125722782619309
1,0.3633047466179844
1,0.2942825247581673
0,0.05813170479717541
0,0.0382301040733162
0,0.1083321719223606
0,0.24829941647043594
1,0.27564946526550776
0,0.038581732460273674
0,0.07608625486184442
0,0.4356523105896401
0,0.3140761496028089
0,0.057704884247447755
1,0.3815421754272166
1,0.07733214566523731
0,0.1253423877104553
0,0.04003182522389282
0,0.040947840009944746
0,0.041835350039545034
0,0.06794536265641889
0,0.04877194067241679
0,0.4252560607096359
1,0.23797267165871328
0,0.04541210872985175
1,0.7058959211958374
0,0.13128262146366482
0,0.33187602103425373
0,0.04156355286205888
0,0.19038581950010436
1,0.7154317606360971
0,0.06799384024379852
0,0.7794480021737684
0,0.04854222688391364
0,0.1772489843200283
0,0.06977023830247284
0,0.7174478657146
1,0.04609479220243122
0,0.7272157818276531
0,0.0469709298903379
0,0.04253997098531138
1,0.6990121257276899
0,0.12096248407690939
1,0.883883354932868
0,0.04065529352857565
0,0.37295887995966737
0,0.17347475275590035
0,0.5662407068278574
0,0.5709615303067156
1,0.22417022650573165
0,0.043374043752316446
0,0.03995715037169007
1,0.4334990789578648
0,0.0757048407114065
0,0.04587869211899323
0,0.041432673327194906
0,0.06142483935101411
1,0.7760275836675963
0,0.06259478115650322
1,0.36782634873335207
0,0.06224989708751542
0,0.2524750347021952
0,0.05079943217497934
0,0.04833314915211499
1,0.397582171487339
0,0.6360936176546286
0,0.7096139374218284
0,0.289736162886449
1,0.26957702173995574
1,0.8604119024903437
0,0.09510784780404548
1,0.7979218171240033
0,0.1394969104137162
0,0.7438032294553422
1,0.7700490490195743
1,0.7380478728231644
1,0.6712258587355985
1,0.8789557941216757
0,0.04038821524734182
0,0.2244575181006157
0,0.043391010319764584
0,0.09356770169739825
0,0.03823338611828959
0,0.19551520066504635
0,0.1529999689341886
0,0.10527796264661099
0,0.40633538519001805
0,0.04686952395080197
1,0.3287763945752936
0,0.1417934892377951
0,0.040193506951218164
0,0.04943337643237109
0,0.5610530647188802
0,0.2545478188033483
1,0.6686202576281867
0,0.7923263916665428
0,0.06372981473884434
1,0.6008547320105849
0,0.14416969393040718
1,0.279280134072556
1,0.45668589339268945
0,0.21187814143292058
0,0.04485681221164931
1,0.8387845498341644
0,0.195475268127279
0,0.05825621621759236
0,0.04975992982910191
0,0.07572108711468789
0,0.6187859653523491
0,0.2637659908627286
0,0.05349181987769644
0,0.045079945601698805
0,0.10931017736579525
0,0.048647694572807175
0,0.0585457027502859
1,0.14901885544985055
0,0.2785743106461319
1,0.4811558904678144
0,0.23871630925779722
0,0.08218033208755471
0,0.04703138963104358
0,0.040992946130804515
0,0.08204596694587674
0,0.041129438854992796
0,0.04160014470558742
0,0.03959117107351077
0,0.040001203138229205
0,0.05118663742180325
1,0.8293190863068982
1,0.47143150500906655
0,0.31655089783272083
0,0.4271973418395087
0,0.6168931001776682
0,0.04642855012205476
0,0.04185490972182893
0,0.34981468931664783
0,0.07739444081042314
0,0.04390142606234287
0,0.17766282075897302
1,0.8626942497904311
0,0.055113727701237104
0,0.03957335859554918
0,0.045753392575521315
0,0.6441839108472501
1,0.7075305876868804
0,0.058369216078743597
0,0.2079010511064345
1,0.5574317226502533
0,0.6149456810874652
1,0.6983524975097148
1,0.6162652054274151
0,0.7256340866557909
0,0.09463556432828375
1,0.5353670444018362
0,0.15553919227438295
1,0.549716767200329
0,0.045504547825638814
1,0.5564751665233785
0,0.0477287350836229
0,0.05175298527159739
0,0.22135464773717542
0,0.6598787578560187
1,0.8201702948273466
0,0.16452094363802078
1,0.5128396751479176
0,0.34759956374437884
1,0.3918401286623902
0,0.2375728826634146
1,0.7843380763077824
0,0.04142317738545594
1,0.7347814405949943
1,0.687575238461108
0,0.10321043956570526
0,0.039075446662709776
0,0.15430393204134404
1,0.26656003887933555
0,0.07895135431208666
0,0.20659799187664668
1,0.8674717833109393
1,0.7148182808923489
0,0.07861776102918135
0,0.05234368202183268
0,0.6127841078259982
0,0.04429484993782759
0,0.06402951055342589
0,0.05570230304212332
0,0.14139943530036192
1,0.14707505483982444
0,0.12579278462587967
0,0.18859455520200746
0,0.3388745055325031
0,0.03950217021251787
0,0.04672225364083936
0,0.04027009586388375
0,0.3179252068270452
0,0.5309541563328004
0,0.7503622004586935
0,0.12790119225661192
1,0.6716350065691226
0,0.04703281407913778
0,0.2016582411991677
0,0.12674923298433374
0,0.14088396995147523
0,0.5911313411893485
0,0.05504410802325076
1,0.7859570632636552
0,0.054033848222588464
0,0.04299887223148401
0,0.057545162307995834
0,0.03932348634315179
0,0.07687852980062924
0,0.657770877075811
0,0.04999426427430838
0,0.050532224432829544
1,0.8838127408738209
0,0.03928169664668939
1,0.28993243787809436
0,0.8688594603795224
0,0.050884232524045704
0,0.07588647124775977
0,0.0999586804927292
1,0.7346945991750091
1,0.6936564668605849
1,0.890439639749948
0,0.6115674594627042
0,0.38604613484349964
0,0.11829512147040443
0,0.05446539808253802
0,0.18771275625646713
0,0.413300920309877
1,0.7078108891822277
0,0.045301563028162455
0,0.3301429428357006
0,0.11718294468428143
1,0.081859592048234
0,0.044236583981788376
0,0.10702262069371882
0,0.04206751909468962
0,0.7556522697143834
0,0.3361833634723682
1,0.27406280027441277
0,0.09983421536678137
0,0.04633621955805343
0,0.04613850584009049
0,0.19042416946869878
0,0.041426511202667625
0,0.1677683390158146
1,0.10959851408639448
0,0.05501662451115158
1,0.7448955063672879
1,0.10739805353129316
0,0.3327258117882031
0,0.5601058280666974
1,0.3156010898621201
0,0.6240546246192684
1,0.4253459820092833
0,0.2246201692580842
0,0.08895097441521961
0,0.7278898199806484
0,0.04170709851758142
0,0.053537877621639536
0,0.22245682276738926
0,0.4458135016671976
0,0.08584711033812548
0,0.1775556956358938
0,0.047623380458281954
0,0.2500310849581049
1,0.6784503455307389
0,0.056132481034033864
0,0.797144797376438
0,0.05245018482626773
0,0.21036341898320438
0,0.08286887641862435
0,0.07446541679222785
1,0.7517341610304592
0,0.3406520210982635
1,0.34640811950361206
1,0.8301197921858567
0,0.047054673676999184
0,0.14082291618141993
0,0.11081942943140267
0,0.0735109999190748
1,0.6691640494159146
0,0.07924859733319883
0,0.05723269732891586
0,0.05245330700925112
0,0.3487001250501708
0,0.039251449709734404
1,0.15184217655236829
1,0.6422559171048604
1,0.045574306856660085
1,0.7398750007792185
0,0.08171718430566521
0,0.22423731340979136
0,0.04451214753662417
1,0.07934879613783817
0,0.3788995284933878
1,0.3388360653621678
0,0.06111577141708545
1,0.16403104470832786
0,0.051864159317372954
0,0.18746137948565303
0,0.04774967450790862
0,0.046711292263150454
0,0.039978264964911005
0,0.07646827427815316
0,0.5445403998136173
0,0.44129230287401566
0,0.09455783516341663
0,0.7651588482141437
1,0.7340939300324807
0,0.062208429163528395
1,0.32939274190885465
0,0.2526002752814783
1,0.45096389531561576
0,0.1711046224086293
0,0.03973220291793925
0,0.04948210971274873
0,0.5765389067234149
1,0.5828874841720295
1,0.5710798173871149
0,0.05558407387083241
1,0.3202959414821545
0,0.05326548869886059
1,0.410573552987141
0,0.04118275464285526
1,0.2622065987711215
0,0.06934949414995488
0,0.15048535462121623
1,0.06796301355014711
0,0.039566090721630934
0,0.10132462238278675
0,0.050697732389556625
0,0.08935661736084212
0,0.058744210076667316
0,0.03960470136180391
1,0.04825506593397212
0,0.05688068886429421
0,0.11453316807976271
0,0.7139255123910367
1,0.8713811758084762
0,0.04418807829755005
0,0.6929861037583904
0,0.04214461070466916
0,0.41677983021341836
0,0.2362802407911105
0,0.0465558927606163
1,0.8052709898571934
0,0.04599531039110397
1,0.8571446843285221
0,0.691323255975885
0,0.08199902804083403
0,0.2190575216549697
0,0.03954613724405643
0,0.49965872771163544
1,0.5266977344059378
1,0.3144888185335494
0,0.1943338085289182
0,0.14045302440491766
0,0.04619278077435721
1,0.7592768169549066
0,0.14031491629020698
1,0.884219359164975
0,0.04303814729954756
0,0.21326229573608002
0,0.1731747588576461
0,0.04900322377983119
1,0.8369647844732406
0,0.04772052032685313
1,0.25550116661980893
1,0.869349430690381
0,0.03824770536168374
0,0.2847695689839433
0,0.07831378013809248
1,0.7856969861169018
0,0.06538466074039305
0,0.7431323867655523
0,0.07052594540193254
1,0.7596424287141912
0,0.08515378080157766
1,0.8262251972175497
1,0.06135616690134912
1,0.5565483020079807
0,0.04180720779849208
0,0.18661250422561967
0,0.04770336156702644
1,0.8642052986689852
0,0.050608606965912885
0,0.11730819213178928
0,0.03894824682936723
1,0.05640532551312361
0,0.16118537135262023
0,0.04038230574965693
0,0.23796864935260095
0,0.2426256859702909
0,0.054488315626857395
1,0.11649424281452254
0,0.059241370323246126
0,0.49496147737222224
0,0.6190216993080307
1,0.21796232370510862
1,0.6267429294738209
1,0.6313094972640652
0,0.08792961992325951
0,0.29083047101025183
0,0.04288817955991971
0,0.04595564573143708
0,0.045517667961034604
1,0.18275951331667914
0,0.0521698739115923
0,0.12394391387985584
1,0.1543155547739474
0,0.04293269851263251
0,0.04028608954125555
0,0.10025669586629112
1,0.16567833105020985
0,0.12380722451151847
1,0.08163762528852289
1,0.8751852076203934
0,0.11685733471956221
0,0.0381103390832292
0,0.5002119475347471
0,0.0850567415142521
0,0.7052999850529583
0,0.04846321832264129
1,0.7991264945572361
0,0.051381925480503146
0,0.04983909695483266
0,0.11054010552772091
0,0.4868538213191663
0,0.32269981765880507
1,0.1786910846939659
0,0.07280698038943072
0,0.06276986881985422
0,0.1618888488233408
0,0.11848217245824677
0,0.07604762867345488
0,0.045206786855274496
1,0.4678632375331068
0,0.3109146998394587
0,0.08573511619273964
0,0.21079278863382733
1,0.625509423924631
0,0.04353113125382096
0,0.6524067688062372
0,0.3524298385181828
0,0.6099721364807875
1,0.27864386529481894
0,0.5683840283615332
0,0.10568144905246973
0,0.04887006036661768
1,0.8905065445790357
0,0.08455634613393541
0,0.052067901275510406
0,0.03974358642080206
0,0.03794472620614826
0,0.6282587549465258
0,0.11015437353476829
0,0.1351495634200667
0,0.05250741005061188
0,0.0974309695291942
0,0.07545457355059206
0,0.7667780096698755
0,0.04093710495284876
0,0.15306984312206565
1,0.22348681432156794
0,0.1658631805262019
0,0.047243926695112876
0,0.5595064934975863
0,0.04655683316104428
1,0.5276584865099904
0,0.06495500916501772
0,0.2883936095449553
0,0.04252558845740494
0,0.12050261707247592
1,0.8231639524623899
0,0.7150904574110706
0,0.12313764707491862
1,0.05041263882472774
0,0.8167471062728486
0,0.0638333253327073
0,0.05302676025909937
0,0.04998891022385719
1,0.43341835695567
0,0.15237226023908118
0,0.24183183725629848
0,0.05163888597021707
1,0.362291971068072
0,0.7611800729755639
0,0.0395746476932093
0,0.07307892323318332
0,0.050089548831498854
0,0.043569436462626086
1,0.2484581837615972
0,0.03951875334446804
1,0.7208185075612356
0,0.0400473742075217
0,0.4077103482120131
1,0.6736197105175713
0,0.22525558780349084
0,0.05203596880602711
0,0.04842184068529285
0,0.053811282396468166
0,0.04599860209214194
1,0.4274774770435061
0,0.05057627950477347
1,0.43115231509642726
0,0.0706603571413298
1,0.7489035761208526
0,0.04762038927785568
0,0.505243214247833
0,0.24249119895023066
0,0.09147345240459309
1,0.18362214680248967
0,0.055381810768724324
0,0.0392935099832139
1,0.8761175293062652
1,0.884016680019351
1,0.7488363922899506
1,0.14445352906859335
0,0.05970474501870692
0,0.04138440082148629
0,0.40385748860379067
0,0.041494958422234204
1,0.5027808626656061
0,0.04449157759196304
1,0.8535546240465709
0,0.5893994910817573
0,0.04554669012602227
0,0.5222258491454599
0,0.04583548288064671
0,0.43363191348214436
0,0.186918863083667
0,0.10085156349881745
0,0.043196799851839995
0,0.04370508864428396
0,0.07544256564927873
0,0.05776990805432456
